dataset,gsm,donor_id,library_id,compartment,disease_state,module_id,gene_symbol,feature_rows_mapped,pseudobulk_count,total_umi_included_cells
GSE153066,GSM4633740,CTL1,CTL1,NP,relatively normal,ecm_collagen_remodeling,ADAMTS4,1,67.0,19458254.0
GSE153066,GSM4633740,CTL1,CTL1,NP,relatively normal,ecm_collagen_remodeling,ADAMTS5,1,133.0,19458254.0
GSE153066,GSM4633740,CTL1,CTL1,NP,relatively normal,ecm_collagen_remodeling,COL1A1,1,237435.0,19458254.0
GSE153066,GSM4633740,CTL1,CTL1,NP,relatively normal,ecm_collagen_remodeling,COL1A2,1,148743.0,19458254.0
GSE153066,GSM4633740,CTL1,CTL1,NP,relatively normal,ecm_collagen_remodeling,COL3A1,1,79996.0,19458254.0
GSE153066,GSM4633740,CTL1,CTL1,NP,relatively normal,ecm_collagen_remodeling,COL5A1,1,11197.0,19458254.0
GSE153066,GSM4633740,CTL1,CTL1,NP,relatively normal,ecm_collagen_remodeling,COL5A2,1,12572.0,19458254.0
GSE153066,GSM4633740,CTL1,CTL1,NP,relatively normal,ecm_collagen_remodeling,COL6A1,1,27414.0,19458254.0
GSE153066,GSM4633740,CTL1,CTL1,NP,relatively normal,ecm_collagen_remodeling,COL6A2,1,14989.0,19458254.0
GSE153066,GSM4633740,CTL1,CTL1,NP,relatively normal,ecm_collagen_remodeling,COL6A3,1,20361.0,19458254.0
GSE153066,GSM4633740,CTL1,CTL1,NP,relatively normal,ecm_collagen_remodeling,DCN,1,16190.0,19458254.0
GSE153066,GSM4633740,CTL1,CTL1,NP,relatively normal,ecm_collagen_remodeling,FN1,1,48271.0,19458254.0
GSE153066,GSM4633740,CTL1,CTL1,NP,relatively normal,ecm_collagen_remodeling,LOX,1,3475.0,19458254.0
GSE153066,GSM4633740,CTL1,CTL1,NP,relatively normal,ecm_collagen_remodeling,LOXL2,1,5892.0,19458254.0
GSE153066,GSM4633740,CTL1,CTL1,NP,relatively normal,ecm_collagen_remodeling,LUM,1,5737.0,19458254.0
GSE153066,GSM4633740,CTL1,CTL1,NP,relatively normal,ecm_collagen_remodeling,MMP2,1,4007.0,19458254.0
GSE153066,GSM4633740,CTL1,CTL1,NP,relatively normal,ecm_collagen_remodeling,MMP3,1,1148.0,19458254.0
GSE153066,GSM4633740,CTL1,CTL1,NP,relatively normal,ecm_collagen_remodeling,MMP9,1,3309.0,19458254.0
GSE153066,GSM4633740,CTL1,CTL1,NP,relatively normal,ecm_collagen_remodeling,MMP13,1,732.0,19458254.0
GSE153066,GSM4633740,CTL1,CTL1,NP,relatively normal,ecm_collagen_remodeling,POSTN,1,6468.0,19458254.0
GSE153066,GSM4633740,CTL1,CTL1,NP,relatively normal,ecm_collagen_remodeling,SPARC,1,65177.0,19458254.0
GSE153066,GSM4633740,CTL1,CTL1,NP,relatively normal,ecm_collagen_remodeling,TIMP1,1,12074.0,19458254.0
GSE153066,GSM4633740,CTL1,CTL1,NP,relatively normal,ecm_collagen_remodeling,TIMP2,1,3083.0,19458254.0
GSE153066,GSM4633740,CTL1,CTL1,NP,relatively normal,ecm_collagen_remodeling,TNC,1,2850.0,19458254.0
GSE153066,GSM4633740,CTL1,CTL1,NP,relatively normal,inflammatory_nfkb,CCL2,1,1600.0,19458254.0
GSE153066,GSM4633740,CTL1,CTL1,NP,relatively normal,inflammatory_nfkb,CCL5,1,1607.0,19458254.0
GSE153066,GSM4633740,CTL1,CTL1,NP,relatively normal,inflammatory_nfkb,CXCL8,1,32258.0,19458254.0
GSE153066,GSM4633740,CTL1,CTL1,NP,relatively normal,inflammatory_nfkb,FOS,1,12878.0,19458254.0
GSE153066,GSM4633740,CTL1,CTL1,NP,relatively normal,inflammatory_nfkb,IKBKB,1,254.0,19458254.0
GSE153066,GSM4633740,CTL1,CTL1,NP,relatively normal,inflammatory_nfkb,IKBKG,1,5.0,19458254.0
GSE153066,GSM4633740,CTL1,CTL1,NP,relatively normal,inflammatory_nfkb,IL1B,1,14144.0,19458254.0
GSE153066,GSM4633740,CTL1,CTL1,NP,relatively normal,inflammatory_nfkb,IL6,1,180.0,19458254.0
GSE153066,GSM4633740,CTL1,CTL1,NP,relatively normal,inflammatory_nfkb,JUN,1,6524.0,19458254.0
GSE153066,GSM4633740,CTL1,CTL1,NP,relatively normal,inflammatory_nfkb,NFKB1,1,1232.0,19458254.0
GSE153066,GSM4633740,CTL1,CTL1,NP,relatively normal,inflammatory_nfkb,NFKB2,1,1032.0,19458254.0
GSE153066,GSM4633740,CTL1,CTL1,NP,relatively normal,inflammatory_nfkb,NFKBIA,1,9402.0,19458254.0
GSE153066,GSM4633740,CTL1,CTL1,NP,relatively normal,inflammatory_nfkb,NLRP3,1,613.0,19458254.0
GSE153066,GSM4633740,CTL1,CTL1,NP,relatively normal,inflammatory_nfkb,RELA,1,1219.0,19458254.0
GSE153066,GSM4633740,CTL1,CTL1,NP,relatively normal,inflammatory_nfkb,RELB,1,204.0,19458254.0
GSE153066,GSM4633740,CTL1,CTL1,NP,relatively normal,inflammatory_nfkb,STAT3,1,2089.0,19458254.0
GSE153066,GSM4633740,CTL1,CTL1,NP,relatively normal,inflammatory_nfkb,TICAM1,1,247.0,19458254.0
GSE153066,GSM4633740,CTL1,CTL1,NP,relatively normal,inflammatory_nfkb,TLR2,1,450.0,19458254.0
GSE153066,GSM4633740,CTL1,CTL1,NP,relatively normal,inflammatory_nfkb,TLR4,1,340.0,19458254.0
GSE153066,GSM4633740,CTL1,CTL1,NP,relatively normal,inflammatory_nfkb,TNF,1,1076.0,19458254.0
GSE153066,GSM4633740,CTL1,CTL1,NP,relatively normal,inflammatory_nfkb,TNFRSF1A,1,1145.0,19458254.0
GSE153066,GSM4633740,CTL1,CTL1,NP,relatively normal,hypoxia_oxidative_stress,BNIP3,1,2648.0,19458254.0
GSE153066,GSM4633740,CTL1,CTL1,NP,relatively normal,hypoxia_oxidative_stress,CA9,1,826.0,19458254.0
GSE153066,GSM4633740,CTL1,CTL1,NP,relatively normal,hypoxia_oxidative_stress,EGLN1,1,444.0,19458254.0
GSE153066,GSM4633740,CTL1,CTL1,NP,relatively normal,hypoxia_oxidative_stress,EPAS1,1,353.0,19458254.0
GSE153066,GSM4633740,CTL1,CTL1,NP,relatively normal,hypoxia_oxidative_stress,GCLM,1,2235.0,19458254.0
GSE153066,GSM4633740,CTL1,CTL1,NP,relatively normal,hypoxia_oxidative_stress,GPX1,1,3789.0,19458254.0
GSE153066,GSM4633740,CTL1,CTL1,NP,relatively normal,hypoxia_oxidative_stress,HIF1A,1,3311.0,19458254.0
GSE153066,GSM4633740,CTL1,CTL1,NP,relatively normal,hypoxia_oxidative_stress,HMOX1,1,13951.0,19458254.0
GSE153066,GSM4633740,CTL1,CTL1,NP,relatively normal,hypoxia_oxidative_stress,LDHA,1,21245.0,19458254.0
GSE153066,GSM4633740,CTL1,CTL1,NP,relatively normal,hypoxia_oxidative_stress,NFE2L2,1,3042.0,19458254.0
GSE153066,GSM4633740,CTL1,CTL1,NP,relatively normal,hypoxia_oxidative_stress,NQO1,1,718.0,19458254.0
GSE153066,GSM4633740,CTL1,CTL1,NP,relatively normal,hypoxia_oxidative_stress,PDK1,1,257.0,19458254.0
GSE153066,GSM4633740,CTL1,CTL1,NP,relatively normal,hypoxia_oxidative_stress,PRDX1,1,2376.0,19458254.0
GSE153066,GSM4633740,CTL1,CTL1,NP,relatively normal,hypoxia_oxidative_stress,SLC2A1,1,4411.0,19458254.0
GSE153066,GSM4633740,CTL1,CTL1,NP,relatively normal,hypoxia_oxidative_stress,SOD1,1,8966.0,19458254.0
GSE153066,GSM4633740,CTL1,CTL1,NP,relatively normal,hypoxia_oxidative_stress,SOD2,1,11562.0,19458254.0
GSE153066,GSM4633740,CTL1,CTL1,NP,relatively normal,hypoxia_oxidative_stress,TXN,1,5118.0,19458254.0
GSE153066,GSM4633740,CTL1,CTL1,NP,relatively normal,hypoxia_oxidative_stress,VEGFA,1,2242.0,19458254.0
GSE153066,GSM4633740,CTL1,CTL1,NP,relatively normal,disc_matrix_homeostasis,ACAN,1,856.0,19458254.0
GSE153066,GSM4633740,CTL1,CTL1,NP,relatively normal,disc_matrix_homeostasis,B3GAT1,1,18.0,19458254.0
GSE153066,GSM4633740,CTL1,CTL1,NP,relatively normal,disc_matrix_homeostasis,BGN,1,10179.0,19458254.0
GSE153066,GSM4633740,CTL1,CTL1,NP,relatively normal,disc_matrix_homeostasis,CILP,1,12.0,19458254.0
GSE153066,GSM4633740,CTL1,CTL1,NP,relatively normal,disc_matrix_homeostasis,COL2A1,1,204.0,19458254.0
GSE153066,GSM4633740,CTL1,CTL1,NP,relatively normal,disc_matrix_homeostasis,COL9A1,1,1.0,19458254.0
GSE153066,GSM4633740,CTL1,CTL1,NP,relatively normal,disc_matrix_homeostasis,COL9A2,1,145.0,19458254.0
GSE153066,GSM4633740,CTL1,CTL1,NP,relatively normal,disc_matrix_homeostasis,COL9A3,1,137.0,19458254.0
GSE153066,GSM4633740,CTL1,CTL1,NP,relatively normal,disc_matrix_homeostasis,COMP,1,864.0,19458254.0
GSE153066,GSM4633740,CTL1,CTL1,NP,relatively normal,disc_matrix_homeostasis,FMOD,1,539.0,19458254.0
GSE153066,GSM4633740,CTL1,CTL1,NP,relatively normal,disc_matrix_homeostasis,HAPLN1,1,373.0,19458254.0
GSE153066,GSM4633740,CTL1,CTL1,NP,relatively normal,disc_matrix_homeostasis,HAS2,1,332.0,19458254.0
GSE153066,GSM4633740,CTL1,CTL1,NP,relatively normal,disc_matrix_homeostasis,KRT19,1,3.0,19458254.0
GSE153066,GSM4633740,CTL1,CTL1,NP,relatively normal,disc_matrix_homeostasis,MATN3,1,27.0,19458254.0
GSE153066,GSM4633740,CTL1,CTL1,NP,relatively normal,disc_matrix_homeostasis,SOX9,1,583.0,19458254.0
GSE153066,GSM4633741,CTL2,CTL2,NP,relatively normal,ecm_collagen_remodeling,ADAMTS4,1,238.0,16316398.0
GSE153066,GSM4633741,CTL2,CTL2,NP,relatively normal,ecm_collagen_remodeling,ADAMTS5,1,388.0,16316398.0
GSE153066,GSM4633741,CTL2,CTL2,NP,relatively normal,ecm_collagen_remodeling,COL1A1,1,231909.0,16316398.0
GSE153066,GSM4633741,CTL2,CTL2,NP,relatively normal,ecm_collagen_remodeling,COL1A2,1,155155.0,16316398.0
GSE153066,GSM4633741,CTL2,CTL2,NP,relatively normal,ecm_collagen_remodeling,COL3A1,1,148795.0,16316398.0
GSE153066,GSM4633741,CTL2,CTL2,NP,relatively normal,ecm_collagen_remodeling,COL5A1,1,16482.0,16316398.0
GSE153066,GSM4633741,CTL2,CTL2,NP,relatively normal,ecm_collagen_remodeling,COL5A2,1,21906.0,16316398.0
GSE153066,GSM4633741,CTL2,CTL2,NP,relatively normal,ecm_collagen_remodeling,COL6A1,1,31429.0,16316398.0
GSE153066,GSM4633741,CTL2,CTL2,NP,relatively normal,ecm_collagen_remodeling,COL6A2,1,23540.0,16316398.0
GSE153066,GSM4633741,CTL2,CTL2,NP,relatively normal,ecm_collagen_remodeling,COL6A3,1,21898.0,16316398.0
GSE153066,GSM4633741,CTL2,CTL2,NP,relatively normal,ecm_collagen_remodeling,DCN,1,167070.0,16316398.0
GSE153066,GSM4633741,CTL2,CTL2,NP,relatively normal,ecm_collagen_remodeling,FN1,1,392543.0,16316398.0
GSE153066,GSM4633741,CTL2,CTL2,NP,relatively normal,ecm_collagen_remodeling,LOX,1,3289.0,16316398.0
GSE153066,GSM4633741,CTL2,CTL2,NP,relatively normal,ecm_collagen_remodeling,LOXL2,1,5855.0,16316398.0
GSE153066,GSM4633741,CTL2,CTL2,NP,relatively normal,ecm_collagen_remodeling,LUM,1,105378.0,16316398.0
GSE153066,GSM4633741,CTL2,CTL2,NP,relatively normal,ecm_collagen_remodeling,MMP2,1,11831.0,16316398.0
GSE153066,GSM4633741,CTL2,CTL2,NP,relatively normal,ecm_collagen_remodeling,MMP3,1,10841.0,16316398.0
GSE153066,GSM4633741,CTL2,CTL2,NP,relatively normal,ecm_collagen_remodeling,MMP9,1,6201.0,16316398.0
GSE153066,GSM4633741,CTL2,CTL2,NP,relatively normal,ecm_collagen_remodeling,MMP13,1,2508.0,16316398.0
GSE153066,GSM4633741,CTL2,CTL2,NP,relatively normal,ecm_collagen_remodeling,POSTN,1,35141.0,16316398.0
GSE153066,GSM4633741,CTL2,CTL2,NP,relatively normal,ecm_collagen_remodeling,SPARC,1,135134.0,16316398.0
GSE153066,GSM4633741,CTL2,CTL2,NP,relatively normal,ecm_collagen_remodeling,TIMP1,1,22920.0,16316398.0
GSE153066,GSM4633741,CTL2,CTL2,NP,relatively normal,ecm_collagen_remodeling,TIMP2,1,25384.0,16316398.0
GSE153066,GSM4633741,CTL2,CTL2,NP,relatively normal,ecm_collagen_remodeling,TNC,1,8607.0,16316398.0
GSE153066,GSM4633741,CTL2,CTL2,NP,relatively normal,inflammatory_nfkb,CCL2,1,600.0,16316398.0
GSE153066,GSM4633741,CTL2,CTL2,NP,relatively normal,inflammatory_nfkb,CCL5,1,196.0,16316398.0
GSE153066,GSM4633741,CTL2,CTL2,NP,relatively normal,inflammatory_nfkb,CXCL8,1,42317.0,16316398.0
GSE153066,GSM4633741,CTL2,CTL2,NP,relatively normal,inflammatory_nfkb,FOS,1,11756.0,16316398.0
GSE153066,GSM4633741,CTL2,CTL2,NP,relatively normal,inflammatory_nfkb,IKBKB,1,94.0,16316398.0
GSE153066,GSM4633741,CTL2,CTL2,NP,relatively normal,inflammatory_nfkb,IKBKG,1,2.0,16316398.0
GSE153066,GSM4633741,CTL2,CTL2,NP,relatively normal,inflammatory_nfkb,IL1B,1,5006.0,16316398.0
GSE153066,GSM4633741,CTL2,CTL2,NP,relatively normal,inflammatory_nfkb,IL6,1,379.0,16316398.0
GSE153066,GSM4633741,CTL2,CTL2,NP,relatively normal,inflammatory_nfkb,JUN,1,6537.0,16316398.0
GSE153066,GSM4633741,CTL2,CTL2,NP,relatively normal,inflammatory_nfkb,NFKB1,1,1221.0,16316398.0
GSE153066,GSM4633741,CTL2,CTL2,NP,relatively normal,inflammatory_nfkb,NFKB2,1,710.0,16316398.0
GSE153066,GSM4633741,CTL2,CTL2,NP,relatively normal,inflammatory_nfkb,NFKBIA,1,12707.0,16316398.0
GSE153066,GSM4633741,CTL2,CTL2,NP,relatively normal,inflammatory_nfkb,NLRP3,1,96.0,16316398.0
GSE153066,GSM4633741,CTL2,CTL2,NP,relatively normal,inflammatory_nfkb,RELA,1,1378.0,16316398.0
GSE153066,GSM4633741,CTL2,CTL2,NP,relatively normal,inflammatory_nfkb,RELB,1,269.0,16316398.0
GSE153066,GSM4633741,CTL2,CTL2,NP,relatively normal,inflammatory_nfkb,STAT3,1,2720.0,16316398.0
GSE153066,GSM4633741,CTL2,CTL2,NP,relatively normal,inflammatory_nfkb,TICAM1,1,405.0,16316398.0
GSE153066,GSM4633741,CTL2,CTL2,NP,relatively normal,inflammatory_nfkb,TLR2,1,420.0,16316398.0
GSE153066,GSM4633741,CTL2,CTL2,NP,relatively normal,inflammatory_nfkb,TLR4,1,239.0,16316398.0
GSE153066,GSM4633741,CTL2,CTL2,NP,relatively normal,inflammatory_nfkb,TNF,1,838.0,16316398.0
GSE153066,GSM4633741,CTL2,CTL2,NP,relatively normal,inflammatory_nfkb,TNFRSF1A,1,2168.0,16316398.0
GSE153066,GSM4633741,CTL2,CTL2,NP,relatively normal,hypoxia_oxidative_stress,BNIP3,1,2634.0,16316398.0
GSE153066,GSM4633741,CTL2,CTL2,NP,relatively normal,hypoxia_oxidative_stress,CA9,1,2066.0,16316398.0
GSE153066,GSM4633741,CTL2,CTL2,NP,relatively normal,hypoxia_oxidative_stress,EGLN1,1,491.0,16316398.0
GSE153066,GSM4633741,CTL2,CTL2,NP,relatively normal,hypoxia_oxidative_stress,EPAS1,1,1213.0,16316398.0
GSE153066,GSM4633741,CTL2,CTL2,NP,relatively normal,hypoxia_oxidative_stress,GCLM,1,1670.0,16316398.0
GSE153066,GSM4633741,CTL2,CTL2,NP,relatively normal,hypoxia_oxidative_stress,GPX1,1,3280.0,16316398.0
GSE153066,GSM4633741,CTL2,CTL2,NP,relatively normal,hypoxia_oxidative_stress,HIF1A,1,3596.0,16316398.0
GSE153066,GSM4633741,CTL2,CTL2,NP,relatively normal,hypoxia_oxidative_stress,HMOX1,1,28402.0,16316398.0
GSE153066,GSM4633741,CTL2,CTL2,NP,relatively normal,hypoxia_oxidative_stress,LDHA,1,26695.0,16316398.0
GSE153066,GSM4633741,CTL2,CTL2,NP,relatively normal,hypoxia_oxidative_stress,NFE2L2,1,2747.0,16316398.0
GSE153066,GSM4633741,CTL2,CTL2,NP,relatively normal,hypoxia_oxidative_stress,NQO1,1,266.0,16316398.0
GSE153066,GSM4633741,CTL2,CTL2,NP,relatively normal,hypoxia_oxidative_stress,PDK1,1,196.0,16316398.0
GSE153066,GSM4633741,CTL2,CTL2,NP,relatively normal,hypoxia_oxidative_stress,PRDX1,1,4765.0,16316398.0
GSE153066,GSM4633741,CTL2,CTL2,NP,relatively normal,hypoxia_oxidative_stress,SLC2A1,1,1950.0,16316398.0
GSE153066,GSM4633741,CTL2,CTL2,NP,relatively normal,hypoxia_oxidative_stress,SOD1,1,8502.0,16316398.0
GSE153066,GSM4633741,CTL2,CTL2,NP,relatively normal,hypoxia_oxidative_stress,SOD2,1,14403.0,16316398.0
GSE153066,GSM4633741,CTL2,CTL2,NP,relatively normal,hypoxia_oxidative_stress,TXN,1,5258.0,16316398.0
GSE153066,GSM4633741,CTL2,CTL2,NP,relatively normal,hypoxia_oxidative_stress,VEGFA,1,7590.0,16316398.0
GSE153066,GSM4633741,CTL2,CTL2,NP,relatively normal,disc_matrix_homeostasis,ACAN,1,33861.0,16316398.0
GSE153066,GSM4633741,CTL2,CTL2,NP,relatively normal,disc_matrix_homeostasis,B3GAT1,1,3.0,16316398.0
GSE153066,GSM4633741,CTL2,CTL2,NP,relatively normal,disc_matrix_homeostasis,BGN,1,44163.0,16316398.0
GSE153066,GSM4633741,CTL2,CTL2,NP,relatively normal,disc_matrix_homeostasis,CILP,1,8445.0,16316398.0
GSE153066,GSM4633741,CTL2,CTL2,NP,relatively normal,disc_matrix_homeostasis,COL2A1,1,96000.0,16316398.0
GSE153066,GSM4633741,CTL2,CTL2,NP,relatively normal,disc_matrix_homeostasis,COL9A1,1,195.0,16316398.0
GSE153066,GSM4633741,CTL2,CTL2,NP,relatively normal,disc_matrix_homeostasis,COL9A2,1,3254.0,16316398.0
GSE153066,GSM4633741,CTL2,CTL2,NP,relatively normal,disc_matrix_homeostasis,COL9A3,1,4158.0,16316398.0
GSE153066,GSM4633741,CTL2,CTL2,NP,relatively normal,disc_matrix_homeostasis,COMP,1,117059.0,16316398.0
GSE153066,GSM4633741,CTL2,CTL2,NP,relatively normal,disc_matrix_homeostasis,FMOD,1,57914.0,16316398.0
GSE153066,GSM4633741,CTL2,CTL2,NP,relatively normal,disc_matrix_homeostasis,HAPLN1,1,11719.0,16316398.0
GSE153066,GSM4633741,CTL2,CTL2,NP,relatively normal,disc_matrix_homeostasis,HAS2,1,230.0,16316398.0
GSE153066,GSM4633741,CTL2,CTL2,NP,relatively normal,disc_matrix_homeostasis,KRT19,1,2.0,16316398.0
GSE153066,GSM4633741,CTL2,CTL2,NP,relatively normal,disc_matrix_homeostasis,MATN3,1,152.0,16316398.0
GSE153066,GSM4633741,CTL2,CTL2,NP,relatively normal,disc_matrix_homeostasis,SOX9,1,11441.0,16316398.0
GSE153066,GSM4633742,CTL3,CTL3,NP,relatively normal,ecm_collagen_remodeling,ADAMTS4,1,22.0,10884552.0
GSE153066,GSM4633742,CTL3,CTL3,NP,relatively normal,ecm_collagen_remodeling,ADAMTS5,1,87.0,10884552.0
GSE153066,GSM4633742,CTL3,CTL3,NP,relatively normal,ecm_collagen_remodeling,COL1A1,1,50378.0,10884552.0
GSE153066,GSM4633742,CTL3,CTL3,NP,relatively normal,ecm_collagen_remodeling,COL1A2,1,69141.0,10884552.0
GSE153066,GSM4633742,CTL3,CTL3,NP,relatively normal,ecm_collagen_remodeling,COL3A1,1,64552.0,10884552.0
GSE153066,GSM4633742,CTL3,CTL3,NP,relatively normal,ecm_collagen_remodeling,COL5A1,1,9832.0,10884552.0
GSE153066,GSM4633742,CTL3,CTL3,NP,relatively normal,ecm_collagen_remodeling,COL5A2,1,14444.0,10884552.0
GSE153066,GSM4633742,CTL3,CTL3,NP,relatively normal,ecm_collagen_remodeling,COL6A1,1,21363.0,10884552.0
GSE153066,GSM4633742,CTL3,CTL3,NP,relatively normal,ecm_collagen_remodeling,COL6A2,1,21063.0,10884552.0
GSE153066,GSM4633742,CTL3,CTL3,NP,relatively normal,ecm_collagen_remodeling,COL6A3,1,7696.0,10884552.0
GSE153066,GSM4633742,CTL3,CTL3,NP,relatively normal,ecm_collagen_remodeling,DCN,1,119456.0,10884552.0
GSE153066,GSM4633742,CTL3,CTL3,NP,relatively normal,ecm_collagen_remodeling,FN1,1,121167.0,10884552.0
GSE153066,GSM4633742,CTL3,CTL3,NP,relatively normal,ecm_collagen_remodeling,LOX,1,2030.0,10884552.0
GSE153066,GSM4633742,CTL3,CTL3,NP,relatively normal,ecm_collagen_remodeling,LOXL2,1,4375.0,10884552.0
GSE153066,GSM4633742,CTL3,CTL3,NP,relatively normal,ecm_collagen_remodeling,LUM,1,49715.0,10884552.0
GSE153066,GSM4633742,CTL3,CTL3,NP,relatively normal,ecm_collagen_remodeling,MMP2,1,3847.0,10884552.0
GSE153066,GSM4633742,CTL3,CTL3,NP,relatively normal,ecm_collagen_remodeling,MMP3,1,1186.0,10884552.0
GSE153066,GSM4633742,CTL3,CTL3,NP,relatively normal,ecm_collagen_remodeling,MMP9,1,405.0,10884552.0
GSE153066,GSM4633742,CTL3,CTL3,NP,relatively normal,ecm_collagen_remodeling,MMP13,1,532.0,10884552.0
GSE153066,GSM4633742,CTL3,CTL3,NP,relatively normal,ecm_collagen_remodeling,POSTN,1,10473.0,10884552.0
GSE153066,GSM4633742,CTL3,CTL3,NP,relatively normal,ecm_collagen_remodeling,SPARC,1,175519.0,10884552.0
GSE153066,GSM4633742,CTL3,CTL3,NP,relatively normal,ecm_collagen_remodeling,TIMP1,1,9149.0,10884552.0
GSE153066,GSM4633742,CTL3,CTL3,NP,relatively normal,ecm_collagen_remodeling,TIMP2,1,14018.0,10884552.0
GSE153066,GSM4633742,CTL3,CTL3,NP,relatively normal,ecm_collagen_remodeling,TNC,1,3331.0,10884552.0
GSE153066,GSM4633742,CTL3,CTL3,NP,relatively normal,inflammatory_nfkb,CCL2,1,320.0,10884552.0
GSE153066,GSM4633742,CTL3,CTL3,NP,relatively normal,inflammatory_nfkb,CCL5,1,38.0,10884552.0
GSE153066,GSM4633742,CTL3,CTL3,NP,relatively normal,inflammatory_nfkb,CXCL8,1,1441.0,10884552.0
GSE153066,GSM4633742,CTL3,CTL3,NP,relatively normal,inflammatory_nfkb,FOS,1,21727.0,10884552.0
GSE153066,GSM4633742,CTL3,CTL3,NP,relatively normal,inflammatory_nfkb,IKBKB,1,51.0,10884552.0
GSE153066,GSM4633742,CTL3,CTL3,NP,relatively normal,inflammatory_nfkb,IKBKG,1,0.0,10884552.0
GSE153066,GSM4633742,CTL3,CTL3,NP,relatively normal,inflammatory_nfkb,IL1B,1,181.0,10884552.0
GSE153066,GSM4633742,CTL3,CTL3,NP,relatively normal,inflammatory_nfkb,IL6,1,5.0,10884552.0
GSE153066,GSM4633742,CTL3,CTL3,NP,relatively normal,inflammatory_nfkb,JUN,1,21608.0,10884552.0
GSE153066,GSM4633742,CTL3,CTL3,NP,relatively normal,inflammatory_nfkb,NFKB1,1,463.0,10884552.0
GSE153066,GSM4633742,CTL3,CTL3,NP,relatively normal,inflammatory_nfkb,NFKB2,1,677.0,10884552.0
GSE153066,GSM4633742,CTL3,CTL3,NP,relatively normal,inflammatory_nfkb,NFKBIA,1,5948.0,10884552.0
GSE153066,GSM4633742,CTL3,CTL3,NP,relatively normal,inflammatory_nfkb,NLRP3,1,8.0,10884552.0
GSE153066,GSM4633742,CTL3,CTL3,NP,relatively normal,inflammatory_nfkb,RELA,1,741.0,10884552.0
GSE153066,GSM4633742,CTL3,CTL3,NP,relatively normal,inflammatory_nfkb,RELB,1,190.0,10884552.0
GSE153066,GSM4633742,CTL3,CTL3,NP,relatively normal,inflammatory_nfkb,STAT3,1,1291.0,10884552.0
GSE153066,GSM4633742,CTL3,CTL3,NP,relatively normal,inflammatory_nfkb,TICAM1,1,206.0,10884552.0
GSE153066,GSM4633742,CTL3,CTL3,NP,relatively normal,inflammatory_nfkb,TLR2,1,30.0,10884552.0
GSE153066,GSM4633742,CTL3,CTL3,NP,relatively normal,inflammatory_nfkb,TLR4,1,25.0,10884552.0
GSE153066,GSM4633742,CTL3,CTL3,NP,relatively normal,inflammatory_nfkb,TNF,1,109.0,10884552.0
GSE153066,GSM4633742,CTL3,CTL3,NP,relatively normal,inflammatory_nfkb,TNFRSF1A,1,748.0,10884552.0
GSE153066,GSM4633742,CTL3,CTL3,NP,relatively normal,hypoxia_oxidative_stress,BNIP3,1,2224.0,10884552.0
GSE153066,GSM4633742,CTL3,CTL3,NP,relatively normal,hypoxia_oxidative_stress,CA9,1,1162.0,10884552.0
GSE153066,GSM4633742,CTL3,CTL3,NP,relatively normal,hypoxia_oxidative_stress,EGLN1,1,463.0,10884552.0
GSE153066,GSM4633742,CTL3,CTL3,NP,relatively normal,hypoxia_oxidative_stress,EPAS1,1,544.0,10884552.0
GSE153066,GSM4633742,CTL3,CTL3,NP,relatively normal,hypoxia_oxidative_stress,GCLM,1,730.0,10884552.0
GSE153066,GSM4633742,CTL3,CTL3,NP,relatively normal,hypoxia_oxidative_stress,GPX1,1,1943.0,10884552.0
GSE153066,GSM4633742,CTL3,CTL3,NP,relatively normal,hypoxia_oxidative_stress,HIF1A,1,3079.0,10884552.0
GSE153066,GSM4633742,CTL3,CTL3,NP,relatively normal,hypoxia_oxidative_stress,HMOX1,1,13295.0,10884552.0
GSE153066,GSM4633742,CTL3,CTL3,NP,relatively normal,hypoxia_oxidative_stress,LDHA,1,9532.0,10884552.0
GSE153066,GSM4633742,CTL3,CTL3,NP,relatively normal,hypoxia_oxidative_stress,NFE2L2,1,1294.0,10884552.0
GSE153066,GSM4633742,CTL3,CTL3,NP,relatively normal,hypoxia_oxidative_stress,NQO1,1,130.0,10884552.0
GSE153066,GSM4633742,CTL3,CTL3,NP,relatively normal,hypoxia_oxidative_stress,PDK1,1,149.0,10884552.0
GSE153066,GSM4633742,CTL3,CTL3,NP,relatively normal,hypoxia_oxidative_stress,PRDX1,1,1414.0,10884552.0
GSE153066,GSM4633742,CTL3,CTL3,NP,relatively normal,hypoxia_oxidative_stress,SLC2A1,1,919.0,10884552.0
GSE153066,GSM4633742,CTL3,CTL3,NP,relatively normal,hypoxia_oxidative_stress,SOD1,1,5636.0,10884552.0
GSE153066,GSM4633742,CTL3,CTL3,NP,relatively normal,hypoxia_oxidative_stress,SOD2,1,2317.0,10884552.0
GSE153066,GSM4633742,CTL3,CTL3,NP,relatively normal,hypoxia_oxidative_stress,TXN,1,1918.0,10884552.0
GSE153066,GSM4633742,CTL3,CTL3,NP,relatively normal,hypoxia_oxidative_stress,VEGFA,1,1635.0,10884552.0
GSE153066,GSM4633742,CTL3,CTL3,NP,relatively normal,disc_matrix_homeostasis,ACAN,1,56926.0,10884552.0
GSE153066,GSM4633742,CTL3,CTL3,NP,relatively normal,disc_matrix_homeostasis,B3GAT1,1,0.0,10884552.0
GSE153066,GSM4633742,CTL3,CTL3,NP,relatively normal,disc_matrix_homeostasis,BGN,1,61549.0,10884552.0
GSE153066,GSM4633742,CTL3,CTL3,NP,relatively normal,disc_matrix_homeostasis,CILP,1,11805.0,10884552.0
GSE153066,GSM4633742,CTL3,CTL3,NP,relatively normal,disc_matrix_homeostasis,COL2A1,1,297983.0,10884552.0
GSE153066,GSM4633742,CTL3,CTL3,NP,relatively normal,disc_matrix_homeostasis,COL9A1,1,128.0,10884552.0
GSE153066,GSM4633742,CTL3,CTL3,NP,relatively normal,disc_matrix_homeostasis,COL9A2,1,7882.0,10884552.0
GSE153066,GSM4633742,CTL3,CTL3,NP,relatively normal,disc_matrix_homeostasis,COL9A3,1,6676.0,10884552.0
GSE153066,GSM4633742,CTL3,CTL3,NP,relatively normal,disc_matrix_homeostasis,COMP,1,106303.0,10884552.0
GSE153066,GSM4633742,CTL3,CTL3,NP,relatively normal,disc_matrix_homeostasis,FMOD,1,71183.0,10884552.0
GSE153066,GSM4633742,CTL3,CTL3,NP,relatively normal,disc_matrix_homeostasis,HAPLN1,1,13316.0,10884552.0
GSE153066,GSM4633742,CTL3,CTL3,NP,relatively normal,disc_matrix_homeostasis,HAS2,1,264.0,10884552.0
GSE153066,GSM4633742,CTL3,CTL3,NP,relatively normal,disc_matrix_homeostasis,KRT19,1,56.0,10884552.0
GSE153066,GSM4633742,CTL3,CTL3,NP,relatively normal,disc_matrix_homeostasis,MATN3,1,28.0,10884552.0
GSE153066,GSM4633742,CTL3,CTL3,NP,relatively normal,disc_matrix_homeostasis,SOX9,1,3308.0,10884552.0
GSE153066,GSM4633743,CTL4,CTL4,NP,relatively normal,ecm_collagen_remodeling,ADAMTS4,1,12.0,12203508.0
GSE153066,GSM4633743,CTL4,CTL4,NP,relatively normal,ecm_collagen_remodeling,ADAMTS5,1,69.0,12203508.0
GSE153066,GSM4633743,CTL4,CTL4,NP,relatively normal,ecm_collagen_remodeling,COL1A1,1,3247.0,12203508.0
GSE153066,GSM4633743,CTL4,CTL4,NP,relatively normal,ecm_collagen_remodeling,COL1A2,1,4965.0,12203508.0
GSE153066,GSM4633743,CTL4,CTL4,NP,relatively normal,ecm_collagen_remodeling,COL3A1,1,4930.0,12203508.0
GSE153066,GSM4633743,CTL4,CTL4,NP,relatively normal,ecm_collagen_remodeling,COL5A1,1,657.0,12203508.0
GSE153066,GSM4633743,CTL4,CTL4,NP,relatively normal,ecm_collagen_remodeling,COL5A2,1,1013.0,12203508.0
GSE153066,GSM4633743,CTL4,CTL4,NP,relatively normal,ecm_collagen_remodeling,COL6A1,1,1779.0,12203508.0
GSE153066,GSM4633743,CTL4,CTL4,NP,relatively normal,ecm_collagen_remodeling,COL6A2,1,3178.0,12203508.0
GSE153066,GSM4633743,CTL4,CTL4,NP,relatively normal,ecm_collagen_remodeling,COL6A3,1,1112.0,12203508.0
GSE153066,GSM4633743,CTL4,CTL4,NP,relatively normal,ecm_collagen_remodeling,DCN,1,344719.0,12203508.0
GSE153066,GSM4633743,CTL4,CTL4,NP,relatively normal,ecm_collagen_remodeling,FN1,1,231060.0,12203508.0
GSE153066,GSM4633743,CTL4,CTL4,NP,relatively normal,ecm_collagen_remodeling,LOX,1,662.0,12203508.0
GSE153066,GSM4633743,CTL4,CTL4,NP,relatively normal,ecm_collagen_remodeling,LOXL2,1,133.0,12203508.0
GSE153066,GSM4633743,CTL4,CTL4,NP,relatively normal,ecm_collagen_remodeling,LUM,1,41550.0,12203508.0
GSE153066,GSM4633743,CTL4,CTL4,NP,relatively normal,ecm_collagen_remodeling,MMP2,1,542.0,12203508.0
GSE153066,GSM4633743,CTL4,CTL4,NP,relatively normal,ecm_collagen_remodeling,MMP3,1,2360.0,12203508.0
GSE153066,GSM4633743,CTL4,CTL4,NP,relatively normal,ecm_collagen_remodeling,MMP9,1,1.0,12203508.0
GSE153066,GSM4633743,CTL4,CTL4,NP,relatively normal,ecm_collagen_remodeling,MMP13,1,483.0,12203508.0
GSE153066,GSM4633743,CTL4,CTL4,NP,relatively normal,ecm_collagen_remodeling,POSTN,1,1627.0,12203508.0
GSE153066,GSM4633743,CTL4,CTL4,NP,relatively normal,ecm_collagen_remodeling,SPARC,1,15982.0,12203508.0
GSE153066,GSM4633743,CTL4,CTL4,NP,relatively normal,ecm_collagen_remodeling,TIMP1,1,18057.0,12203508.0
GSE153066,GSM4633743,CTL4,CTL4,NP,relatively normal,ecm_collagen_remodeling,TIMP2,1,11389.0,12203508.0
GSE153066,GSM4633743,CTL4,CTL4,NP,relatively normal,ecm_collagen_remodeling,TNC,1,247.0,12203508.0
GSE153066,GSM4633743,CTL4,CTL4,NP,relatively normal,inflammatory_nfkb,CCL2,1,10.0,12203508.0
GSE153066,GSM4633743,CTL4,CTL4,NP,relatively normal,inflammatory_nfkb,CCL5,1,5.0,12203508.0
GSE153066,GSM4633743,CTL4,CTL4,NP,relatively normal,inflammatory_nfkb,CXCL8,1,5.0,12203508.0
GSE153066,GSM4633743,CTL4,CTL4,NP,relatively normal,inflammatory_nfkb,FOS,1,20957.0,12203508.0
GSE153066,GSM4633743,CTL4,CTL4,NP,relatively normal,inflammatory_nfkb,IKBKB,1,106.0,12203508.0
GSE153066,GSM4633743,CTL4,CTL4,NP,relatively normal,inflammatory_nfkb,IKBKG,1,4.0,12203508.0
GSE153066,GSM4633743,CTL4,CTL4,NP,relatively normal,inflammatory_nfkb,IL1B,1,0.0,12203508.0
GSE153066,GSM4633743,CTL4,CTL4,NP,relatively normal,inflammatory_nfkb,IL6,1,11.0,12203508.0
GSE153066,GSM4633743,CTL4,CTL4,NP,relatively normal,inflammatory_nfkb,JUN,1,3775.0,12203508.0
GSE153066,GSM4633743,CTL4,CTL4,NP,relatively normal,inflammatory_nfkb,NFKB1,1,209.0,12203508.0
GSE153066,GSM4633743,CTL4,CTL4,NP,relatively normal,inflammatory_nfkb,NFKB2,1,221.0,12203508.0
GSE153066,GSM4633743,CTL4,CTL4,NP,relatively normal,inflammatory_nfkb,NFKBIA,1,1956.0,12203508.0
GSE153066,GSM4633743,CTL4,CTL4,NP,relatively normal,inflammatory_nfkb,NLRP3,1,1.0,12203508.0
GSE153066,GSM4633743,CTL4,CTL4,NP,relatively normal,inflammatory_nfkb,RELA,1,780.0,12203508.0
GSE153066,GSM4633743,CTL4,CTL4,NP,relatively normal,inflammatory_nfkb,RELB,1,64.0,12203508.0
GSE153066,GSM4633743,CTL4,CTL4,NP,relatively normal,inflammatory_nfkb,STAT3,1,1489.0,12203508.0
GSE153066,GSM4633743,CTL4,CTL4,NP,relatively normal,inflammatory_nfkb,TICAM1,1,66.0,12203508.0
GSE153066,GSM4633743,CTL4,CTL4,NP,relatively normal,inflammatory_nfkb,TLR2,1,76.0,12203508.0
GSE153066,GSM4633743,CTL4,CTL4,NP,relatively normal,inflammatory_nfkb,TLR4,1,120.0,12203508.0
GSE153066,GSM4633743,CTL4,CTL4,NP,relatively normal,inflammatory_nfkb,TNF,1,13.0,12203508.0
GSE153066,GSM4633743,CTL4,CTL4,NP,relatively normal,inflammatory_nfkb,TNFRSF1A,1,2154.0,12203508.0
GSE153066,GSM4633743,CTL4,CTL4,NP,relatively normal,hypoxia_oxidative_stress,BNIP3,1,2333.0,12203508.0
GSE153066,GSM4633743,CTL4,CTL4,NP,relatively normal,hypoxia_oxidative_stress,CA9,1,148.0,12203508.0
GSE153066,GSM4633743,CTL4,CTL4,NP,relatively normal,hypoxia_oxidative_stress,EGLN1,1,401.0,12203508.0
GSE153066,GSM4633743,CTL4,CTL4,NP,relatively normal,hypoxia_oxidative_stress,EPAS1,1,282.0,12203508.0
GSE153066,GSM4633743,CTL4,CTL4,NP,relatively normal,hypoxia_oxidative_stress,GCLM,1,220.0,12203508.0
GSE153066,GSM4633743,CTL4,CTL4,NP,relatively normal,hypoxia_oxidative_stress,GPX1,1,2473.0,12203508.0
GSE153066,GSM4633743,CTL4,CTL4,NP,relatively normal,hypoxia_oxidative_stress,HIF1A,1,1998.0,12203508.0
GSE153066,GSM4633743,CTL4,CTL4,NP,relatively normal,hypoxia_oxidative_stress,HMOX1,1,1380.0,12203508.0
GSE153066,GSM4633743,CTL4,CTL4,NP,relatively normal,hypoxia_oxidative_stress,LDHA,1,16759.0,12203508.0
GSE153066,GSM4633743,CTL4,CTL4,NP,relatively normal,hypoxia_oxidative_stress,NFE2L2,1,642.0,12203508.0
GSE153066,GSM4633743,CTL4,CTL4,NP,relatively normal,hypoxia_oxidative_stress,NQO1,1,82.0,12203508.0
GSE153066,GSM4633743,CTL4,CTL4,NP,relatively normal,hypoxia_oxidative_stress,PDK1,1,158.0,12203508.0
GSE153066,GSM4633743,CTL4,CTL4,NP,relatively normal,hypoxia_oxidative_stress,PRDX1,1,1305.0,12203508.0
GSE153066,GSM4633743,CTL4,CTL4,NP,relatively normal,hypoxia_oxidative_stress,SLC2A1,1,481.0,12203508.0
GSE153066,GSM4633743,CTL4,CTL4,NP,relatively normal,hypoxia_oxidative_stress,SOD1,1,8806.0,12203508.0
GSE153066,GSM4633743,CTL4,CTL4,NP,relatively normal,hypoxia_oxidative_stress,SOD2,1,27793.0,12203508.0
GSE153066,GSM4633743,CTL4,CTL4,NP,relatively normal,hypoxia_oxidative_stress,TXN,1,3257.0,12203508.0
GSE153066,GSM4633743,CTL4,CTL4,NP,relatively normal,hypoxia_oxidative_stress,VEGFA,1,386.0,12203508.0
GSE153066,GSM4633743,CTL4,CTL4,NP,relatively normal,disc_matrix_homeostasis,ACAN,1,49964.0,12203508.0
GSE153066,GSM4633743,CTL4,CTL4,NP,relatively normal,disc_matrix_homeostasis,B3GAT1,1,0.0,12203508.0
GSE153066,GSM4633743,CTL4,CTL4,NP,relatively normal,disc_matrix_homeostasis,BGN,1,16743.0,12203508.0
GSE153066,GSM4633743,CTL4,CTL4,NP,relatively normal,disc_matrix_homeostasis,CILP,1,3711.0,12203508.0
GSE153066,GSM4633743,CTL4,CTL4,NP,relatively normal,disc_matrix_homeostasis,COL2A1,1,7265.0,12203508.0
GSE153066,GSM4633743,CTL4,CTL4,NP,relatively normal,disc_matrix_homeostasis,COL9A1,1,4.0,12203508.0
GSE153066,GSM4633743,CTL4,CTL4,NP,relatively normal,disc_matrix_homeostasis,COL9A2,1,554.0,12203508.0
GSE153066,GSM4633743,CTL4,CTL4,NP,relatively normal,disc_matrix_homeostasis,COL9A3,1,1159.0,12203508.0
GSE153066,GSM4633743,CTL4,CTL4,NP,relatively normal,disc_matrix_homeostasis,COMP,1,115809.0,12203508.0
GSE153066,GSM4633743,CTL4,CTL4,NP,relatively normal,disc_matrix_homeostasis,FMOD,1,20460.0,12203508.0
GSE153066,GSM4633743,CTL4,CTL4,NP,relatively normal,disc_matrix_homeostasis,HAPLN1,1,6111.0,12203508.0
GSE153066,GSM4633743,CTL4,CTL4,NP,relatively normal,disc_matrix_homeostasis,HAS2,1,66.0,12203508.0
GSE153066,GSM4633743,CTL4,CTL4,NP,relatively normal,disc_matrix_homeostasis,KRT19,1,1.0,12203508.0
GSE153066,GSM4633743,CTL4,CTL4,NP,relatively normal,disc_matrix_homeostasis,MATN3,1,15.0,12203508.0
GSE153066,GSM4633743,CTL4,CTL4,NP,relatively normal,disc_matrix_homeostasis,SOX9,1,2671.0,12203508.0
GSE153066,GSM4633744,CTL5,CTL5,NP,relatively normal,ecm_collagen_remodeling,ADAMTS4,1,71.0,13910474.0
GSE153066,GSM4633744,CTL5,CTL5,NP,relatively normal,ecm_collagen_remodeling,ADAMTS5,1,160.0,13910474.0
GSE153066,GSM4633744,CTL5,CTL5,NP,relatively normal,ecm_collagen_remodeling,COL1A1,1,35552.0,13910474.0
GSE153066,GSM4633744,CTL5,CTL5,NP,relatively normal,ecm_collagen_remodeling,COL1A2,1,33472.0,13910474.0
GSE153066,GSM4633744,CTL5,CTL5,NP,relatively normal,ecm_collagen_remodeling,COL3A1,1,36019.0,13910474.0
GSE153066,GSM4633744,CTL5,CTL5,NP,relatively normal,ecm_collagen_remodeling,COL5A1,1,4307.0,13910474.0
GSE153066,GSM4633744,CTL5,CTL5,NP,relatively normal,ecm_collagen_remodeling,COL5A2,1,4621.0,13910474.0
GSE153066,GSM4633744,CTL5,CTL5,NP,relatively normal,ecm_collagen_remodeling,COL6A1,1,8603.0,13910474.0
GSE153066,GSM4633744,CTL5,CTL5,NP,relatively normal,ecm_collagen_remodeling,COL6A2,1,10370.0,13910474.0
GSE153066,GSM4633744,CTL5,CTL5,NP,relatively normal,ecm_collagen_remodeling,COL6A3,1,6619.0,13910474.0
GSE153066,GSM4633744,CTL5,CTL5,NP,relatively normal,ecm_collagen_remodeling,DCN,1,256363.0,13910474.0
GSE153066,GSM4633744,CTL5,CTL5,NP,relatively normal,ecm_collagen_remodeling,FN1,1,363862.0,13910474.0
GSE153066,GSM4633744,CTL5,CTL5,NP,relatively normal,ecm_collagen_remodeling,LOX,1,2684.0,13910474.0
GSE153066,GSM4633744,CTL5,CTL5,NP,relatively normal,ecm_collagen_remodeling,LOXL2,1,1522.0,13910474.0
GSE153066,GSM4633744,CTL5,CTL5,NP,relatively normal,ecm_collagen_remodeling,LUM,1,66207.0,13910474.0
GSE153066,GSM4633744,CTL5,CTL5,NP,relatively normal,ecm_collagen_remodeling,MMP2,1,2426.0,13910474.0
GSE153066,GSM4633744,CTL5,CTL5,NP,relatively normal,ecm_collagen_remodeling,MMP3,1,10559.0,13910474.0
GSE153066,GSM4633744,CTL5,CTL5,NP,relatively normal,ecm_collagen_remodeling,MMP9,1,206.0,13910474.0
GSE153066,GSM4633744,CTL5,CTL5,NP,relatively normal,ecm_collagen_remodeling,MMP13,1,460.0,13910474.0
GSE153066,GSM4633744,CTL5,CTL5,NP,relatively normal,ecm_collagen_remodeling,POSTN,1,2483.0,13910474.0
GSE153066,GSM4633744,CTL5,CTL5,NP,relatively normal,ecm_collagen_remodeling,SPARC,1,22888.0,13910474.0
GSE153066,GSM4633744,CTL5,CTL5,NP,relatively normal,ecm_collagen_remodeling,TIMP1,1,18288.0,13910474.0
GSE153066,GSM4633744,CTL5,CTL5,NP,relatively normal,ecm_collagen_remodeling,TIMP2,1,13133.0,13910474.0
GSE153066,GSM4633744,CTL5,CTL5,NP,relatively normal,ecm_collagen_remodeling,TNC,1,2006.0,13910474.0
GSE153066,GSM4633744,CTL5,CTL5,NP,relatively normal,inflammatory_nfkb,CCL2,1,461.0,13910474.0
GSE153066,GSM4633744,CTL5,CTL5,NP,relatively normal,inflammatory_nfkb,CCL5,1,26.0,13910474.0
GSE153066,GSM4633744,CTL5,CTL5,NP,relatively normal,inflammatory_nfkb,CXCL8,1,1038.0,13910474.0
GSE153066,GSM4633744,CTL5,CTL5,NP,relatively normal,inflammatory_nfkb,FOS,1,54603.0,13910474.0
GSE153066,GSM4633744,CTL5,CTL5,NP,relatively normal,inflammatory_nfkb,IKBKB,1,90.0,13910474.0
GSE153066,GSM4633744,CTL5,CTL5,NP,relatively normal,inflammatory_nfkb,IKBKG,1,1.0,13910474.0
GSE153066,GSM4633744,CTL5,CTL5,NP,relatively normal,inflammatory_nfkb,IL1B,1,159.0,13910474.0
GSE153066,GSM4633744,CTL5,CTL5,NP,relatively normal,inflammatory_nfkb,IL6,1,207.0,13910474.0
GSE153066,GSM4633744,CTL5,CTL5,NP,relatively normal,inflammatory_nfkb,JUN,1,14897.0,13910474.0
GSE153066,GSM4633744,CTL5,CTL5,NP,relatively normal,inflammatory_nfkb,NFKB1,1,320.0,13910474.0
GSE153066,GSM4633744,CTL5,CTL5,NP,relatively normal,inflammatory_nfkb,NFKB2,1,639.0,13910474.0
GSE153066,GSM4633744,CTL5,CTL5,NP,relatively normal,inflammatory_nfkb,NFKBIA,1,17008.0,13910474.0
GSE153066,GSM4633744,CTL5,CTL5,NP,relatively normal,inflammatory_nfkb,NLRP3,1,12.0,13910474.0
GSE153066,GSM4633744,CTL5,CTL5,NP,relatively normal,inflammatory_nfkb,RELA,1,1412.0,13910474.0
GSE153066,GSM4633744,CTL5,CTL5,NP,relatively normal,inflammatory_nfkb,RELB,1,330.0,13910474.0
GSE153066,GSM4633744,CTL5,CTL5,NP,relatively normal,inflammatory_nfkb,STAT3,1,2017.0,13910474.0
GSE153066,GSM4633744,CTL5,CTL5,NP,relatively normal,inflammatory_nfkb,TICAM1,1,205.0,13910474.0
GSE153066,GSM4633744,CTL5,CTL5,NP,relatively normal,inflammatory_nfkb,TLR2,1,126.0,13910474.0
GSE153066,GSM4633744,CTL5,CTL5,NP,relatively normal,inflammatory_nfkb,TLR4,1,63.0,13910474.0
GSE153066,GSM4633744,CTL5,CTL5,NP,relatively normal,inflammatory_nfkb,TNF,1,299.0,13910474.0
GSE153066,GSM4633744,CTL5,CTL5,NP,relatively normal,inflammatory_nfkb,TNFRSF1A,1,1736.0,13910474.0
GSE153066,GSM4633744,CTL5,CTL5,NP,relatively normal,hypoxia_oxidative_stress,BNIP3,1,6811.0,13910474.0
GSE153066,GSM4633744,CTL5,CTL5,NP,relatively normal,hypoxia_oxidative_stress,CA9,1,3113.0,13910474.0
GSE153066,GSM4633744,CTL5,CTL5,NP,relatively normal,hypoxia_oxidative_stress,EGLN1,1,1184.0,13910474.0
GSE153066,GSM4633744,CTL5,CTL5,NP,relatively normal,hypoxia_oxidative_stress,EPAS1,1,781.0,13910474.0
GSE153066,GSM4633744,CTL5,CTL5,NP,relatively normal,hypoxia_oxidative_stress,GCLM,1,766.0,13910474.0
GSE153066,GSM4633744,CTL5,CTL5,NP,relatively normal,hypoxia_oxidative_stress,GPX1,1,4355.0,13910474.0
GSE153066,GSM4633744,CTL5,CTL5,NP,relatively normal,hypoxia_oxidative_stress,HIF1A,1,3698.0,13910474.0
GSE153066,GSM4633744,CTL5,CTL5,NP,relatively normal,hypoxia_oxidative_stress,HMOX1,1,23632.0,13910474.0
GSE153066,GSM4633744,CTL5,CTL5,NP,relatively normal,hypoxia_oxidative_stress,LDHA,1,24345.0,13910474.0
GSE153066,GSM4633744,CTL5,CTL5,NP,relatively normal,hypoxia_oxidative_stress,NFE2L2,1,1732.0,13910474.0
GSE153066,GSM4633744,CTL5,CTL5,NP,relatively normal,hypoxia_oxidative_stress,NQO1,1,349.0,13910474.0
GSE153066,GSM4633744,CTL5,CTL5,NP,relatively normal,hypoxia_oxidative_stress,PDK1,1,493.0,13910474.0
GSE153066,GSM4633744,CTL5,CTL5,NP,relatively normal,hypoxia_oxidative_stress,PRDX1,1,349.0,13910474.0
GSE153066,GSM4633744,CTL5,CTL5,NP,relatively normal,hypoxia_oxidative_stress,SLC2A1,1,3718.0,13910474.0
GSE153066,GSM4633744,CTL5,CTL5,NP,relatively normal,hypoxia_oxidative_stress,SOD1,1,6833.0,13910474.0
GSE153066,GSM4633744,CTL5,CTL5,NP,relatively normal,hypoxia_oxidative_stress,SOD2,1,30951.0,13910474.0
GSE153066,GSM4633744,CTL5,CTL5,NP,relatively normal,hypoxia_oxidative_stress,TXN,1,2844.0,13910474.0
GSE153066,GSM4633744,CTL5,CTL5,NP,relatively normal,hypoxia_oxidative_stress,VEGFA,1,8215.0,13910474.0
GSE153066,GSM4633744,CTL5,CTL5,NP,relatively normal,disc_matrix_homeostasis,ACAN,1,27143.0,13910474.0
GSE153066,GSM4633744,CTL5,CTL5,NP,relatively normal,disc_matrix_homeostasis,B3GAT1,1,0.0,13910474.0
GSE153066,GSM4633744,CTL5,CTL5,NP,relatively normal,disc_matrix_homeostasis,BGN,1,38570.0,13910474.0
GSE153066,GSM4633744,CTL5,CTL5,NP,relatively normal,disc_matrix_homeostasis,CILP,1,1640.0,13910474.0
GSE153066,GSM4633744,CTL5,CTL5,NP,relatively normal,disc_matrix_homeostasis,COL2A1,1,26137.0,13910474.0
GSE153066,GSM4633744,CTL5,CTL5,NP,relatively normal,disc_matrix_homeostasis,COL9A1,1,34.0,13910474.0
GSE153066,GSM4633744,CTL5,CTL5,NP,relatively normal,disc_matrix_homeostasis,COL9A2,1,652.0,13910474.0
GSE153066,GSM4633744,CTL5,CTL5,NP,relatively normal,disc_matrix_homeostasis,COL9A3,1,1366.0,13910474.0
GSE153066,GSM4633744,CTL5,CTL5,NP,relatively normal,disc_matrix_homeostasis,COMP,1,139561.0,13910474.0
GSE153066,GSM4633744,CTL5,CTL5,NP,relatively normal,disc_matrix_homeostasis,FMOD,1,22426.0,13910474.0
GSE153066,GSM4633744,CTL5,CTL5,NP,relatively normal,disc_matrix_homeostasis,HAPLN1,1,7648.0,13910474.0
GSE153066,GSM4633744,CTL5,CTL5,NP,relatively normal,disc_matrix_homeostasis,HAS2,1,229.0,13910474.0
GSE153066,GSM4633744,CTL5,CTL5,NP,relatively normal,disc_matrix_homeostasis,KRT19,1,2.0,13910474.0
GSE153066,GSM4633744,CTL5,CTL5,NP,relatively normal,disc_matrix_homeostasis,MATN3,1,12.0,13910474.0
GSE153066,GSM4633744,CTL5,CTL5,NP,relatively normal,disc_matrix_homeostasis,SOX9,1,11063.0,13910474.0
GSE153066,GSM4633745,CTL6,CTL6,NP,relatively normal,ecm_collagen_remodeling,ADAMTS4,1,0.0,6062067.0
GSE153066,GSM4633745,CTL6,CTL6,NP,relatively normal,ecm_collagen_remodeling,ADAMTS5,1,18.0,6062067.0
GSE153066,GSM4633745,CTL6,CTL6,NP,relatively normal,ecm_collagen_remodeling,COL1A1,1,1197.0,6062067.0
GSE153066,GSM4633745,CTL6,CTL6,NP,relatively normal,ecm_collagen_remodeling,COL1A2,1,10321.0,6062067.0
GSE153066,GSM4633745,CTL6,CTL6,NP,relatively normal,ecm_collagen_remodeling,COL3A1,1,9631.0,6062067.0
GSE153066,GSM4633745,CTL6,CTL6,NP,relatively normal,ecm_collagen_remodeling,COL5A1,1,1672.0,6062067.0
GSE153066,GSM4633745,CTL6,CTL6,NP,relatively normal,ecm_collagen_remodeling,COL5A2,1,3048.0,6062067.0
GSE153066,GSM4633745,CTL6,CTL6,NP,relatively normal,ecm_collagen_remodeling,COL6A1,1,4609.0,6062067.0
GSE153066,GSM4633745,CTL6,CTL6,NP,relatively normal,ecm_collagen_remodeling,COL6A2,1,5722.0,6062067.0
GSE153066,GSM4633745,CTL6,CTL6,NP,relatively normal,ecm_collagen_remodeling,COL6A3,1,949.0,6062067.0
GSE153066,GSM4633745,CTL6,CTL6,NP,relatively normal,ecm_collagen_remodeling,DCN,1,88993.0,6062067.0
GSE153066,GSM4633745,CTL6,CTL6,NP,relatively normal,ecm_collagen_remodeling,FN1,1,34747.0,6062067.0
GSE153066,GSM4633745,CTL6,CTL6,NP,relatively normal,ecm_collagen_remodeling,LOX,1,993.0,6062067.0
GSE153066,GSM4633745,CTL6,CTL6,NP,relatively normal,ecm_collagen_remodeling,LOXL2,1,528.0,6062067.0
GSE153066,GSM4633745,CTL6,CTL6,NP,relatively normal,ecm_collagen_remodeling,LUM,1,34329.0,6062067.0
GSE153066,GSM4633745,CTL6,CTL6,NP,relatively normal,ecm_collagen_remodeling,MMP2,1,148.0,6062067.0
GSE153066,GSM4633745,CTL6,CTL6,NP,relatively normal,ecm_collagen_remodeling,MMP3,1,1003.0,6062067.0
GSE153066,GSM4633745,CTL6,CTL6,NP,relatively normal,ecm_collagen_remodeling,MMP9,1,12.0,6062067.0
GSE153066,GSM4633745,CTL6,CTL6,NP,relatively normal,ecm_collagen_remodeling,MMP13,1,54.0,6062067.0
GSE153066,GSM4633745,CTL6,CTL6,NP,relatively normal,ecm_collagen_remodeling,POSTN,1,767.0,6062067.0
GSE153066,GSM4633745,CTL6,CTL6,NP,relatively normal,ecm_collagen_remodeling,SPARC,1,29429.0,6062067.0
GSE153066,GSM4633745,CTL6,CTL6,NP,relatively normal,ecm_collagen_remodeling,TIMP1,1,5278.0,6062067.0
GSE153066,GSM4633745,CTL6,CTL6,NP,relatively normal,ecm_collagen_remodeling,TIMP2,1,6763.0,6062067.0
GSE153066,GSM4633745,CTL6,CTL6,NP,relatively normal,ecm_collagen_remodeling,TNC,1,343.0,6062067.0
GSE153066,GSM4633745,CTL6,CTL6,NP,relatively normal,inflammatory_nfkb,CCL2,1,43.0,6062067.0
GSE153066,GSM4633745,CTL6,CTL6,NP,relatively normal,inflammatory_nfkb,CCL5,1,4.0,6062067.0
GSE153066,GSM4633745,CTL6,CTL6,NP,relatively normal,inflammatory_nfkb,CXCL8,1,33.0,6062067.0
GSE153066,GSM4633745,CTL6,CTL6,NP,relatively normal,inflammatory_nfkb,FOS,1,33102.0,6062067.0
GSE153066,GSM4633745,CTL6,CTL6,NP,relatively normal,inflammatory_nfkb,IKBKB,1,40.0,6062067.0
GSE153066,GSM4633745,CTL6,CTL6,NP,relatively normal,inflammatory_nfkb,IKBKG,1,0.0,6062067.0
GSE153066,GSM4633745,CTL6,CTL6,NP,relatively normal,inflammatory_nfkb,IL1B,1,1.0,6062067.0
GSE153066,GSM4633745,CTL6,CTL6,NP,relatively normal,inflammatory_nfkb,IL6,1,24.0,6062067.0
GSE153066,GSM4633745,CTL6,CTL6,NP,relatively normal,inflammatory_nfkb,JUN,1,13464.0,6062067.0
GSE153066,GSM4633745,CTL6,CTL6,NP,relatively normal,inflammatory_nfkb,NFKB1,1,189.0,6062067.0
GSE153066,GSM4633745,CTL6,CTL6,NP,relatively normal,inflammatory_nfkb,NFKB2,1,289.0,6062067.0
GSE153066,GSM4633745,CTL6,CTL6,NP,relatively normal,inflammatory_nfkb,NFKBIA,1,3927.0,6062067.0
GSE153066,GSM4633745,CTL6,CTL6,NP,relatively normal,inflammatory_nfkb,NLRP3,1,0.0,6062067.0
GSE153066,GSM4633745,CTL6,CTL6,NP,relatively normal,inflammatory_nfkb,RELA,1,327.0,6062067.0
GSE153066,GSM4633745,CTL6,CTL6,NP,relatively normal,inflammatory_nfkb,RELB,1,140.0,6062067.0
GSE153066,GSM4633745,CTL6,CTL6,NP,relatively normal,inflammatory_nfkb,STAT3,1,690.0,6062067.0
GSE153066,GSM4633745,CTL6,CTL6,NP,relatively normal,inflammatory_nfkb,TICAM1,1,53.0,6062067.0
GSE153066,GSM4633745,CTL6,CTL6,NP,relatively normal,inflammatory_nfkb,TLR2,1,1.0,6062067.0
GSE153066,GSM4633745,CTL6,CTL6,NP,relatively normal,inflammatory_nfkb,TLR4,1,9.0,6062067.0
GSE153066,GSM4633745,CTL6,CTL6,NP,relatively normal,inflammatory_nfkb,TNF,1,2.0,6062067.0
GSE153066,GSM4633745,CTL6,CTL6,NP,relatively normal,inflammatory_nfkb,TNFRSF1A,1,278.0,6062067.0
GSE153066,GSM4633745,CTL6,CTL6,NP,relatively normal,hypoxia_oxidative_stress,BNIP3,1,1917.0,6062067.0
GSE153066,GSM4633745,CTL6,CTL6,NP,relatively normal,hypoxia_oxidative_stress,CA9,1,578.0,6062067.0
GSE153066,GSM4633745,CTL6,CTL6,NP,relatively normal,hypoxia_oxidative_stress,EGLN1,1,282.0,6062067.0
GSE153066,GSM4633745,CTL6,CTL6,NP,relatively normal,hypoxia_oxidative_stress,EPAS1,1,276.0,6062067.0
GSE153066,GSM4633745,CTL6,CTL6,NP,relatively normal,hypoxia_oxidative_stress,GCLM,1,488.0,6062067.0
GSE153066,GSM4633745,CTL6,CTL6,NP,relatively normal,hypoxia_oxidative_stress,GPX1,1,912.0,6062067.0
GSE153066,GSM4633745,CTL6,CTL6,NP,relatively normal,hypoxia_oxidative_stress,HIF1A,1,1915.0,6062067.0
GSE153066,GSM4633745,CTL6,CTL6,NP,relatively normal,hypoxia_oxidative_stress,HMOX1,1,9871.0,6062067.0
GSE153066,GSM4633745,CTL6,CTL6,NP,relatively normal,hypoxia_oxidative_stress,LDHA,1,4812.0,6062067.0
GSE153066,GSM4633745,CTL6,CTL6,NP,relatively normal,hypoxia_oxidative_stress,NFE2L2,1,593.0,6062067.0
GSE153066,GSM4633745,CTL6,CTL6,NP,relatively normal,hypoxia_oxidative_stress,NQO1,1,58.0,6062067.0
GSE153066,GSM4633745,CTL6,CTL6,NP,relatively normal,hypoxia_oxidative_stress,PDK1,1,107.0,6062067.0
GSE153066,GSM4633745,CTL6,CTL6,NP,relatively normal,hypoxia_oxidative_stress,PRDX1,1,497.0,6062067.0
GSE153066,GSM4633745,CTL6,CTL6,NP,relatively normal,hypoxia_oxidative_stress,SLC2A1,1,642.0,6062067.0
GSE153066,GSM4633745,CTL6,CTL6,NP,relatively normal,hypoxia_oxidative_stress,SOD1,1,3642.0,6062067.0
GSE153066,GSM4633745,CTL6,CTL6,NP,relatively normal,hypoxia_oxidative_stress,SOD2,1,3737.0,6062067.0
GSE153066,GSM4633745,CTL6,CTL6,NP,relatively normal,hypoxia_oxidative_stress,TXN,1,926.0,6062067.0
GSE153066,GSM4633745,CTL6,CTL6,NP,relatively normal,hypoxia_oxidative_stress,VEGFA,1,1381.0,6062067.0
GSE153066,GSM4633745,CTL6,CTL6,NP,relatively normal,disc_matrix_homeostasis,ACAN,1,44665.0,6062067.0
GSE153066,GSM4633745,CTL6,CTL6,NP,relatively normal,disc_matrix_homeostasis,B3GAT1,1,0.0,6062067.0
GSE153066,GSM4633745,CTL6,CTL6,NP,relatively normal,disc_matrix_homeostasis,BGN,1,25743.0,6062067.0
GSE153066,GSM4633745,CTL6,CTL6,NP,relatively normal,disc_matrix_homeostasis,CILP,1,3762.0,6062067.0
GSE153066,GSM4633745,CTL6,CTL6,NP,relatively normal,disc_matrix_homeostasis,COL2A1,1,67757.0,6062067.0
GSE153066,GSM4633745,CTL6,CTL6,NP,relatively normal,disc_matrix_homeostasis,COL9A1,1,16.0,6062067.0
GSE153066,GSM4633745,CTL6,CTL6,NP,relatively normal,disc_matrix_homeostasis,COL9A2,1,2476.0,6062067.0
GSE153066,GSM4633745,CTL6,CTL6,NP,relatively normal,disc_matrix_homeostasis,COL9A3,1,2848.0,6062067.0
GSE153066,GSM4633745,CTL6,CTL6,NP,relatively normal,disc_matrix_homeostasis,COMP,1,54624.0,6062067.0
GSE153066,GSM4633745,CTL6,CTL6,NP,relatively normal,disc_matrix_homeostasis,FMOD,1,34248.0,6062067.0
GSE153066,GSM4633745,CTL6,CTL6,NP,relatively normal,disc_matrix_homeostasis,HAPLN1,1,5438.0,6062067.0
GSE153066,GSM4633745,CTL6,CTL6,NP,relatively normal,disc_matrix_homeostasis,HAS2,1,95.0,6062067.0
GSE153066,GSM4633745,CTL6,CTL6,NP,relatively normal,disc_matrix_homeostasis,KRT19,1,16.0,6062067.0
GSE153066,GSM4633745,CTL6,CTL6,NP,relatively normal,disc_matrix_homeostasis,MATN3,1,14.0,6062067.0
GSE153066,GSM4633745,CTL6,CTL6,NP,relatively normal,disc_matrix_homeostasis,SOX9,1,2460.0,6062067.0
GSE153066,GSM4633746,CTL7,CTL7,NP,relatively normal,ecm_collagen_remodeling,ADAMTS4,1,224.0,3843445.0
GSE153066,GSM4633746,CTL7,CTL7,NP,relatively normal,ecm_collagen_remodeling,ADAMTS5,1,161.0,3843445.0
GSE153066,GSM4633746,CTL7,CTL7,NP,relatively normal,ecm_collagen_remodeling,COL1A1,1,27327.0,3843445.0
GSE153066,GSM4633746,CTL7,CTL7,NP,relatively normal,ecm_collagen_remodeling,COL1A2,1,22213.0,3843445.0
GSE153066,GSM4633746,CTL7,CTL7,NP,relatively normal,ecm_collagen_remodeling,COL3A1,1,31150.0,3843445.0
GSE153066,GSM4633746,CTL7,CTL7,NP,relatively normal,ecm_collagen_remodeling,COL5A1,1,2046.0,3843445.0
GSE153066,GSM4633746,CTL7,CTL7,NP,relatively normal,ecm_collagen_remodeling,COL5A2,1,2652.0,3843445.0
GSE153066,GSM4633746,CTL7,CTL7,NP,relatively normal,ecm_collagen_remodeling,COL6A1,1,6105.0,3843445.0
GSE153066,GSM4633746,CTL7,CTL7,NP,relatively normal,ecm_collagen_remodeling,COL6A2,1,6266.0,3843445.0
GSE153066,GSM4633746,CTL7,CTL7,NP,relatively normal,ecm_collagen_remodeling,COL6A3,1,5345.0,3843445.0
GSE153066,GSM4633746,CTL7,CTL7,NP,relatively normal,ecm_collagen_remodeling,DCN,1,39876.0,3843445.0
GSE153066,GSM4633746,CTL7,CTL7,NP,relatively normal,ecm_collagen_remodeling,FN1,1,41000.0,3843445.0
GSE153066,GSM4633746,CTL7,CTL7,NP,relatively normal,ecm_collagen_remodeling,LOX,1,830.0,3843445.0
GSE153066,GSM4633746,CTL7,CTL7,NP,relatively normal,ecm_collagen_remodeling,LOXL2,1,602.0,3843445.0
GSE153066,GSM4633746,CTL7,CTL7,NP,relatively normal,ecm_collagen_remodeling,LUM,1,20612.0,3843445.0
GSE153066,GSM4633746,CTL7,CTL7,NP,relatively normal,ecm_collagen_remodeling,MMP2,1,2152.0,3843445.0
GSE153066,GSM4633746,CTL7,CTL7,NP,relatively normal,ecm_collagen_remodeling,MMP3,1,3394.0,3843445.0
GSE153066,GSM4633746,CTL7,CTL7,NP,relatively normal,ecm_collagen_remodeling,MMP9,1,130.0,3843445.0
GSE153066,GSM4633746,CTL7,CTL7,NP,relatively normal,ecm_collagen_remodeling,MMP13,1,1537.0,3843445.0
GSE153066,GSM4633746,CTL7,CTL7,NP,relatively normal,ecm_collagen_remodeling,POSTN,1,3114.0,3843445.0
GSE153066,GSM4633746,CTL7,CTL7,NP,relatively normal,ecm_collagen_remodeling,SPARC,1,17590.0,3843445.0
GSE153066,GSM4633746,CTL7,CTL7,NP,relatively normal,ecm_collagen_remodeling,TIMP1,1,8150.0,3843445.0
GSE153066,GSM4633746,CTL7,CTL7,NP,relatively normal,ecm_collagen_remodeling,TIMP2,1,4370.0,3843445.0
GSE153066,GSM4633746,CTL7,CTL7,NP,relatively normal,ecm_collagen_remodeling,TNC,1,1035.0,3843445.0
GSE153066,GSM4633746,CTL7,CTL7,NP,relatively normal,inflammatory_nfkb,CCL2,1,705.0,3843445.0
GSE153066,GSM4633746,CTL7,CTL7,NP,relatively normal,inflammatory_nfkb,CCL5,1,148.0,3843445.0
GSE153066,GSM4633746,CTL7,CTL7,NP,relatively normal,inflammatory_nfkb,CXCL8,1,4413.0,3843445.0
GSE153066,GSM4633746,CTL7,CTL7,NP,relatively normal,inflammatory_nfkb,FOS,1,9581.0,3843445.0
GSE153066,GSM4633746,CTL7,CTL7,NP,relatively normal,inflammatory_nfkb,IKBKB,1,31.0,3843445.0
GSE153066,GSM4633746,CTL7,CTL7,NP,relatively normal,inflammatory_nfkb,IKBKG,1,0.0,3843445.0
GSE153066,GSM4633746,CTL7,CTL7,NP,relatively normal,inflammatory_nfkb,IL1B,1,1013.0,3843445.0
GSE153066,GSM4633746,CTL7,CTL7,NP,relatively normal,inflammatory_nfkb,IL6,1,97.0,3843445.0
GSE153066,GSM4633746,CTL7,CTL7,NP,relatively normal,inflammatory_nfkb,JUN,1,4825.0,3843445.0
GSE153066,GSM4633746,CTL7,CTL7,NP,relatively normal,inflammatory_nfkb,NFKB1,1,321.0,3843445.0
GSE153066,GSM4633746,CTL7,CTL7,NP,relatively normal,inflammatory_nfkb,NFKB2,1,202.0,3843445.0
GSE153066,GSM4633746,CTL7,CTL7,NP,relatively normal,inflammatory_nfkb,NFKBIA,1,3637.0,3843445.0
GSE153066,GSM4633746,CTL7,CTL7,NP,relatively normal,inflammatory_nfkb,NLRP3,1,37.0,3843445.0
GSE153066,GSM4633746,CTL7,CTL7,NP,relatively normal,inflammatory_nfkb,RELA,1,194.0,3843445.0
GSE153066,GSM4633746,CTL7,CTL7,NP,relatively normal,inflammatory_nfkb,RELB,1,63.0,3843445.0
GSE153066,GSM4633746,CTL7,CTL7,NP,relatively normal,inflammatory_nfkb,STAT3,1,542.0,3843445.0
GSE153066,GSM4633746,CTL7,CTL7,NP,relatively normal,inflammatory_nfkb,TICAM1,1,57.0,3843445.0
GSE153066,GSM4633746,CTL7,CTL7,NP,relatively normal,inflammatory_nfkb,TLR2,1,115.0,3843445.0
GSE153066,GSM4633746,CTL7,CTL7,NP,relatively normal,inflammatory_nfkb,TLR4,1,33.0,3843445.0
GSE153066,GSM4633746,CTL7,CTL7,NP,relatively normal,inflammatory_nfkb,TNF,1,309.0,3843445.0
GSE153066,GSM4633746,CTL7,CTL7,NP,relatively normal,inflammatory_nfkb,TNFRSF1A,1,422.0,3843445.0
GSE153066,GSM4633746,CTL7,CTL7,NP,relatively normal,hypoxia_oxidative_stress,BNIP3,1,1222.0,3843445.0
GSE153066,GSM4633746,CTL7,CTL7,NP,relatively normal,hypoxia_oxidative_stress,CA9,1,182.0,3843445.0
GSE153066,GSM4633746,CTL7,CTL7,NP,relatively normal,hypoxia_oxidative_stress,EGLN1,1,182.0,3843445.0
GSE153066,GSM4633746,CTL7,CTL7,NP,relatively normal,hypoxia_oxidative_stress,EPAS1,1,273.0,3843445.0
GSE153066,GSM4633746,CTL7,CTL7,NP,relatively normal,hypoxia_oxidative_stress,GCLM,1,161.0,3843445.0
GSE153066,GSM4633746,CTL7,CTL7,NP,relatively normal,hypoxia_oxidative_stress,GPX1,1,1454.0,3843445.0
GSE153066,GSM4633746,CTL7,CTL7,NP,relatively normal,hypoxia_oxidative_stress,HIF1A,1,1282.0,3843445.0
GSE153066,GSM4633746,CTL7,CTL7,NP,relatively normal,hypoxia_oxidative_stress,HMOX1,1,4257.0,3843445.0
GSE153066,GSM4633746,CTL7,CTL7,NP,relatively normal,hypoxia_oxidative_stress,LDHA,1,3738.0,3843445.0
GSE153066,GSM4633746,CTL7,CTL7,NP,relatively normal,hypoxia_oxidative_stress,NFE2L2,1,689.0,3843445.0
GSE153066,GSM4633746,CTL7,CTL7,NP,relatively normal,hypoxia_oxidative_stress,NQO1,1,75.0,3843445.0
GSE153066,GSM4633746,CTL7,CTL7,NP,relatively normal,hypoxia_oxidative_stress,PDK1,1,54.0,3843445.0
GSE153066,GSM4633746,CTL7,CTL7,NP,relatively normal,hypoxia_oxidative_stress,PRDX1,1,154.0,3843445.0
GSE153066,GSM4633746,CTL7,CTL7,NP,relatively normal,hypoxia_oxidative_stress,SLC2A1,1,300.0,3843445.0
GSE153066,GSM4633746,CTL7,CTL7,NP,relatively normal,hypoxia_oxidative_stress,SOD1,1,2059.0,3843445.0
GSE153066,GSM4633746,CTL7,CTL7,NP,relatively normal,hypoxia_oxidative_stress,SOD2,1,5036.0,3843445.0
GSE153066,GSM4633746,CTL7,CTL7,NP,relatively normal,hypoxia_oxidative_stress,TXN,1,1310.0,3843445.0
GSE153066,GSM4633746,CTL7,CTL7,NP,relatively normal,hypoxia_oxidative_stress,VEGFA,1,445.0,3843445.0
GSE153066,GSM4633746,CTL7,CTL7,NP,relatively normal,disc_matrix_homeostasis,ACAN,1,9054.0,3843445.0
GSE153066,GSM4633746,CTL7,CTL7,NP,relatively normal,disc_matrix_homeostasis,B3GAT1,1,6.0,3843445.0
GSE153066,GSM4633746,CTL7,CTL7,NP,relatively normal,disc_matrix_homeostasis,BGN,1,9764.0,3843445.0
GSE153066,GSM4633746,CTL7,CTL7,NP,relatively normal,disc_matrix_homeostasis,CILP,1,324.0,3843445.0
GSE153066,GSM4633746,CTL7,CTL7,NP,relatively normal,disc_matrix_homeostasis,COL2A1,1,8406.0,3843445.0
GSE153066,GSM4633746,CTL7,CTL7,NP,relatively normal,disc_matrix_homeostasis,COL9A1,1,9.0,3843445.0
GSE153066,GSM4633746,CTL7,CTL7,NP,relatively normal,disc_matrix_homeostasis,COL9A2,1,605.0,3843445.0
GSE153066,GSM4633746,CTL7,CTL7,NP,relatively normal,disc_matrix_homeostasis,COL9A3,1,929.0,3843445.0
GSE153066,GSM4633746,CTL7,CTL7,NP,relatively normal,disc_matrix_homeostasis,COMP,1,17115.0,3843445.0
GSE153066,GSM4633746,CTL7,CTL7,NP,relatively normal,disc_matrix_homeostasis,FMOD,1,8873.0,3843445.0
GSE153066,GSM4633746,CTL7,CTL7,NP,relatively normal,disc_matrix_homeostasis,HAPLN1,1,2264.0,3843445.0
GSE153066,GSM4633746,CTL7,CTL7,NP,relatively normal,disc_matrix_homeostasis,HAS2,1,89.0,3843445.0
GSE153066,GSM4633746,CTL7,CTL7,NP,relatively normal,disc_matrix_homeostasis,KRT19,1,0.0,3843445.0
GSE153066,GSM4633746,CTL7,CTL7,NP,relatively normal,disc_matrix_homeostasis,MATN3,1,7.0,3843445.0
GSE153066,GSM4633746,CTL7,CTL7,NP,relatively normal,disc_matrix_homeostasis,SOX9,1,1707.0,3843445.0
GSE153066,GSM4633747,CTL8,CTL8,NP,relatively normal,ecm_collagen_remodeling,ADAMTS4,1,352.0,13487432.0
GSE153066,GSM4633747,CTL8,CTL8,NP,relatively normal,ecm_collagen_remodeling,ADAMTS5,1,203.0,13487432.0
GSE153066,GSM4633747,CTL8,CTL8,NP,relatively normal,ecm_collagen_remodeling,COL1A1,1,163813.0,13487432.0
GSE153066,GSM4633747,CTL8,CTL8,NP,relatively normal,ecm_collagen_remodeling,COL1A2,1,100415.0,13487432.0
GSE153066,GSM4633747,CTL8,CTL8,NP,relatively normal,ecm_collagen_remodeling,COL3A1,1,70954.0,13487432.0
GSE153066,GSM4633747,CTL8,CTL8,NP,relatively normal,ecm_collagen_remodeling,COL5A1,1,6812.0,13487432.0
GSE153066,GSM4633747,CTL8,CTL8,NP,relatively normal,ecm_collagen_remodeling,COL5A2,1,9270.0,13487432.0
GSE153066,GSM4633747,CTL8,CTL8,NP,relatively normal,ecm_collagen_remodeling,COL6A1,1,23096.0,13487432.0
GSE153066,GSM4633747,CTL8,CTL8,NP,relatively normal,ecm_collagen_remodeling,COL6A2,1,12077.0,13487432.0
GSE153066,GSM4633747,CTL8,CTL8,NP,relatively normal,ecm_collagen_remodeling,COL6A3,1,18826.0,13487432.0
GSE153066,GSM4633747,CTL8,CTL8,NP,relatively normal,ecm_collagen_remodeling,DCN,1,80559.0,13487432.0
GSE153066,GSM4633747,CTL8,CTL8,NP,relatively normal,ecm_collagen_remodeling,FN1,1,112944.0,13487432.0
GSE153066,GSM4633747,CTL8,CTL8,NP,relatively normal,ecm_collagen_remodeling,LOX,1,1472.0,13487432.0
GSE153066,GSM4633747,CTL8,CTL8,NP,relatively normal,ecm_collagen_remodeling,LOXL2,1,1440.0,13487432.0
GSE153066,GSM4633747,CTL8,CTL8,NP,relatively normal,ecm_collagen_remodeling,LUM,1,30762.0,13487432.0
GSE153066,GSM4633747,CTL8,CTL8,NP,relatively normal,ecm_collagen_remodeling,MMP2,1,10767.0,13487432.0
GSE153066,GSM4633747,CTL8,CTL8,NP,relatively normal,ecm_collagen_remodeling,MMP3,1,367.0,13487432.0
GSE153066,GSM4633747,CTL8,CTL8,NP,relatively normal,ecm_collagen_remodeling,MMP9,1,20963.0,13487432.0
GSE153066,GSM4633747,CTL8,CTL8,NP,relatively normal,ecm_collagen_remodeling,MMP13,1,7074.0,13487432.0
GSE153066,GSM4633747,CTL8,CTL8,NP,relatively normal,ecm_collagen_remodeling,POSTN,1,32819.0,13487432.0
GSE153066,GSM4633747,CTL8,CTL8,NP,relatively normal,ecm_collagen_remodeling,SPARC,1,49556.0,13487432.0
GSE153066,GSM4633747,CTL8,CTL8,NP,relatively normal,ecm_collagen_remodeling,TIMP1,1,15791.0,13487432.0
GSE153066,GSM4633747,CTL8,CTL8,NP,relatively normal,ecm_collagen_remodeling,TIMP2,1,14981.0,13487432.0
GSE153066,GSM4633747,CTL8,CTL8,NP,relatively normal,ecm_collagen_remodeling,TNC,1,2202.0,13487432.0
GSE153066,GSM4633747,CTL8,CTL8,NP,relatively normal,inflammatory_nfkb,CCL2,1,3371.0,13487432.0
GSE153066,GSM4633747,CTL8,CTL8,NP,relatively normal,inflammatory_nfkb,CCL5,1,229.0,13487432.0
GSE153066,GSM4633747,CTL8,CTL8,NP,relatively normal,inflammatory_nfkb,CXCL8,1,3478.0,13487432.0
GSE153066,GSM4633747,CTL8,CTL8,NP,relatively normal,inflammatory_nfkb,FOS,1,31872.0,13487432.0
GSE153066,GSM4633747,CTL8,CTL8,NP,relatively normal,inflammatory_nfkb,IKBKB,1,330.0,13487432.0
GSE153066,GSM4633747,CTL8,CTL8,NP,relatively normal,inflammatory_nfkb,IKBKG,1,2.0,13487432.0
GSE153066,GSM4633747,CTL8,CTL8,NP,relatively normal,inflammatory_nfkb,IL1B,1,866.0,13487432.0
GSE153066,GSM4633747,CTL8,CTL8,NP,relatively normal,inflammatory_nfkb,IL6,1,48.0,13487432.0
GSE153066,GSM4633747,CTL8,CTL8,NP,relatively normal,inflammatory_nfkb,JUN,1,11530.0,13487432.0
GSE153066,GSM4633747,CTL8,CTL8,NP,relatively normal,inflammatory_nfkb,NFKB1,1,497.0,13487432.0
GSE153066,GSM4633747,CTL8,CTL8,NP,relatively normal,inflammatory_nfkb,NFKB2,1,360.0,13487432.0
GSE153066,GSM4633747,CTL8,CTL8,NP,relatively normal,inflammatory_nfkb,NFKBIA,1,3470.0,13487432.0
GSE153066,GSM4633747,CTL8,CTL8,NP,relatively normal,inflammatory_nfkb,NLRP3,1,157.0,13487432.0
GSE153066,GSM4633747,CTL8,CTL8,NP,relatively normal,inflammatory_nfkb,RELA,1,864.0,13487432.0
GSE153066,GSM4633747,CTL8,CTL8,NP,relatively normal,inflammatory_nfkb,RELB,1,130.0,13487432.0
GSE153066,GSM4633747,CTL8,CTL8,NP,relatively normal,inflammatory_nfkb,STAT3,1,1404.0,13487432.0
GSE153066,GSM4633747,CTL8,CTL8,NP,relatively normal,inflammatory_nfkb,TICAM1,1,301.0,13487432.0
GSE153066,GSM4633747,CTL8,CTL8,NP,relatively normal,inflammatory_nfkb,TLR2,1,616.0,13487432.0
GSE153066,GSM4633747,CTL8,CTL8,NP,relatively normal,inflammatory_nfkb,TLR4,1,455.0,13487432.0
GSE153066,GSM4633747,CTL8,CTL8,NP,relatively normal,inflammatory_nfkb,TNF,1,491.0,13487432.0
GSE153066,GSM4633747,CTL8,CTL8,NP,relatively normal,inflammatory_nfkb,TNFRSF1A,1,1435.0,13487432.0
GSE153066,GSM4633747,CTL8,CTL8,NP,relatively normal,hypoxia_oxidative_stress,BNIP3,1,964.0,13487432.0
GSE153066,GSM4633747,CTL8,CTL8,NP,relatively normal,hypoxia_oxidative_stress,CA9,1,146.0,13487432.0
GSE153066,GSM4633747,CTL8,CTL8,NP,relatively normal,hypoxia_oxidative_stress,EGLN1,1,374.0,13487432.0
GSE153066,GSM4633747,CTL8,CTL8,NP,relatively normal,hypoxia_oxidative_stress,EPAS1,1,1201.0,13487432.0
GSE153066,GSM4633747,CTL8,CTL8,NP,relatively normal,hypoxia_oxidative_stress,GCLM,1,421.0,13487432.0
GSE153066,GSM4633747,CTL8,CTL8,NP,relatively normal,hypoxia_oxidative_stress,GPX1,1,10633.0,13487432.0
GSE153066,GSM4633747,CTL8,CTL8,NP,relatively normal,hypoxia_oxidative_stress,HIF1A,1,5216.0,13487432.0
GSE153066,GSM4633747,CTL8,CTL8,NP,relatively normal,hypoxia_oxidative_stress,HMOX1,1,16172.0,13487432.0
GSE153066,GSM4633747,CTL8,CTL8,NP,relatively normal,hypoxia_oxidative_stress,LDHA,1,10204.0,13487432.0
GSE153066,GSM4633747,CTL8,CTL8,NP,relatively normal,hypoxia_oxidative_stress,NFE2L2,1,1406.0,13487432.0
GSE153066,GSM4633747,CTL8,CTL8,NP,relatively normal,hypoxia_oxidative_stress,NQO1,1,359.0,13487432.0
GSE153066,GSM4633747,CTL8,CTL8,NP,relatively normal,hypoxia_oxidative_stress,PDK1,1,108.0,13487432.0
GSE153066,GSM4633747,CTL8,CTL8,NP,relatively normal,hypoxia_oxidative_stress,PRDX1,1,1641.0,13487432.0
GSE153066,GSM4633747,CTL8,CTL8,NP,relatively normal,hypoxia_oxidative_stress,SLC2A1,1,235.0,13487432.0
GSE153066,GSM4633747,CTL8,CTL8,NP,relatively normal,hypoxia_oxidative_stress,SOD1,1,4980.0,13487432.0
GSE153066,GSM4633747,CTL8,CTL8,NP,relatively normal,hypoxia_oxidative_stress,SOD2,1,4649.0,13487432.0
GSE153066,GSM4633747,CTL8,CTL8,NP,relatively normal,hypoxia_oxidative_stress,TXN,1,2990.0,13487432.0
GSE153066,GSM4633747,CTL8,CTL8,NP,relatively normal,hypoxia_oxidative_stress,VEGFA,1,669.0,13487432.0
GSE153066,GSM4633747,CTL8,CTL8,NP,relatively normal,disc_matrix_homeostasis,ACAN,1,7679.0,13487432.0
GSE153066,GSM4633747,CTL8,CTL8,NP,relatively normal,disc_matrix_homeostasis,B3GAT1,1,1.0,13487432.0
GSE153066,GSM4633747,CTL8,CTL8,NP,relatively normal,disc_matrix_homeostasis,BGN,1,17858.0,13487432.0
GSE153066,GSM4633747,CTL8,CTL8,NP,relatively normal,disc_matrix_homeostasis,CILP,1,906.0,13487432.0
GSE153066,GSM4633747,CTL8,CTL8,NP,relatively normal,disc_matrix_homeostasis,COL2A1,1,6669.0,13487432.0
GSE153066,GSM4633747,CTL8,CTL8,NP,relatively normal,disc_matrix_homeostasis,COL9A1,1,6.0,13487432.0
GSE153066,GSM4633747,CTL8,CTL8,NP,relatively normal,disc_matrix_homeostasis,COL9A2,1,388.0,13487432.0
GSE153066,GSM4633747,CTL8,CTL8,NP,relatively normal,disc_matrix_homeostasis,COL9A3,1,337.0,13487432.0
GSE153066,GSM4633747,CTL8,CTL8,NP,relatively normal,disc_matrix_homeostasis,COMP,1,17836.0,13487432.0
GSE153066,GSM4633747,CTL8,CTL8,NP,relatively normal,disc_matrix_homeostasis,FMOD,1,7105.0,13487432.0
GSE153066,GSM4633747,CTL8,CTL8,NP,relatively normal,disc_matrix_homeostasis,HAPLN1,1,1933.0,13487432.0
GSE153066,GSM4633747,CTL8,CTL8,NP,relatively normal,disc_matrix_homeostasis,HAS2,1,351.0,13487432.0
GSE153066,GSM4633747,CTL8,CTL8,NP,relatively normal,disc_matrix_homeostasis,KRT19,1,1.0,13487432.0
GSE153066,GSM4633747,CTL8,CTL8,NP,relatively normal,disc_matrix_homeostasis,MATN3,1,21.0,13487432.0
GSE153066,GSM4633747,CTL8,CTL8,NP,relatively normal,disc_matrix_homeostasis,SOX9,1,1259.0,13487432.0
GSE153066,GSM4633748,IDD1,IDD1,NP,degenerated,ecm_collagen_remodeling,ADAMTS4,1,0.0,2340762.0
GSE153066,GSM4633748,IDD1,IDD1,NP,degenerated,ecm_collagen_remodeling,ADAMTS5,1,3.0,2340762.0
GSE153066,GSM4633748,IDD1,IDD1,NP,degenerated,ecm_collagen_remodeling,COL1A1,1,6.0,2340762.0
GSE153066,GSM4633748,IDD1,IDD1,NP,degenerated,ecm_collagen_remodeling,COL1A2,1,2058.0,2340762.0
GSE153066,GSM4633748,IDD1,IDD1,NP,degenerated,ecm_collagen_remodeling,COL3A1,1,836.0,2340762.0
GSE153066,GSM4633748,IDD1,IDD1,NP,degenerated,ecm_collagen_remodeling,COL5A1,1,298.0,2340762.0
GSE153066,GSM4633748,IDD1,IDD1,NP,degenerated,ecm_collagen_remodeling,COL5A2,1,661.0,2340762.0
GSE153066,GSM4633748,IDD1,IDD1,NP,degenerated,ecm_collagen_remodeling,COL6A1,1,805.0,2340762.0
GSE153066,GSM4633748,IDD1,IDD1,NP,degenerated,ecm_collagen_remodeling,COL6A2,1,651.0,2340762.0
GSE153066,GSM4633748,IDD1,IDD1,NP,degenerated,ecm_collagen_remodeling,COL6A3,1,113.0,2340762.0
GSE153066,GSM4633748,IDD1,IDD1,NP,degenerated,ecm_collagen_remodeling,DCN,1,11086.0,2340762.0
GSE153066,GSM4633748,IDD1,IDD1,NP,degenerated,ecm_collagen_remodeling,FN1,1,7705.0,2340762.0
GSE153066,GSM4633748,IDD1,IDD1,NP,degenerated,ecm_collagen_remodeling,LOX,1,153.0,2340762.0
GSE153066,GSM4633748,IDD1,IDD1,NP,degenerated,ecm_collagen_remodeling,LOXL2,1,131.0,2340762.0
GSE153066,GSM4633748,IDD1,IDD1,NP,degenerated,ecm_collagen_remodeling,LUM,1,5970.0,2340762.0
GSE153066,GSM4633748,IDD1,IDD1,NP,degenerated,ecm_collagen_remodeling,MMP2,1,0.0,2340762.0
GSE153066,GSM4633748,IDD1,IDD1,NP,degenerated,ecm_collagen_remodeling,MMP3,1,643.0,2340762.0
GSE153066,GSM4633748,IDD1,IDD1,NP,degenerated,ecm_collagen_remodeling,MMP9,1,902.0,2340762.0
GSE153066,GSM4633748,IDD1,IDD1,NP,degenerated,ecm_collagen_remodeling,MMP13,1,0.0,2340762.0
GSE153066,GSM4633748,IDD1,IDD1,NP,degenerated,ecm_collagen_remodeling,POSTN,1,4.0,2340762.0
GSE153066,GSM4633748,IDD1,IDD1,NP,degenerated,ecm_collagen_remodeling,SPARC,1,11736.0,2340762.0
GSE153066,GSM4633748,IDD1,IDD1,NP,degenerated,ecm_collagen_remodeling,TIMP1,1,694.0,2340762.0
GSE153066,GSM4633748,IDD1,IDD1,NP,degenerated,ecm_collagen_remodeling,TIMP2,1,1721.0,2340762.0
GSE153066,GSM4633748,IDD1,IDD1,NP,degenerated,ecm_collagen_remodeling,TNC,1,9.0,2340762.0
GSE153066,GSM4633748,IDD1,IDD1,NP,degenerated,inflammatory_nfkb,CCL2,1,22.0,2340762.0
GSE153066,GSM4633748,IDD1,IDD1,NP,degenerated,inflammatory_nfkb,CCL5,1,58.0,2340762.0
GSE153066,GSM4633748,IDD1,IDD1,NP,degenerated,inflammatory_nfkb,CXCL8,1,21037.0,2340762.0
GSE153066,GSM4633748,IDD1,IDD1,NP,degenerated,inflammatory_nfkb,FOS,1,2305.0,2340762.0
GSE153066,GSM4633748,IDD1,IDD1,NP,degenerated,inflammatory_nfkb,IKBKB,1,63.0,2340762.0
GSE153066,GSM4633748,IDD1,IDD1,NP,degenerated,inflammatory_nfkb,IKBKG,1,12.0,2340762.0
GSE153066,GSM4633748,IDD1,IDD1,NP,degenerated,inflammatory_nfkb,IL1B,1,9157.0,2340762.0
GSE153066,GSM4633748,IDD1,IDD1,NP,degenerated,inflammatory_nfkb,IL6,1,29.0,2340762.0
GSE153066,GSM4633748,IDD1,IDD1,NP,degenerated,inflammatory_nfkb,JUN,1,1558.0,2340762.0
GSE153066,GSM4633748,IDD1,IDD1,NP,degenerated,inflammatory_nfkb,NFKB1,1,446.0,2340762.0
GSE153066,GSM4633748,IDD1,IDD1,NP,degenerated,inflammatory_nfkb,NFKB2,1,410.0,2340762.0
GSE153066,GSM4633748,IDD1,IDD1,NP,degenerated,inflammatory_nfkb,NFKBIA,1,3907.0,2340762.0
GSE153066,GSM4633748,IDD1,IDD1,NP,degenerated,inflammatory_nfkb,NLRP3,1,95.0,2340762.0
GSE153066,GSM4633748,IDD1,IDD1,NP,degenerated,inflammatory_nfkb,RELA,1,333.0,2340762.0
GSE153066,GSM4633748,IDD1,IDD1,NP,degenerated,inflammatory_nfkb,RELB,1,75.0,2340762.0
GSE153066,GSM4633748,IDD1,IDD1,NP,degenerated,inflammatory_nfkb,STAT3,1,464.0,2340762.0
GSE153066,GSM4633748,IDD1,IDD1,NP,degenerated,inflammatory_nfkb,TICAM1,1,133.0,2340762.0
GSE153066,GSM4633748,IDD1,IDD1,NP,degenerated,inflammatory_nfkb,TLR2,1,82.0,2340762.0
GSE153066,GSM4633748,IDD1,IDD1,NP,degenerated,inflammatory_nfkb,TLR4,1,37.0,2340762.0
GSE153066,GSM4633748,IDD1,IDD1,NP,degenerated,inflammatory_nfkb,TNF,1,332.0,2340762.0
GSE153066,GSM4633748,IDD1,IDD1,NP,degenerated,inflammatory_nfkb,TNFRSF1A,1,111.0,2340762.0
GSE153066,GSM4633748,IDD1,IDD1,NP,degenerated,hypoxia_oxidative_stress,BNIP3,1,520.0,2340762.0
GSE153066,GSM4633748,IDD1,IDD1,NP,degenerated,hypoxia_oxidative_stress,CA9,1,82.0,2340762.0
GSE153066,GSM4633748,IDD1,IDD1,NP,degenerated,hypoxia_oxidative_stress,EGLN1,1,111.0,2340762.0
GSE153066,GSM4633748,IDD1,IDD1,NP,degenerated,hypoxia_oxidative_stress,EPAS1,1,35.0,2340762.0
GSE153066,GSM4633748,IDD1,IDD1,NP,degenerated,hypoxia_oxidative_stress,GCLM,1,261.0,2340762.0
GSE153066,GSM4633748,IDD1,IDD1,NP,degenerated,hypoxia_oxidative_stress,GPX1,1,216.0,2340762.0
GSE153066,GSM4633748,IDD1,IDD1,NP,degenerated,hypoxia_oxidative_stress,HIF1A,1,838.0,2340762.0
GSE153066,GSM4633748,IDD1,IDD1,NP,degenerated,hypoxia_oxidative_stress,HMOX1,1,2758.0,2340762.0
GSE153066,GSM4633748,IDD1,IDD1,NP,degenerated,hypoxia_oxidative_stress,LDHA,1,2362.0,2340762.0
GSE153066,GSM4633748,IDD1,IDD1,NP,degenerated,hypoxia_oxidative_stress,NFE2L2,1,521.0,2340762.0
GSE153066,GSM4633748,IDD1,IDD1,NP,degenerated,hypoxia_oxidative_stress,NQO1,1,10.0,2340762.0
GSE153066,GSM4633748,IDD1,IDD1,NP,degenerated,hypoxia_oxidative_stress,PDK1,1,13.0,2340762.0
GSE153066,GSM4633748,IDD1,IDD1,NP,degenerated,hypoxia_oxidative_stress,PRDX1,1,125.0,2340762.0
GSE153066,GSM4633748,IDD1,IDD1,NP,degenerated,hypoxia_oxidative_stress,SLC2A1,1,100.0,2340762.0
GSE153066,GSM4633748,IDD1,IDD1,NP,degenerated,hypoxia_oxidative_stress,SOD1,1,978.0,2340762.0
GSE153066,GSM4633748,IDD1,IDD1,NP,degenerated,hypoxia_oxidative_stress,SOD2,1,3309.0,2340762.0
GSE153066,GSM4633748,IDD1,IDD1,NP,degenerated,hypoxia_oxidative_stress,TXN,1,385.0,2340762.0
GSE153066,GSM4633748,IDD1,IDD1,NP,degenerated,hypoxia_oxidative_stress,VEGFA,1,649.0,2340762.0
GSE153066,GSM4633748,IDD1,IDD1,NP,degenerated,disc_matrix_homeostasis,ACAN,1,5188.0,2340762.0
GSE153066,GSM4633748,IDD1,IDD1,NP,degenerated,disc_matrix_homeostasis,B3GAT1,1,0.0,2340762.0
GSE153066,GSM4633748,IDD1,IDD1,NP,degenerated,disc_matrix_homeostasis,BGN,1,2871.0,2340762.0
GSE153066,GSM4633748,IDD1,IDD1,NP,degenerated,disc_matrix_homeostasis,CILP,1,4454.0,2340762.0
GSE153066,GSM4633748,IDD1,IDD1,NP,degenerated,disc_matrix_homeostasis,COL2A1,1,11768.0,2340762.0
GSE153066,GSM4633748,IDD1,IDD1,NP,degenerated,disc_matrix_homeostasis,COL9A1,1,2.0,2340762.0
GSE153066,GSM4633748,IDD1,IDD1,NP,degenerated,disc_matrix_homeostasis,COL9A2,1,936.0,2340762.0
GSE153066,GSM4633748,IDD1,IDD1,NP,degenerated,disc_matrix_homeostasis,COL9A3,1,529.0,2340762.0
GSE153066,GSM4633748,IDD1,IDD1,NP,degenerated,disc_matrix_homeostasis,COMP,1,10632.0,2340762.0
GSE153066,GSM4633748,IDD1,IDD1,NP,degenerated,disc_matrix_homeostasis,FMOD,1,8300.0,2340762.0
GSE153066,GSM4633748,IDD1,IDD1,NP,degenerated,disc_matrix_homeostasis,HAPLN1,1,946.0,2340762.0
GSE153066,GSM4633748,IDD1,IDD1,NP,degenerated,disc_matrix_homeostasis,HAS2,1,28.0,2340762.0
GSE153066,GSM4633748,IDD1,IDD1,NP,degenerated,disc_matrix_homeostasis,KRT19,1,1.0,2340762.0
GSE153066,GSM4633748,IDD1,IDD1,NP,degenerated,disc_matrix_homeostasis,MATN3,1,0.0,2340762.0
GSE153066,GSM4633748,IDD1,IDD1,NP,degenerated,disc_matrix_homeostasis,SOX9,1,838.0,2340762.0
GSE153066,GSM4633749,IDD2,IDD2,NP,degenerated,ecm_collagen_remodeling,ADAMTS4,1,1.0,5793697.0
GSE153066,GSM4633749,IDD2,IDD2,NP,degenerated,ecm_collagen_remodeling,ADAMTS5,1,7.0,5793697.0
GSE153066,GSM4633749,IDD2,IDD2,NP,degenerated,ecm_collagen_remodeling,COL1A1,1,8996.0,5793697.0
GSE153066,GSM4633749,IDD2,IDD2,NP,degenerated,ecm_collagen_remodeling,COL1A2,1,5914.0,5793697.0
GSE153066,GSM4633749,IDD2,IDD2,NP,degenerated,ecm_collagen_remodeling,COL3A1,1,2461.0,5793697.0
GSE153066,GSM4633749,IDD2,IDD2,NP,degenerated,ecm_collagen_remodeling,COL5A1,1,638.0,5793697.0
GSE153066,GSM4633749,IDD2,IDD2,NP,degenerated,ecm_collagen_remodeling,COL5A2,1,385.0,5793697.0
GSE153066,GSM4633749,IDD2,IDD2,NP,degenerated,ecm_collagen_remodeling,COL6A1,1,1104.0,5793697.0
GSE153066,GSM4633749,IDD2,IDD2,NP,degenerated,ecm_collagen_remodeling,COL6A2,1,963.0,5793697.0
GSE153066,GSM4633749,IDD2,IDD2,NP,degenerated,ecm_collagen_remodeling,COL6A3,1,1209.0,5793697.0
GSE153066,GSM4633749,IDD2,IDD2,NP,degenerated,ecm_collagen_remodeling,DCN,1,25867.0,5793697.0
GSE153066,GSM4633749,IDD2,IDD2,NP,degenerated,ecm_collagen_remodeling,FN1,1,37892.0,5793697.0
GSE153066,GSM4633749,IDD2,IDD2,NP,degenerated,ecm_collagen_remodeling,LOX,1,1771.0,5793697.0
GSE153066,GSM4633749,IDD2,IDD2,NP,degenerated,ecm_collagen_remodeling,LOXL2,1,233.0,5793697.0
GSE153066,GSM4633749,IDD2,IDD2,NP,degenerated,ecm_collagen_remodeling,LUM,1,1911.0,5793697.0
GSE153066,GSM4633749,IDD2,IDD2,NP,degenerated,ecm_collagen_remodeling,MMP2,1,131.0,5793697.0
GSE153066,GSM4633749,IDD2,IDD2,NP,degenerated,ecm_collagen_remodeling,MMP3,1,4295.0,5793697.0
GSE153066,GSM4633749,IDD2,IDD2,NP,degenerated,ecm_collagen_remodeling,MMP9,1,1064.0,5793697.0
GSE153066,GSM4633749,IDD2,IDD2,NP,degenerated,ecm_collagen_remodeling,MMP13,1,0.0,5793697.0
GSE153066,GSM4633749,IDD2,IDD2,NP,degenerated,ecm_collagen_remodeling,POSTN,1,740.0,5793697.0
GSE153066,GSM4633749,IDD2,IDD2,NP,degenerated,ecm_collagen_remodeling,SPARC,1,3889.0,5793697.0
GSE153066,GSM4633749,IDD2,IDD2,NP,degenerated,ecm_collagen_remodeling,TIMP1,1,2740.0,5793697.0
GSE153066,GSM4633749,IDD2,IDD2,NP,degenerated,ecm_collagen_remodeling,TIMP2,1,1907.0,5793697.0
GSE153066,GSM4633749,IDD2,IDD2,NP,degenerated,ecm_collagen_remodeling,TNC,1,88.0,5793697.0
GSE153066,GSM4633749,IDD2,IDD2,NP,degenerated,inflammatory_nfkb,CCL2,1,22.0,5793697.0
GSE153066,GSM4633749,IDD2,IDD2,NP,degenerated,inflammatory_nfkb,CCL5,1,231.0,5793697.0
GSE153066,GSM4633749,IDD2,IDD2,NP,degenerated,inflammatory_nfkb,CXCL8,1,29839.0,5793697.0
GSE153066,GSM4633749,IDD2,IDD2,NP,degenerated,inflammatory_nfkb,FOS,1,8288.0,5793697.0
GSE153066,GSM4633749,IDD2,IDD2,NP,degenerated,inflammatory_nfkb,IKBKB,1,62.0,5793697.0
GSE153066,GSM4633749,IDD2,IDD2,NP,degenerated,inflammatory_nfkb,IKBKG,1,1.0,5793697.0
GSE153066,GSM4633749,IDD2,IDD2,NP,degenerated,inflammatory_nfkb,IL1B,1,3300.0,5793697.0
GSE153066,GSM4633749,IDD2,IDD2,NP,degenerated,inflammatory_nfkb,IL6,1,101.0,5793697.0
GSE153066,GSM4633749,IDD2,IDD2,NP,degenerated,inflammatory_nfkb,JUN,1,4434.0,5793697.0
GSE153066,GSM4633749,IDD2,IDD2,NP,degenerated,inflammatory_nfkb,NFKB1,1,298.0,5793697.0
GSE153066,GSM4633749,IDD2,IDD2,NP,degenerated,inflammatory_nfkb,NFKB2,1,561.0,5793697.0
GSE153066,GSM4633749,IDD2,IDD2,NP,degenerated,inflammatory_nfkb,NFKBIA,1,3831.0,5793697.0
GSE153066,GSM4633749,IDD2,IDD2,NP,degenerated,inflammatory_nfkb,NLRP3,1,59.0,5793697.0
GSE153066,GSM4633749,IDD2,IDD2,NP,degenerated,inflammatory_nfkb,RELA,1,463.0,5793697.0
GSE153066,GSM4633749,IDD2,IDD2,NP,degenerated,inflammatory_nfkb,RELB,1,71.0,5793697.0
GSE153066,GSM4633749,IDD2,IDD2,NP,degenerated,inflammatory_nfkb,STAT3,1,920.0,5793697.0
GSE153066,GSM4633749,IDD2,IDD2,NP,degenerated,inflammatory_nfkb,TICAM1,1,74.0,5793697.0
GSE153066,GSM4633749,IDD2,IDD2,NP,degenerated,inflammatory_nfkb,TLR2,1,348.0,5793697.0
GSE153066,GSM4633749,IDD2,IDD2,NP,degenerated,inflammatory_nfkb,TLR4,1,122.0,5793697.0
GSE153066,GSM4633749,IDD2,IDD2,NP,degenerated,inflammatory_nfkb,TNF,1,82.0,5793697.0
GSE153066,GSM4633749,IDD2,IDD2,NP,degenerated,inflammatory_nfkb,TNFRSF1A,1,495.0,5793697.0
GSE153066,GSM4633749,IDD2,IDD2,NP,degenerated,hypoxia_oxidative_stress,BNIP3,1,6316.0,5793697.0
GSE153066,GSM4633749,IDD2,IDD2,NP,degenerated,hypoxia_oxidative_stress,CA9,1,715.0,5793697.0
GSE153066,GSM4633749,IDD2,IDD2,NP,degenerated,hypoxia_oxidative_stress,EGLN1,1,346.0,5793697.0
GSE153066,GSM4633749,IDD2,IDD2,NP,degenerated,hypoxia_oxidative_stress,EPAS1,1,109.0,5793697.0
GSE153066,GSM4633749,IDD2,IDD2,NP,degenerated,hypoxia_oxidative_stress,GCLM,1,805.0,5793697.0
GSE153066,GSM4633749,IDD2,IDD2,NP,degenerated,hypoxia_oxidative_stress,GPX1,1,1139.0,5793697.0
GSE153066,GSM4633749,IDD2,IDD2,NP,degenerated,hypoxia_oxidative_stress,HIF1A,1,651.0,5793697.0
GSE153066,GSM4633749,IDD2,IDD2,NP,degenerated,hypoxia_oxidative_stress,HMOX1,1,16641.0,5793697.0
GSE153066,GSM4633749,IDD2,IDD2,NP,degenerated,hypoxia_oxidative_stress,LDHA,1,10549.0,5793697.0
GSE153066,GSM4633749,IDD2,IDD2,NP,degenerated,hypoxia_oxidative_stress,NFE2L2,1,1289.0,5793697.0
GSE153066,GSM4633749,IDD2,IDD2,NP,degenerated,hypoxia_oxidative_stress,NQO1,1,122.0,5793697.0
GSE153066,GSM4633749,IDD2,IDD2,NP,degenerated,hypoxia_oxidative_stress,PDK1,1,120.0,5793697.0
GSE153066,GSM4633749,IDD2,IDD2,NP,degenerated,hypoxia_oxidative_stress,PRDX1,1,2093.0,5793697.0
GSE153066,GSM4633749,IDD2,IDD2,NP,degenerated,hypoxia_oxidative_stress,SLC2A1,1,754.0,5793697.0
GSE153066,GSM4633749,IDD2,IDD2,NP,degenerated,hypoxia_oxidative_stress,SOD1,1,2844.0,5793697.0
GSE153066,GSM4633749,IDD2,IDD2,NP,degenerated,hypoxia_oxidative_stress,SOD2,1,16065.0,5793697.0
GSE153066,GSM4633749,IDD2,IDD2,NP,degenerated,hypoxia_oxidative_stress,TXN,1,2018.0,5793697.0
GSE153066,GSM4633749,IDD2,IDD2,NP,degenerated,hypoxia_oxidative_stress,VEGFA,1,1885.0,5793697.0
GSE153066,GSM4633749,IDD2,IDD2,NP,degenerated,disc_matrix_homeostasis,ACAN,1,9061.0,5793697.0
GSE153066,GSM4633749,IDD2,IDD2,NP,degenerated,disc_matrix_homeostasis,B3GAT1,1,1.0,5793697.0
GSE153066,GSM4633749,IDD2,IDD2,NP,degenerated,disc_matrix_homeostasis,BGN,1,4166.0,5793697.0
GSE153066,GSM4633749,IDD2,IDD2,NP,degenerated,disc_matrix_homeostasis,CILP,1,87.0,5793697.0
GSE153066,GSM4633749,IDD2,IDD2,NP,degenerated,disc_matrix_homeostasis,COL2A1,1,1238.0,5793697.0
GSE153066,GSM4633749,IDD2,IDD2,NP,degenerated,disc_matrix_homeostasis,COL9A1,1,7.0,5793697.0
GSE153066,GSM4633749,IDD2,IDD2,NP,degenerated,disc_matrix_homeostasis,COL9A2,1,138.0,5793697.0
GSE153066,GSM4633749,IDD2,IDD2,NP,degenerated,disc_matrix_homeostasis,COL9A3,1,201.0,5793697.0
GSE153066,GSM4633749,IDD2,IDD2,NP,degenerated,disc_matrix_homeostasis,COMP,1,7571.0,5793697.0
GSE153066,GSM4633749,IDD2,IDD2,NP,degenerated,disc_matrix_homeostasis,FMOD,1,3306.0,5793697.0
GSE153066,GSM4633749,IDD2,IDD2,NP,degenerated,disc_matrix_homeostasis,HAPLN1,1,1429.0,5793697.0
GSE153066,GSM4633749,IDD2,IDD2,NP,degenerated,disc_matrix_homeostasis,HAS2,1,51.0,5793697.0
GSE153066,GSM4633749,IDD2,IDD2,NP,degenerated,disc_matrix_homeostasis,KRT19,1,0.0,5793697.0
GSE153066,GSM4633749,IDD2,IDD2,NP,degenerated,disc_matrix_homeostasis,MATN3,1,7.0,5793697.0
GSE153066,GSM4633749,IDD2,IDD2,NP,degenerated,disc_matrix_homeostasis,SOX9,1,5545.0,5793697.0
GSE153066,GSM4633750,IDD3,IDD3,NP,degenerated,ecm_collagen_remodeling,ADAMTS4,1,20.0,9106651.0
GSE153066,GSM4633750,IDD3,IDD3,NP,degenerated,ecm_collagen_remodeling,ADAMTS5,1,297.0,9106651.0
GSE153066,GSM4633750,IDD3,IDD3,NP,degenerated,ecm_collagen_remodeling,COL1A1,1,36092.0,9106651.0
GSE153066,GSM4633750,IDD3,IDD3,NP,degenerated,ecm_collagen_remodeling,COL1A2,1,27308.0,9106651.0
GSE153066,GSM4633750,IDD3,IDD3,NP,degenerated,ecm_collagen_remodeling,COL3A1,1,28994.0,9106651.0
GSE153066,GSM4633750,IDD3,IDD3,NP,degenerated,ecm_collagen_remodeling,COL5A1,1,3956.0,9106651.0
GSE153066,GSM4633750,IDD3,IDD3,NP,degenerated,ecm_collagen_remodeling,COL5A2,1,4415.0,9106651.0
GSE153066,GSM4633750,IDD3,IDD3,NP,degenerated,ecm_collagen_remodeling,COL6A1,1,4155.0,9106651.0
GSE153066,GSM4633750,IDD3,IDD3,NP,degenerated,ecm_collagen_remodeling,COL6A2,1,2631.0,9106651.0
GSE153066,GSM4633750,IDD3,IDD3,NP,degenerated,ecm_collagen_remodeling,COL6A3,1,2886.0,9106651.0
GSE153066,GSM4633750,IDD3,IDD3,NP,degenerated,ecm_collagen_remodeling,DCN,1,34724.0,9106651.0
GSE153066,GSM4633750,IDD3,IDD3,NP,degenerated,ecm_collagen_remodeling,FN1,1,87679.0,9106651.0
GSE153066,GSM4633750,IDD3,IDD3,NP,degenerated,ecm_collagen_remodeling,LOX,1,759.0,9106651.0
GSE153066,GSM4633750,IDD3,IDD3,NP,degenerated,ecm_collagen_remodeling,LOXL2,1,1148.0,9106651.0
GSE153066,GSM4633750,IDD3,IDD3,NP,degenerated,ecm_collagen_remodeling,LUM,1,17687.0,9106651.0
GSE153066,GSM4633750,IDD3,IDD3,NP,degenerated,ecm_collagen_remodeling,MMP2,1,1021.0,9106651.0
GSE153066,GSM4633750,IDD3,IDD3,NP,degenerated,ecm_collagen_remodeling,MMP3,1,3878.0,9106651.0
GSE153066,GSM4633750,IDD3,IDD3,NP,degenerated,ecm_collagen_remodeling,MMP9,1,4953.0,9106651.0
GSE153066,GSM4633750,IDD3,IDD3,NP,degenerated,ecm_collagen_remodeling,MMP13,1,59.0,9106651.0
GSE153066,GSM4633750,IDD3,IDD3,NP,degenerated,ecm_collagen_remodeling,POSTN,1,2438.0,9106651.0
GSE153066,GSM4633750,IDD3,IDD3,NP,degenerated,ecm_collagen_remodeling,SPARC,1,31532.0,9106651.0
GSE153066,GSM4633750,IDD3,IDD3,NP,degenerated,ecm_collagen_remodeling,TIMP1,1,3328.0,9106651.0
GSE153066,GSM4633750,IDD3,IDD3,NP,degenerated,ecm_collagen_remodeling,TIMP2,1,5083.0,9106651.0
GSE153066,GSM4633750,IDD3,IDD3,NP,degenerated,ecm_collagen_remodeling,TNC,1,3118.0,9106651.0
GSE153066,GSM4633750,IDD3,IDD3,NP,degenerated,inflammatory_nfkb,CCL2,1,202.0,9106651.0
GSE153066,GSM4633750,IDD3,IDD3,NP,degenerated,inflammatory_nfkb,CCL5,1,498.0,9106651.0
GSE153066,GSM4633750,IDD3,IDD3,NP,degenerated,inflammatory_nfkb,CXCL8,1,22193.0,9106651.0
GSE153066,GSM4633750,IDD3,IDD3,NP,degenerated,inflammatory_nfkb,FOS,1,8668.0,9106651.0
GSE153066,GSM4633750,IDD3,IDD3,NP,degenerated,inflammatory_nfkb,IKBKB,1,134.0,9106651.0
GSE153066,GSM4633750,IDD3,IDD3,NP,degenerated,inflammatory_nfkb,IKBKG,1,3.0,9106651.0
GSE153066,GSM4633750,IDD3,IDD3,NP,degenerated,inflammatory_nfkb,IL1B,1,3353.0,9106651.0
GSE153066,GSM4633750,IDD3,IDD3,NP,degenerated,inflammatory_nfkb,IL6,1,40.0,9106651.0
GSE153066,GSM4633750,IDD3,IDD3,NP,degenerated,inflammatory_nfkb,JUN,1,2653.0,9106651.0
GSE153066,GSM4633750,IDD3,IDD3,NP,degenerated,inflammatory_nfkb,NFKB1,1,1329.0,9106651.0
GSE153066,GSM4633750,IDD3,IDD3,NP,degenerated,inflammatory_nfkb,NFKB2,1,698.0,9106651.0
GSE153066,GSM4633750,IDD3,IDD3,NP,degenerated,inflammatory_nfkb,NFKBIA,1,6679.0,9106651.0
GSE153066,GSM4633750,IDD3,IDD3,NP,degenerated,inflammatory_nfkb,NLRP3,1,123.0,9106651.0
GSE153066,GSM4633750,IDD3,IDD3,NP,degenerated,inflammatory_nfkb,RELA,1,719.0,9106651.0
GSE153066,GSM4633750,IDD3,IDD3,NP,degenerated,inflammatory_nfkb,RELB,1,147.0,9106651.0
GSE153066,GSM4633750,IDD3,IDD3,NP,degenerated,inflammatory_nfkb,STAT3,1,2290.0,9106651.0
GSE153066,GSM4633750,IDD3,IDD3,NP,degenerated,inflammatory_nfkb,TICAM1,1,205.0,9106651.0
GSE153066,GSM4633750,IDD3,IDD3,NP,degenerated,inflammatory_nfkb,TLR2,1,295.0,9106651.0
GSE153066,GSM4633750,IDD3,IDD3,NP,degenerated,inflammatory_nfkb,TLR4,1,320.0,9106651.0
GSE153066,GSM4633750,IDD3,IDD3,NP,degenerated,inflammatory_nfkb,TNF,1,288.0,9106651.0
GSE153066,GSM4633750,IDD3,IDD3,NP,degenerated,inflammatory_nfkb,TNFRSF1A,1,1314.0,9106651.0
GSE153066,GSM4633750,IDD3,IDD3,NP,degenerated,hypoxia_oxidative_stress,BNIP3,1,528.0,9106651.0
GSE153066,GSM4633750,IDD3,IDD3,NP,degenerated,hypoxia_oxidative_stress,CA9,1,266.0,9106651.0
GSE153066,GSM4633750,IDD3,IDD3,NP,degenerated,hypoxia_oxidative_stress,EGLN1,1,346.0,9106651.0
GSE153066,GSM4633750,IDD3,IDD3,NP,degenerated,hypoxia_oxidative_stress,EPAS1,1,300.0,9106651.0
GSE153066,GSM4633750,IDD3,IDD3,NP,degenerated,hypoxia_oxidative_stress,GCLM,1,917.0,9106651.0
GSE153066,GSM4633750,IDD3,IDD3,NP,degenerated,hypoxia_oxidative_stress,GPX1,1,1646.0,9106651.0
GSE153066,GSM4633750,IDD3,IDD3,NP,degenerated,hypoxia_oxidative_stress,HIF1A,1,1365.0,9106651.0
GSE153066,GSM4633750,IDD3,IDD3,NP,degenerated,hypoxia_oxidative_stress,HMOX1,1,14696.0,9106651.0
GSE153066,GSM4633750,IDD3,IDD3,NP,degenerated,hypoxia_oxidative_stress,LDHA,1,8681.0,9106651.0
GSE153066,GSM4633750,IDD3,IDD3,NP,degenerated,hypoxia_oxidative_stress,NFE2L2,1,1945.0,9106651.0
GSE153066,GSM4633750,IDD3,IDD3,NP,degenerated,hypoxia_oxidative_stress,NQO1,1,56.0,9106651.0
GSE153066,GSM4633750,IDD3,IDD3,NP,degenerated,hypoxia_oxidative_stress,PDK1,1,94.0,9106651.0
GSE153066,GSM4633750,IDD3,IDD3,NP,degenerated,hypoxia_oxidative_stress,PRDX1,1,1249.0,9106651.0
GSE153066,GSM4633750,IDD3,IDD3,NP,degenerated,hypoxia_oxidative_stress,SLC2A1,1,1396.0,9106651.0
GSE153066,GSM4633750,IDD3,IDD3,NP,degenerated,hypoxia_oxidative_stress,SOD1,1,3181.0,9106651.0
GSE153066,GSM4633750,IDD3,IDD3,NP,degenerated,hypoxia_oxidative_stress,SOD2,1,13720.0,9106651.0
GSE153066,GSM4633750,IDD3,IDD3,NP,degenerated,hypoxia_oxidative_stress,TXN,1,1683.0,9106651.0
GSE153066,GSM4633750,IDD3,IDD3,NP,degenerated,hypoxia_oxidative_stress,VEGFA,1,1445.0,9106651.0
GSE153066,GSM4633750,IDD3,IDD3,NP,degenerated,disc_matrix_homeostasis,ACAN,1,6940.0,9106651.0
GSE153066,GSM4633750,IDD3,IDD3,NP,degenerated,disc_matrix_homeostasis,B3GAT1,1,10.0,9106651.0
GSE153066,GSM4633750,IDD3,IDD3,NP,degenerated,disc_matrix_homeostasis,BGN,1,12660.0,9106651.0
GSE153066,GSM4633750,IDD3,IDD3,NP,degenerated,disc_matrix_homeostasis,CILP,1,4333.0,9106651.0
GSE153066,GSM4633750,IDD3,IDD3,NP,degenerated,disc_matrix_homeostasis,COL2A1,1,6052.0,9106651.0
GSE153066,GSM4633750,IDD3,IDD3,NP,degenerated,disc_matrix_homeostasis,COL9A1,1,13.0,9106651.0
GSE153066,GSM4633750,IDD3,IDD3,NP,degenerated,disc_matrix_homeostasis,COL9A2,1,702.0,9106651.0
GSE153066,GSM4633750,IDD3,IDD3,NP,degenerated,disc_matrix_homeostasis,COL9A3,1,590.0,9106651.0
GSE153066,GSM4633750,IDD3,IDD3,NP,degenerated,disc_matrix_homeostasis,COMP,1,24996.0,9106651.0
GSE153066,GSM4633750,IDD3,IDD3,NP,degenerated,disc_matrix_homeostasis,FMOD,1,16832.0,9106651.0
GSE153066,GSM4633750,IDD3,IDD3,NP,degenerated,disc_matrix_homeostasis,HAPLN1,1,1624.0,9106651.0
GSE153066,GSM4633750,IDD3,IDD3,NP,degenerated,disc_matrix_homeostasis,HAS2,1,23.0,9106651.0
GSE153066,GSM4633750,IDD3,IDD3,NP,degenerated,disc_matrix_homeostasis,KRT19,1,4.0,9106651.0
GSE153066,GSM4633750,IDD3,IDD3,NP,degenerated,disc_matrix_homeostasis,MATN3,1,24.0,9106651.0
GSE153066,GSM4633750,IDD3,IDD3,NP,degenerated,disc_matrix_homeostasis,SOX9,1,3847.0,9106651.0
GSE153066,GSM4633751,IDD4,IDD4,NP,degenerated,ecm_collagen_remodeling,ADAMTS4,1,105.0,11306890.0
GSE153066,GSM4633751,IDD4,IDD4,NP,degenerated,ecm_collagen_remodeling,ADAMTS5,1,630.0,11306890.0
GSE153066,GSM4633751,IDD4,IDD4,NP,degenerated,ecm_collagen_remodeling,COL1A1,1,35302.0,11306890.0
GSE153066,GSM4633751,IDD4,IDD4,NP,degenerated,ecm_collagen_remodeling,COL1A2,1,39777.0,11306890.0
GSE153066,GSM4633751,IDD4,IDD4,NP,degenerated,ecm_collagen_remodeling,COL3A1,1,44212.0,11306890.0
GSE153066,GSM4633751,IDD4,IDD4,NP,degenerated,ecm_collagen_remodeling,COL5A1,1,5683.0,11306890.0
GSE153066,GSM4633751,IDD4,IDD4,NP,degenerated,ecm_collagen_remodeling,COL5A2,1,6749.0,11306890.0
GSE153066,GSM4633751,IDD4,IDD4,NP,degenerated,ecm_collagen_remodeling,COL6A1,1,12410.0,11306890.0
GSE153066,GSM4633751,IDD4,IDD4,NP,degenerated,ecm_collagen_remodeling,COL6A2,1,14545.0,11306890.0
GSE153066,GSM4633751,IDD4,IDD4,NP,degenerated,ecm_collagen_remodeling,COL6A3,1,7534.0,11306890.0
GSE153066,GSM4633751,IDD4,IDD4,NP,degenerated,ecm_collagen_remodeling,DCN,1,130349.0,11306890.0
GSE153066,GSM4633751,IDD4,IDD4,NP,degenerated,ecm_collagen_remodeling,FN1,1,329953.0,11306890.0
GSE153066,GSM4633751,IDD4,IDD4,NP,degenerated,ecm_collagen_remodeling,LOX,1,1487.0,11306890.0
GSE153066,GSM4633751,IDD4,IDD4,NP,degenerated,ecm_collagen_remodeling,LOXL2,1,2134.0,11306890.0
GSE153066,GSM4633751,IDD4,IDD4,NP,degenerated,ecm_collagen_remodeling,LUM,1,59586.0,11306890.0
GSE153066,GSM4633751,IDD4,IDD4,NP,degenerated,ecm_collagen_remodeling,MMP2,1,6281.0,11306890.0
GSE153066,GSM4633751,IDD4,IDD4,NP,degenerated,ecm_collagen_remodeling,MMP3,1,9016.0,11306890.0
GSE153066,GSM4633751,IDD4,IDD4,NP,degenerated,ecm_collagen_remodeling,MMP9,1,1015.0,11306890.0
GSE153066,GSM4633751,IDD4,IDD4,NP,degenerated,ecm_collagen_remodeling,MMP13,1,960.0,11306890.0
GSE153066,GSM4633751,IDD4,IDD4,NP,degenerated,ecm_collagen_remodeling,POSTN,1,8717.0,11306890.0
GSE153066,GSM4633751,IDD4,IDD4,NP,degenerated,ecm_collagen_remodeling,SPARC,1,40269.0,11306890.0
GSE153066,GSM4633751,IDD4,IDD4,NP,degenerated,ecm_collagen_remodeling,TIMP1,1,22517.0,11306890.0
GSE153066,GSM4633751,IDD4,IDD4,NP,degenerated,ecm_collagen_remodeling,TIMP2,1,12767.0,11306890.0
GSE153066,GSM4633751,IDD4,IDD4,NP,degenerated,ecm_collagen_remodeling,TNC,1,6462.0,11306890.0
GSE153066,GSM4633751,IDD4,IDD4,NP,degenerated,inflammatory_nfkb,CCL2,1,160.0,11306890.0
GSE153066,GSM4633751,IDD4,IDD4,NP,degenerated,inflammatory_nfkb,CCL5,1,236.0,11306890.0
GSE153066,GSM4633751,IDD4,IDD4,NP,degenerated,inflammatory_nfkb,CXCL8,1,4933.0,11306890.0
GSE153066,GSM4633751,IDD4,IDD4,NP,degenerated,inflammatory_nfkb,FOS,1,10313.0,11306890.0
GSE153066,GSM4633751,IDD4,IDD4,NP,degenerated,inflammatory_nfkb,IKBKB,1,68.0,11306890.0
GSE153066,GSM4633751,IDD4,IDD4,NP,degenerated,inflammatory_nfkb,IKBKG,1,0.0,11306890.0
GSE153066,GSM4633751,IDD4,IDD4,NP,degenerated,inflammatory_nfkb,IL1B,1,379.0,11306890.0
GSE153066,GSM4633751,IDD4,IDD4,NP,degenerated,inflammatory_nfkb,IL6,1,154.0,11306890.0
GSE153066,GSM4633751,IDD4,IDD4,NP,degenerated,inflammatory_nfkb,JUN,1,7418.0,11306890.0
GSE153066,GSM4633751,IDD4,IDD4,NP,degenerated,inflammatory_nfkb,NFKB1,1,765.0,11306890.0
GSE153066,GSM4633751,IDD4,IDD4,NP,degenerated,inflammatory_nfkb,NFKB2,1,811.0,11306890.0
GSE153066,GSM4633751,IDD4,IDD4,NP,degenerated,inflammatory_nfkb,NFKBIA,1,9524.0,11306890.0
GSE153066,GSM4633751,IDD4,IDD4,NP,degenerated,inflammatory_nfkb,NLRP3,1,16.0,11306890.0
GSE153066,GSM4633751,IDD4,IDD4,NP,degenerated,inflammatory_nfkb,RELA,1,878.0,11306890.0
GSE153066,GSM4633751,IDD4,IDD4,NP,degenerated,inflammatory_nfkb,RELB,1,267.0,11306890.0
GSE153066,GSM4633751,IDD4,IDD4,NP,degenerated,inflammatory_nfkb,STAT3,1,1676.0,11306890.0
GSE153066,GSM4633751,IDD4,IDD4,NP,degenerated,inflammatory_nfkb,TICAM1,1,245.0,11306890.0
GSE153066,GSM4633751,IDD4,IDD4,NP,degenerated,inflammatory_nfkb,TLR2,1,160.0,11306890.0
GSE153066,GSM4633751,IDD4,IDD4,NP,degenerated,inflammatory_nfkb,TLR4,1,102.0,11306890.0
GSE153066,GSM4633751,IDD4,IDD4,NP,degenerated,inflammatory_nfkb,TNF,1,136.0,11306890.0
GSE153066,GSM4633751,IDD4,IDD4,NP,degenerated,inflammatory_nfkb,TNFRSF1A,1,1168.0,11306890.0
GSE153066,GSM4633751,IDD4,IDD4,NP,degenerated,hypoxia_oxidative_stress,BNIP3,1,2146.0,11306890.0
GSE153066,GSM4633751,IDD4,IDD4,NP,degenerated,hypoxia_oxidative_stress,CA9,1,1009.0,11306890.0
GSE153066,GSM4633751,IDD4,IDD4,NP,degenerated,hypoxia_oxidative_stress,EGLN1,1,436.0,11306890.0
GSE153066,GSM4633751,IDD4,IDD4,NP,degenerated,hypoxia_oxidative_stress,EPAS1,1,760.0,11306890.0
GSE153066,GSM4633751,IDD4,IDD4,NP,degenerated,hypoxia_oxidative_stress,GCLM,1,1408.0,11306890.0
GSE153066,GSM4633751,IDD4,IDD4,NP,degenerated,hypoxia_oxidative_stress,GPX1,1,2612.0,11306890.0
GSE153066,GSM4633751,IDD4,IDD4,NP,degenerated,hypoxia_oxidative_stress,HIF1A,1,2966.0,11306890.0
GSE153066,GSM4633751,IDD4,IDD4,NP,degenerated,hypoxia_oxidative_stress,HMOX1,1,28030.0,11306890.0
GSE153066,GSM4633751,IDD4,IDD4,NP,degenerated,hypoxia_oxidative_stress,LDHA,1,12296.0,11306890.0
GSE153066,GSM4633751,IDD4,IDD4,NP,degenerated,hypoxia_oxidative_stress,NFE2L2,1,2141.0,11306890.0
GSE153066,GSM4633751,IDD4,IDD4,NP,degenerated,hypoxia_oxidative_stress,NQO1,1,355.0,11306890.0
GSE153066,GSM4633751,IDD4,IDD4,NP,degenerated,hypoxia_oxidative_stress,PDK1,1,159.0,11306890.0
GSE153066,GSM4633751,IDD4,IDD4,NP,degenerated,hypoxia_oxidative_stress,PRDX1,1,2192.0,11306890.0
GSE153066,GSM4633751,IDD4,IDD4,NP,degenerated,hypoxia_oxidative_stress,SLC2A1,1,2281.0,11306890.0
GSE153066,GSM4633751,IDD4,IDD4,NP,degenerated,hypoxia_oxidative_stress,SOD1,1,6038.0,11306890.0
GSE153066,GSM4633751,IDD4,IDD4,NP,degenerated,hypoxia_oxidative_stress,SOD2,1,12927.0,11306890.0
GSE153066,GSM4633751,IDD4,IDD4,NP,degenerated,hypoxia_oxidative_stress,TXN,1,3539.0,11306890.0
GSE153066,GSM4633751,IDD4,IDD4,NP,degenerated,hypoxia_oxidative_stress,VEGFA,1,3173.0,11306890.0
GSE153066,GSM4633751,IDD4,IDD4,NP,degenerated,disc_matrix_homeostasis,ACAN,1,26723.0,11306890.0
GSE153066,GSM4633751,IDD4,IDD4,NP,degenerated,disc_matrix_homeostasis,B3GAT1,1,2.0,11306890.0
GSE153066,GSM4633751,IDD4,IDD4,NP,degenerated,disc_matrix_homeostasis,BGN,1,28078.0,11306890.0
GSE153066,GSM4633751,IDD4,IDD4,NP,degenerated,disc_matrix_homeostasis,CILP,1,12070.0,11306890.0
GSE153066,GSM4633751,IDD4,IDD4,NP,degenerated,disc_matrix_homeostasis,COL2A1,1,34891.0,11306890.0
GSE153066,GSM4633751,IDD4,IDD4,NP,degenerated,disc_matrix_homeostasis,COL9A1,1,39.0,11306890.0
GSE153066,GSM4633751,IDD4,IDD4,NP,degenerated,disc_matrix_homeostasis,COL9A2,1,1496.0,11306890.0
GSE153066,GSM4633751,IDD4,IDD4,NP,degenerated,disc_matrix_homeostasis,COL9A3,1,2994.0,11306890.0
GSE153066,GSM4633751,IDD4,IDD4,NP,degenerated,disc_matrix_homeostasis,COMP,1,64245.0,11306890.0
GSE153066,GSM4633751,IDD4,IDD4,NP,degenerated,disc_matrix_homeostasis,FMOD,1,45858.0,11306890.0
GSE153066,GSM4633751,IDD4,IDD4,NP,degenerated,disc_matrix_homeostasis,HAPLN1,1,4670.0,11306890.0
GSE153066,GSM4633751,IDD4,IDD4,NP,degenerated,disc_matrix_homeostasis,HAS2,1,68.0,11306890.0
GSE153066,GSM4633751,IDD4,IDD4,NP,degenerated,disc_matrix_homeostasis,KRT19,1,544.0,11306890.0
GSE153066,GSM4633751,IDD4,IDD4,NP,degenerated,disc_matrix_homeostasis,MATN3,1,106.0,11306890.0
GSE153066,GSM4633751,IDD4,IDD4,NP,degenerated,disc_matrix_homeostasis,SOX9,1,6926.0,11306890.0
GSE153066,GSM4633752,IDD5,IDD5,NP,degenerated,ecm_collagen_remodeling,ADAMTS4,1,5.0,7149106.0
GSE153066,GSM4633752,IDD5,IDD5,NP,degenerated,ecm_collagen_remodeling,ADAMTS5,1,141.0,7149106.0
GSE153066,GSM4633752,IDD5,IDD5,NP,degenerated,ecm_collagen_remodeling,COL1A1,1,4170.0,7149106.0
GSE153066,GSM4633752,IDD5,IDD5,NP,degenerated,ecm_collagen_remodeling,COL1A2,1,6151.0,7149106.0
GSE153066,GSM4633752,IDD5,IDD5,NP,degenerated,ecm_collagen_remodeling,COL3A1,1,6309.0,7149106.0
GSE153066,GSM4633752,IDD5,IDD5,NP,degenerated,ecm_collagen_remodeling,COL5A1,1,1279.0,7149106.0
GSE153066,GSM4633752,IDD5,IDD5,NP,degenerated,ecm_collagen_remodeling,COL5A2,1,976.0,7149106.0
GSE153066,GSM4633752,IDD5,IDD5,NP,degenerated,ecm_collagen_remodeling,COL6A1,1,2215.0,7149106.0
GSE153066,GSM4633752,IDD5,IDD5,NP,degenerated,ecm_collagen_remodeling,COL6A2,1,1748.0,7149106.0
GSE153066,GSM4633752,IDD5,IDD5,NP,degenerated,ecm_collagen_remodeling,COL6A3,1,1272.0,7149106.0
GSE153066,GSM4633752,IDD5,IDD5,NP,degenerated,ecm_collagen_remodeling,DCN,1,18728.0,7149106.0
GSE153066,GSM4633752,IDD5,IDD5,NP,degenerated,ecm_collagen_remodeling,FN1,1,45523.0,7149106.0
GSE153066,GSM4633752,IDD5,IDD5,NP,degenerated,ecm_collagen_remodeling,LOX,1,354.0,7149106.0
GSE153066,GSM4633752,IDD5,IDD5,NP,degenerated,ecm_collagen_remodeling,LOXL2,1,431.0,7149106.0
GSE153066,GSM4633752,IDD5,IDD5,NP,degenerated,ecm_collagen_remodeling,LUM,1,7859.0,7149106.0
GSE153066,GSM4633752,IDD5,IDD5,NP,degenerated,ecm_collagen_remodeling,MMP2,1,391.0,7149106.0
GSE153066,GSM4633752,IDD5,IDD5,NP,degenerated,ecm_collagen_remodeling,MMP3,1,922.0,7149106.0
GSE153066,GSM4633752,IDD5,IDD5,NP,degenerated,ecm_collagen_remodeling,MMP9,1,5710.0,7149106.0
GSE153066,GSM4633752,IDD5,IDD5,NP,degenerated,ecm_collagen_remodeling,MMP13,1,7.0,7149106.0
GSE153066,GSM4633752,IDD5,IDD5,NP,degenerated,ecm_collagen_remodeling,POSTN,1,604.0,7149106.0
GSE153066,GSM4633752,IDD5,IDD5,NP,degenerated,ecm_collagen_remodeling,SPARC,1,8374.0,7149106.0
GSE153066,GSM4633752,IDD5,IDD5,NP,degenerated,ecm_collagen_remodeling,TIMP1,1,1248.0,7149106.0
GSE153066,GSM4633752,IDD5,IDD5,NP,degenerated,ecm_collagen_remodeling,TIMP2,1,2317.0,7149106.0
GSE153066,GSM4633752,IDD5,IDD5,NP,degenerated,ecm_collagen_remodeling,TNC,1,353.0,7149106.0
GSE153066,GSM4633752,IDD5,IDD5,NP,degenerated,inflammatory_nfkb,CCL2,1,128.0,7149106.0
GSE153066,GSM4633752,IDD5,IDD5,NP,degenerated,inflammatory_nfkb,CCL5,1,741.0,7149106.0
GSE153066,GSM4633752,IDD5,IDD5,NP,degenerated,inflammatory_nfkb,CXCL8,1,66922.0,7149106.0
GSE153066,GSM4633752,IDD5,IDD5,NP,degenerated,inflammatory_nfkb,FOS,1,3197.0,7149106.0
GSE153066,GSM4633752,IDD5,IDD5,NP,degenerated,inflammatory_nfkb,IKBKB,1,115.0,7149106.0
GSE153066,GSM4633752,IDD5,IDD5,NP,degenerated,inflammatory_nfkb,IKBKG,1,1.0,7149106.0
GSE153066,GSM4633752,IDD5,IDD5,NP,degenerated,inflammatory_nfkb,IL1B,1,5058.0,7149106.0
GSE153066,GSM4633752,IDD5,IDD5,NP,degenerated,inflammatory_nfkb,IL6,1,48.0,7149106.0
GSE153066,GSM4633752,IDD5,IDD5,NP,degenerated,inflammatory_nfkb,JUN,1,945.0,7149106.0
GSE153066,GSM4633752,IDD5,IDD5,NP,degenerated,inflammatory_nfkb,NFKB1,1,1128.0,7149106.0
GSE153066,GSM4633752,IDD5,IDD5,NP,degenerated,inflammatory_nfkb,NFKB2,1,949.0,7149106.0
GSE153066,GSM4633752,IDD5,IDD5,NP,degenerated,inflammatory_nfkb,NFKBIA,1,6099.0,7149106.0
GSE153066,GSM4633752,IDD5,IDD5,NP,degenerated,inflammatory_nfkb,NLRP3,1,80.0,7149106.0
GSE153066,GSM4633752,IDD5,IDD5,NP,degenerated,inflammatory_nfkb,RELA,1,665.0,7149106.0
GSE153066,GSM4633752,IDD5,IDD5,NP,degenerated,inflammatory_nfkb,RELB,1,207.0,7149106.0
GSE153066,GSM4633752,IDD5,IDD5,NP,degenerated,inflammatory_nfkb,STAT3,1,2211.0,7149106.0
GSE153066,GSM4633752,IDD5,IDD5,NP,degenerated,inflammatory_nfkb,TICAM1,1,185.0,7149106.0
GSE153066,GSM4633752,IDD5,IDD5,NP,degenerated,inflammatory_nfkb,TLR2,1,346.0,7149106.0
GSE153066,GSM4633752,IDD5,IDD5,NP,degenerated,inflammatory_nfkb,TLR4,1,318.0,7149106.0
GSE153066,GSM4633752,IDD5,IDD5,NP,degenerated,inflammatory_nfkb,TNF,1,332.0,7149106.0
GSE153066,GSM4633752,IDD5,IDD5,NP,degenerated,inflammatory_nfkb,TNFRSF1A,1,1103.0,7149106.0
GSE153066,GSM4633752,IDD5,IDD5,NP,degenerated,hypoxia_oxidative_stress,BNIP3,1,410.0,7149106.0
GSE153066,GSM4633752,IDD5,IDD5,NP,degenerated,hypoxia_oxidative_stress,CA9,1,211.0,7149106.0
GSE153066,GSM4633752,IDD5,IDD5,NP,degenerated,hypoxia_oxidative_stress,EGLN1,1,298.0,7149106.0
GSE153066,GSM4633752,IDD5,IDD5,NP,degenerated,hypoxia_oxidative_stress,EPAS1,1,116.0,7149106.0
GSE153066,GSM4633752,IDD5,IDD5,NP,degenerated,hypoxia_oxidative_stress,GCLM,1,1036.0,7149106.0
GSE153066,GSM4633752,IDD5,IDD5,NP,degenerated,hypoxia_oxidative_stress,GPX1,1,739.0,7149106.0
GSE153066,GSM4633752,IDD5,IDD5,NP,degenerated,hypoxia_oxidative_stress,HIF1A,1,1701.0,7149106.0
GSE153066,GSM4633752,IDD5,IDD5,NP,degenerated,hypoxia_oxidative_stress,HMOX1,1,5030.0,7149106.0
GSE153066,GSM4633752,IDD5,IDD5,NP,degenerated,hypoxia_oxidative_stress,LDHA,1,6077.0,7149106.0
GSE153066,GSM4633752,IDD5,IDD5,NP,degenerated,hypoxia_oxidative_stress,NFE2L2,1,2651.0,7149106.0
GSE153066,GSM4633752,IDD5,IDD5,NP,degenerated,hypoxia_oxidative_stress,NQO1,1,39.0,7149106.0
GSE153066,GSM4633752,IDD5,IDD5,NP,degenerated,hypoxia_oxidative_stress,PDK1,1,99.0,7149106.0
GSE153066,GSM4633752,IDD5,IDD5,NP,degenerated,hypoxia_oxidative_stress,PRDX1,1,546.0,7149106.0
GSE153066,GSM4633752,IDD5,IDD5,NP,degenerated,hypoxia_oxidative_stress,SLC2A1,1,453.0,7149106.0
GSE153066,GSM4633752,IDD5,IDD5,NP,degenerated,hypoxia_oxidative_stress,SOD1,1,1272.0,7149106.0
GSE153066,GSM4633752,IDD5,IDD5,NP,degenerated,hypoxia_oxidative_stress,SOD2,1,16383.0,7149106.0
GSE153066,GSM4633752,IDD5,IDD5,NP,degenerated,hypoxia_oxidative_stress,TXN,1,1419.0,7149106.0
GSE153066,GSM4633752,IDD5,IDD5,NP,degenerated,hypoxia_oxidative_stress,VEGFA,1,1301.0,7149106.0
GSE153066,GSM4633752,IDD5,IDD5,NP,degenerated,disc_matrix_homeostasis,ACAN,1,2750.0,7149106.0
GSE153066,GSM4633752,IDD5,IDD5,NP,degenerated,disc_matrix_homeostasis,B3GAT1,1,21.0,7149106.0
GSE153066,GSM4633752,IDD5,IDD5,NP,degenerated,disc_matrix_homeostasis,BGN,1,3371.0,7149106.0
GSE153066,GSM4633752,IDD5,IDD5,NP,degenerated,disc_matrix_homeostasis,CILP,1,2299.0,7149106.0
GSE153066,GSM4633752,IDD5,IDD5,NP,degenerated,disc_matrix_homeostasis,COL2A1,1,7128.0,7149106.0
GSE153066,GSM4633752,IDD5,IDD5,NP,degenerated,disc_matrix_homeostasis,COL9A1,1,1.0,7149106.0
GSE153066,GSM4633752,IDD5,IDD5,NP,degenerated,disc_matrix_homeostasis,COL9A2,1,318.0,7149106.0
GSE153066,GSM4633752,IDD5,IDD5,NP,degenerated,disc_matrix_homeostasis,COL9A3,1,531.0,7149106.0
GSE153066,GSM4633752,IDD5,IDD5,NP,degenerated,disc_matrix_homeostasis,COMP,1,15356.0,7149106.0
GSE153066,GSM4633752,IDD5,IDD5,NP,degenerated,disc_matrix_homeostasis,FMOD,1,7937.0,7149106.0
GSE153066,GSM4633752,IDD5,IDD5,NP,degenerated,disc_matrix_homeostasis,HAPLN1,1,981.0,7149106.0
GSE153066,GSM4633752,IDD5,IDD5,NP,degenerated,disc_matrix_homeostasis,HAS2,1,16.0,7149106.0
GSE153066,GSM4633752,IDD5,IDD5,NP,degenerated,disc_matrix_homeostasis,KRT19,1,0.0,7149106.0
GSE153066,GSM4633752,IDD5,IDD5,NP,degenerated,disc_matrix_homeostasis,MATN3,1,17.0,7149106.0
GSE153066,GSM4633752,IDD5,IDD5,NP,degenerated,disc_matrix_homeostasis,SOX9,1,1119.0,7149106.0
GSE153066,GSM4633753,IDD6,IDD6,NP,degenerated,ecm_collagen_remodeling,ADAMTS4,1,654.0,17483089.0
GSE153066,GSM4633753,IDD6,IDD6,NP,degenerated,ecm_collagen_remodeling,ADAMTS5,1,924.0,17483089.0
GSE153066,GSM4633753,IDD6,IDD6,NP,degenerated,ecm_collagen_remodeling,COL1A1,1,176474.0,17483089.0
GSE153066,GSM4633753,IDD6,IDD6,NP,degenerated,ecm_collagen_remodeling,COL1A2,1,131561.0,17483089.0
GSE153066,GSM4633753,IDD6,IDD6,NP,degenerated,ecm_collagen_remodeling,COL3A1,1,150066.0,17483089.0
GSE153066,GSM4633753,IDD6,IDD6,NP,degenerated,ecm_collagen_remodeling,COL5A1,1,11917.0,17483089.0
GSE153066,GSM4633753,IDD6,IDD6,NP,degenerated,ecm_collagen_remodeling,COL5A2,1,17324.0,17483089.0
GSE153066,GSM4633753,IDD6,IDD6,NP,degenerated,ecm_collagen_remodeling,COL6A1,1,23889.0,17483089.0
GSE153066,GSM4633753,IDD6,IDD6,NP,degenerated,ecm_collagen_remodeling,COL6A2,1,25134.0,17483089.0
GSE153066,GSM4633753,IDD6,IDD6,NP,degenerated,ecm_collagen_remodeling,COL6A3,1,29232.0,17483089.0
GSE153066,GSM4633753,IDD6,IDD6,NP,degenerated,ecm_collagen_remodeling,DCN,1,185160.0,17483089.0
GSE153066,GSM4633753,IDD6,IDD6,NP,degenerated,ecm_collagen_remodeling,FN1,1,218475.0,17483089.0
GSE153066,GSM4633753,IDD6,IDD6,NP,degenerated,ecm_collagen_remodeling,LOX,1,6635.0,17483089.0
GSE153066,GSM4633753,IDD6,IDD6,NP,degenerated,ecm_collagen_remodeling,LOXL2,1,3162.0,17483089.0
GSE153066,GSM4633753,IDD6,IDD6,NP,degenerated,ecm_collagen_remodeling,LUM,1,43801.0,17483089.0
GSE153066,GSM4633753,IDD6,IDD6,NP,degenerated,ecm_collagen_remodeling,MMP2,1,8254.0,17483089.0
GSE153066,GSM4633753,IDD6,IDD6,NP,degenerated,ecm_collagen_remodeling,MMP3,1,4280.0,17483089.0
GSE153066,GSM4633753,IDD6,IDD6,NP,degenerated,ecm_collagen_remodeling,MMP9,1,4782.0,17483089.0
GSE153066,GSM4633753,IDD6,IDD6,NP,degenerated,ecm_collagen_remodeling,MMP13,1,16854.0,17483089.0
GSE153066,GSM4633753,IDD6,IDD6,NP,degenerated,ecm_collagen_remodeling,POSTN,1,74000.0,17483089.0
GSE153066,GSM4633753,IDD6,IDD6,NP,degenerated,ecm_collagen_remodeling,SPARC,1,75692.0,17483089.0
GSE153066,GSM4633753,IDD6,IDD6,NP,degenerated,ecm_collagen_remodeling,TIMP1,1,44781.0,17483089.0
GSE153066,GSM4633753,IDD6,IDD6,NP,degenerated,ecm_collagen_remodeling,TIMP2,1,13559.0,17483089.0
GSE153066,GSM4633753,IDD6,IDD6,NP,degenerated,ecm_collagen_remodeling,TNC,1,6440.0,17483089.0
GSE153066,GSM4633753,IDD6,IDD6,NP,degenerated,inflammatory_nfkb,CCL2,1,2451.0,17483089.0
GSE153066,GSM4633753,IDD6,IDD6,NP,degenerated,inflammatory_nfkb,CCL5,1,490.0,17483089.0
GSE153066,GSM4633753,IDD6,IDD6,NP,degenerated,inflammatory_nfkb,CXCL8,1,14251.0,17483089.0
GSE153066,GSM4633753,IDD6,IDD6,NP,degenerated,inflammatory_nfkb,FOS,1,44352.0,17483089.0
GSE153066,GSM4633753,IDD6,IDD6,NP,degenerated,inflammatory_nfkb,IKBKB,1,231.0,17483089.0
GSE153066,GSM4633753,IDD6,IDD6,NP,degenerated,inflammatory_nfkb,IKBKG,1,0.0,17483089.0
GSE153066,GSM4633753,IDD6,IDD6,NP,degenerated,inflammatory_nfkb,IL1B,1,3376.0,17483089.0
GSE153066,GSM4633753,IDD6,IDD6,NP,degenerated,inflammatory_nfkb,IL6,1,665.0,17483089.0
GSE153066,GSM4633753,IDD6,IDD6,NP,degenerated,inflammatory_nfkb,JUN,1,23110.0,17483089.0
GSE153066,GSM4633753,IDD6,IDD6,NP,degenerated,inflammatory_nfkb,NFKB1,1,806.0,17483089.0
GSE153066,GSM4633753,IDD6,IDD6,NP,degenerated,inflammatory_nfkb,NFKB2,1,948.0,17483089.0
GSE153066,GSM4633753,IDD6,IDD6,NP,degenerated,inflammatory_nfkb,NFKBIA,1,11055.0,17483089.0
GSE153066,GSM4633753,IDD6,IDD6,NP,degenerated,inflammatory_nfkb,NLRP3,1,167.0,17483089.0
GSE153066,GSM4633753,IDD6,IDD6,NP,degenerated,inflammatory_nfkb,RELA,1,1166.0,17483089.0
GSE153066,GSM4633753,IDD6,IDD6,NP,degenerated,inflammatory_nfkb,RELB,1,279.0,17483089.0
GSE153066,GSM4633753,IDD6,IDD6,NP,degenerated,inflammatory_nfkb,STAT3,1,2595.0,17483089.0
GSE153066,GSM4633753,IDD6,IDD6,NP,degenerated,inflammatory_nfkb,TICAM1,1,237.0,17483089.0
GSE153066,GSM4633753,IDD6,IDD6,NP,degenerated,inflammatory_nfkb,TLR2,1,540.0,17483089.0
GSE153066,GSM4633753,IDD6,IDD6,NP,degenerated,inflammatory_nfkb,TLR4,1,299.0,17483089.0
GSE153066,GSM4633753,IDD6,IDD6,NP,degenerated,inflammatory_nfkb,TNF,1,1281.0,17483089.0
GSE153066,GSM4633753,IDD6,IDD6,NP,degenerated,inflammatory_nfkb,TNFRSF1A,1,2185.0,17483089.0
GSE153066,GSM4633753,IDD6,IDD6,NP,degenerated,hypoxia_oxidative_stress,BNIP3,1,3132.0,17483089.0
GSE153066,GSM4633753,IDD6,IDD6,NP,degenerated,hypoxia_oxidative_stress,CA9,1,402.0,17483089.0
GSE153066,GSM4633753,IDD6,IDD6,NP,degenerated,hypoxia_oxidative_stress,EGLN1,1,718.0,17483089.0
GSE153066,GSM4633753,IDD6,IDD6,NP,degenerated,hypoxia_oxidative_stress,EPAS1,1,1495.0,17483089.0
GSE153066,GSM4633753,IDD6,IDD6,NP,degenerated,hypoxia_oxidative_stress,GCLM,1,944.0,17483089.0
GSE153066,GSM4633753,IDD6,IDD6,NP,degenerated,hypoxia_oxidative_stress,GPX1,1,8100.0,17483089.0
GSE153066,GSM4633753,IDD6,IDD6,NP,degenerated,hypoxia_oxidative_stress,HIF1A,1,6064.0,17483089.0
GSE153066,GSM4633753,IDD6,IDD6,NP,degenerated,hypoxia_oxidative_stress,HMOX1,1,10817.0,17483089.0
GSE153066,GSM4633753,IDD6,IDD6,NP,degenerated,hypoxia_oxidative_stress,LDHA,1,20698.0,17483089.0
GSE153066,GSM4633753,IDD6,IDD6,NP,degenerated,hypoxia_oxidative_stress,NFE2L2,1,2569.0,17483089.0
GSE153066,GSM4633753,IDD6,IDD6,NP,degenerated,hypoxia_oxidative_stress,NQO1,1,606.0,17483089.0
GSE153066,GSM4633753,IDD6,IDD6,NP,degenerated,hypoxia_oxidative_stress,PDK1,1,266.0,17483089.0
GSE153066,GSM4633753,IDD6,IDD6,NP,degenerated,hypoxia_oxidative_stress,PRDX1,1,739.0,17483089.0
GSE153066,GSM4633753,IDD6,IDD6,NP,degenerated,hypoxia_oxidative_stress,SLC2A1,1,1176.0,17483089.0
GSE153066,GSM4633753,IDD6,IDD6,NP,degenerated,hypoxia_oxidative_stress,SOD1,1,6555.0,17483089.0
GSE153066,GSM4633753,IDD6,IDD6,NP,degenerated,hypoxia_oxidative_stress,SOD2,1,10623.0,17483089.0
GSE153066,GSM4633753,IDD6,IDD6,NP,degenerated,hypoxia_oxidative_stress,TXN,1,6587.0,17483089.0
GSE153066,GSM4633753,IDD6,IDD6,NP,degenerated,hypoxia_oxidative_stress,VEGFA,1,2153.0,17483089.0
GSE153066,GSM4633753,IDD6,IDD6,NP,degenerated,disc_matrix_homeostasis,ACAN,1,29359.0,17483089.0
GSE153066,GSM4633753,IDD6,IDD6,NP,degenerated,disc_matrix_homeostasis,B3GAT1,1,3.0,17483089.0
GSE153066,GSM4633753,IDD6,IDD6,NP,degenerated,disc_matrix_homeostasis,BGN,1,30301.0,17483089.0
GSE153066,GSM4633753,IDD6,IDD6,NP,degenerated,disc_matrix_homeostasis,CILP,1,2580.0,17483089.0
GSE153066,GSM4633753,IDD6,IDD6,NP,degenerated,disc_matrix_homeostasis,COL2A1,1,6860.0,17483089.0
GSE153066,GSM4633753,IDD6,IDD6,NP,degenerated,disc_matrix_homeostasis,COL9A1,1,12.0,17483089.0
GSE153066,GSM4633753,IDD6,IDD6,NP,degenerated,disc_matrix_homeostasis,COL9A2,1,612.0,17483089.0
GSE153066,GSM4633753,IDD6,IDD6,NP,degenerated,disc_matrix_homeostasis,COL9A3,1,1278.0,17483089.0
GSE153066,GSM4633753,IDD6,IDD6,NP,degenerated,disc_matrix_homeostasis,COMP,1,81159.0,17483089.0
GSE153066,GSM4633753,IDD6,IDD6,NP,degenerated,disc_matrix_homeostasis,FMOD,1,14301.0,17483089.0
GSE153066,GSM4633753,IDD6,IDD6,NP,degenerated,disc_matrix_homeostasis,HAPLN1,1,3455.0,17483089.0
GSE153066,GSM4633753,IDD6,IDD6,NP,degenerated,disc_matrix_homeostasis,HAS2,1,776.0,17483089.0
GSE153066,GSM4633753,IDD6,IDD6,NP,degenerated,disc_matrix_homeostasis,KRT19,1,18.0,17483089.0
GSE153066,GSM4633753,IDD6,IDD6,NP,degenerated,disc_matrix_homeostasis,MATN3,1,181.0,17483089.0
GSE153066,GSM4633753,IDD6,IDD6,NP,degenerated,disc_matrix_homeostasis,SOX9,1,2859.0,17483089.0
GSE153066,GSM4633754,IDD7,IDD7,NP,degenerated,ecm_collagen_remodeling,ADAMTS4,1,18.0,13630422.0
GSE153066,GSM4633754,IDD7,IDD7,NP,degenerated,ecm_collagen_remodeling,ADAMTS5,1,118.0,13630422.0
GSE153066,GSM4633754,IDD7,IDD7,NP,degenerated,ecm_collagen_remodeling,COL1A1,1,7863.0,13630422.0
GSE153066,GSM4633754,IDD7,IDD7,NP,degenerated,ecm_collagen_remodeling,COL1A2,1,26998.0,13630422.0
GSE153066,GSM4633754,IDD7,IDD7,NP,degenerated,ecm_collagen_remodeling,COL3A1,1,23231.0,13630422.0
GSE153066,GSM4633754,IDD7,IDD7,NP,degenerated,ecm_collagen_remodeling,COL5A1,1,3170.0,13630422.0
GSE153066,GSM4633754,IDD7,IDD7,NP,degenerated,ecm_collagen_remodeling,COL5A2,1,3973.0,13630422.0
GSE153066,GSM4633754,IDD7,IDD7,NP,degenerated,ecm_collagen_remodeling,COL6A1,1,5924.0,13630422.0
GSE153066,GSM4633754,IDD7,IDD7,NP,degenerated,ecm_collagen_remodeling,COL6A2,1,7142.0,13630422.0
GSE153066,GSM4633754,IDD7,IDD7,NP,degenerated,ecm_collagen_remodeling,COL6A3,1,2372.0,13630422.0
GSE153066,GSM4633754,IDD7,IDD7,NP,degenerated,ecm_collagen_remodeling,DCN,1,138765.0,13630422.0
GSE153066,GSM4633754,IDD7,IDD7,NP,degenerated,ecm_collagen_remodeling,FN1,1,231825.0,13630422.0
GSE153066,GSM4633754,IDD7,IDD7,NP,degenerated,ecm_collagen_remodeling,LOX,1,2105.0,13630422.0
GSE153066,GSM4633754,IDD7,IDD7,NP,degenerated,ecm_collagen_remodeling,LOXL2,1,1052.0,13630422.0
GSE153066,GSM4633754,IDD7,IDD7,NP,degenerated,ecm_collagen_remodeling,LUM,1,66474.0,13630422.0
GSE153066,GSM4633754,IDD7,IDD7,NP,degenerated,ecm_collagen_remodeling,MMP2,1,209.0,13630422.0
GSE153066,GSM4633754,IDD7,IDD7,NP,degenerated,ecm_collagen_remodeling,MMP3,1,1850.0,13630422.0
GSE153066,GSM4633754,IDD7,IDD7,NP,degenerated,ecm_collagen_remodeling,MMP9,1,5235.0,13630422.0
GSE153066,GSM4633754,IDD7,IDD7,NP,degenerated,ecm_collagen_remodeling,MMP13,1,114.0,13630422.0
GSE153066,GSM4633754,IDD7,IDD7,NP,degenerated,ecm_collagen_remodeling,POSTN,1,1368.0,13630422.0
GSE153066,GSM4633754,IDD7,IDD7,NP,degenerated,ecm_collagen_remodeling,SPARC,1,61158.0,13630422.0
GSE153066,GSM4633754,IDD7,IDD7,NP,degenerated,ecm_collagen_remodeling,TIMP1,1,10389.0,13630422.0
GSE153066,GSM4633754,IDD7,IDD7,NP,degenerated,ecm_collagen_remodeling,TIMP2,1,7277.0,13630422.0
GSE153066,GSM4633754,IDD7,IDD7,NP,degenerated,ecm_collagen_remodeling,TNC,1,453.0,13630422.0
GSE153066,GSM4633754,IDD7,IDD7,NP,degenerated,inflammatory_nfkb,CCL2,1,277.0,13630422.0
GSE153066,GSM4633754,IDD7,IDD7,NP,degenerated,inflammatory_nfkb,CCL5,1,1530.0,13630422.0
GSE153066,GSM4633754,IDD7,IDD7,NP,degenerated,inflammatory_nfkb,CXCL8,1,70865.0,13630422.0
GSE153066,GSM4633754,IDD7,IDD7,NP,degenerated,inflammatory_nfkb,FOS,1,65385.0,13630422.0
GSE153066,GSM4633754,IDD7,IDD7,NP,degenerated,inflammatory_nfkb,IKBKB,1,137.0,13630422.0
GSE153066,GSM4633754,IDD7,IDD7,NP,degenerated,inflammatory_nfkb,IKBKG,1,1.0,13630422.0
GSE153066,GSM4633754,IDD7,IDD7,NP,degenerated,inflammatory_nfkb,IL1B,1,9968.0,13630422.0
GSE153066,GSM4633754,IDD7,IDD7,NP,degenerated,inflammatory_nfkb,IL6,1,86.0,13630422.0
GSE153066,GSM4633754,IDD7,IDD7,NP,degenerated,inflammatory_nfkb,JUN,1,22883.0,13630422.0
GSE153066,GSM4633754,IDD7,IDD7,NP,degenerated,inflammatory_nfkb,NFKB1,1,858.0,13630422.0
GSE153066,GSM4633754,IDD7,IDD7,NP,degenerated,inflammatory_nfkb,NFKB2,1,1290.0,13630422.0
GSE153066,GSM4633754,IDD7,IDD7,NP,degenerated,inflammatory_nfkb,NFKBIA,1,24510.0,13630422.0
GSE153066,GSM4633754,IDD7,IDD7,NP,degenerated,inflammatory_nfkb,NLRP3,1,229.0,13630422.0
GSE153066,GSM4633754,IDD7,IDD7,NP,degenerated,inflammatory_nfkb,RELA,1,855.0,13630422.0
GSE153066,GSM4633754,IDD7,IDD7,NP,degenerated,inflammatory_nfkb,RELB,1,260.0,13630422.0
GSE153066,GSM4633754,IDD7,IDD7,NP,degenerated,inflammatory_nfkb,STAT3,1,2309.0,13630422.0
GSE153066,GSM4633754,IDD7,IDD7,NP,degenerated,inflammatory_nfkb,TICAM1,1,246.0,13630422.0
GSE153066,GSM4633754,IDD7,IDD7,NP,degenerated,inflammatory_nfkb,TLR2,1,673.0,13630422.0
GSE153066,GSM4633754,IDD7,IDD7,NP,degenerated,inflammatory_nfkb,TLR4,1,872.0,13630422.0
GSE153066,GSM4633754,IDD7,IDD7,NP,degenerated,inflammatory_nfkb,TNF,1,570.0,13630422.0
GSE153066,GSM4633754,IDD7,IDD7,NP,degenerated,inflammatory_nfkb,TNFRSF1A,1,1315.0,13630422.0
GSE153066,GSM4633754,IDD7,IDD7,NP,degenerated,hypoxia_oxidative_stress,BNIP3,1,3714.0,13630422.0
GSE153066,GSM4633754,IDD7,IDD7,NP,degenerated,hypoxia_oxidative_stress,CA9,1,827.0,13630422.0
GSE153066,GSM4633754,IDD7,IDD7,NP,degenerated,hypoxia_oxidative_stress,EGLN1,1,1091.0,13630422.0
GSE153066,GSM4633754,IDD7,IDD7,NP,degenerated,hypoxia_oxidative_stress,EPAS1,1,319.0,13630422.0
GSE153066,GSM4633754,IDD7,IDD7,NP,degenerated,hypoxia_oxidative_stress,GCLM,1,1016.0,13630422.0
GSE153066,GSM4633754,IDD7,IDD7,NP,degenerated,hypoxia_oxidative_stress,GPX1,1,2975.0,13630422.0
GSE153066,GSM4633754,IDD7,IDD7,NP,degenerated,hypoxia_oxidative_stress,HIF1A,1,4132.0,13630422.0
GSE153066,GSM4633754,IDD7,IDD7,NP,degenerated,hypoxia_oxidative_stress,HMOX1,1,5247.0,13630422.0
GSE153066,GSM4633754,IDD7,IDD7,NP,degenerated,hypoxia_oxidative_stress,LDHA,1,11370.0,13630422.0
GSE153066,GSM4633754,IDD7,IDD7,NP,degenerated,hypoxia_oxidative_stress,NFE2L2,1,3556.0,13630422.0
GSE153066,GSM4633754,IDD7,IDD7,NP,degenerated,hypoxia_oxidative_stress,NQO1,1,180.0,13630422.0
GSE153066,GSM4633754,IDD7,IDD7,NP,degenerated,hypoxia_oxidative_stress,PDK1,1,248.0,13630422.0
GSE153066,GSM4633754,IDD7,IDD7,NP,degenerated,hypoxia_oxidative_stress,PRDX1,1,269.0,13630422.0
GSE153066,GSM4633754,IDD7,IDD7,NP,degenerated,hypoxia_oxidative_stress,SLC2A1,1,1415.0,13630422.0
GSE153066,GSM4633754,IDD7,IDD7,NP,degenerated,hypoxia_oxidative_stress,SOD1,1,5013.0,13630422.0
GSE153066,GSM4633754,IDD7,IDD7,NP,degenerated,hypoxia_oxidative_stress,SOD2,1,19045.0,13630422.0
GSE153066,GSM4633754,IDD7,IDD7,NP,degenerated,hypoxia_oxidative_stress,TXN,1,3169.0,13630422.0
GSE153066,GSM4633754,IDD7,IDD7,NP,degenerated,hypoxia_oxidative_stress,VEGFA,1,2723.0,13630422.0
GSE153066,GSM4633754,IDD7,IDD7,NP,degenerated,disc_matrix_homeostasis,ACAN,1,31127.0,13630422.0
GSE153066,GSM4633754,IDD7,IDD7,NP,degenerated,disc_matrix_homeostasis,B3GAT1,1,4.0,13630422.0
GSE153066,GSM4633754,IDD7,IDD7,NP,degenerated,disc_matrix_homeostasis,BGN,1,27111.0,13630422.0
GSE153066,GSM4633754,IDD7,IDD7,NP,degenerated,disc_matrix_homeostasis,CILP,1,12249.0,13630422.0
GSE153066,GSM4633754,IDD7,IDD7,NP,degenerated,disc_matrix_homeostasis,COL2A1,1,83992.0,13630422.0
GSE153066,GSM4633754,IDD7,IDD7,NP,degenerated,disc_matrix_homeostasis,COL9A1,1,162.0,13630422.0
GSE153066,GSM4633754,IDD7,IDD7,NP,degenerated,disc_matrix_homeostasis,COL9A2,1,2230.0,13630422.0
GSE153066,GSM4633754,IDD7,IDD7,NP,degenerated,disc_matrix_homeostasis,COL9A3,1,4321.0,13630422.0
GSE153066,GSM4633754,IDD7,IDD7,NP,degenerated,disc_matrix_homeostasis,COMP,1,80762.0,13630422.0
GSE153066,GSM4633754,IDD7,IDD7,NP,degenerated,disc_matrix_homeostasis,FMOD,1,56266.0,13630422.0
GSE153066,GSM4633754,IDD7,IDD7,NP,degenerated,disc_matrix_homeostasis,HAPLN1,1,10955.0,13630422.0
GSE153066,GSM4633754,IDD7,IDD7,NP,degenerated,disc_matrix_homeostasis,HAS2,1,103.0,13630422.0
GSE153066,GSM4633754,IDD7,IDD7,NP,degenerated,disc_matrix_homeostasis,KRT19,1,3.0,13630422.0
GSE153066,GSM4633754,IDD7,IDD7,NP,degenerated,disc_matrix_homeostasis,MATN3,1,48.0,13630422.0
GSE153066,GSM4633754,IDD7,IDD7,NP,degenerated,disc_matrix_homeostasis,SOX9,1,5048.0,13630422.0
GSE153066,GSM4633755,IDD8,IDD8,NP,degenerated,ecm_collagen_remodeling,ADAMTS4,1,363.0,11670714.0
GSE153066,GSM4633755,IDD8,IDD8,NP,degenerated,ecm_collagen_remodeling,ADAMTS5,1,917.0,11670714.0
GSE153066,GSM4633755,IDD8,IDD8,NP,degenerated,ecm_collagen_remodeling,COL1A1,1,36451.0,11670714.0
GSE153066,GSM4633755,IDD8,IDD8,NP,degenerated,ecm_collagen_remodeling,COL1A2,1,35993.0,11670714.0
GSE153066,GSM4633755,IDD8,IDD8,NP,degenerated,ecm_collagen_remodeling,COL3A1,1,37919.0,11670714.0
GSE153066,GSM4633755,IDD8,IDD8,NP,degenerated,ecm_collagen_remodeling,COL5A1,1,3887.0,11670714.0
GSE153066,GSM4633755,IDD8,IDD8,NP,degenerated,ecm_collagen_remodeling,COL5A2,1,4782.0,11670714.0
GSE153066,GSM4633755,IDD8,IDD8,NP,degenerated,ecm_collagen_remodeling,COL6A1,1,7999.0,11670714.0
GSE153066,GSM4633755,IDD8,IDD8,NP,degenerated,ecm_collagen_remodeling,COL6A2,1,6854.0,11670714.0
GSE153066,GSM4633755,IDD8,IDD8,NP,degenerated,ecm_collagen_remodeling,COL6A3,1,9145.0,11670714.0
GSE153066,GSM4633755,IDD8,IDD8,NP,degenerated,ecm_collagen_remodeling,DCN,1,133110.0,11670714.0
GSE153066,GSM4633755,IDD8,IDD8,NP,degenerated,ecm_collagen_remodeling,FN1,1,258812.0,11670714.0
GSE153066,GSM4633755,IDD8,IDD8,NP,degenerated,ecm_collagen_remodeling,LOX,1,1597.0,11670714.0
GSE153066,GSM4633755,IDD8,IDD8,NP,degenerated,ecm_collagen_remodeling,LOXL2,1,1116.0,11670714.0
GSE153066,GSM4633755,IDD8,IDD8,NP,degenerated,ecm_collagen_remodeling,LUM,1,60601.0,11670714.0
GSE153066,GSM4633755,IDD8,IDD8,NP,degenerated,ecm_collagen_remodeling,MMP2,1,4044.0,11670714.0
GSE153066,GSM4633755,IDD8,IDD8,NP,degenerated,ecm_collagen_remodeling,MMP3,1,24151.0,11670714.0
GSE153066,GSM4633755,IDD8,IDD8,NP,degenerated,ecm_collagen_remodeling,MMP9,1,252.0,11670714.0
GSE153066,GSM4633755,IDD8,IDD8,NP,degenerated,ecm_collagen_remodeling,MMP13,1,2835.0,11670714.0
GSE153066,GSM4633755,IDD8,IDD8,NP,degenerated,ecm_collagen_remodeling,POSTN,1,12339.0,11670714.0
GSE153066,GSM4633755,IDD8,IDD8,NP,degenerated,ecm_collagen_remodeling,SPARC,1,21711.0,11670714.0
GSE153066,GSM4633755,IDD8,IDD8,NP,degenerated,ecm_collagen_remodeling,TIMP1,1,43464.0,11670714.0
GSE153066,GSM4633755,IDD8,IDD8,NP,degenerated,ecm_collagen_remodeling,TIMP2,1,13595.0,11670714.0
GSE153066,GSM4633755,IDD8,IDD8,NP,degenerated,ecm_collagen_remodeling,TNC,1,2362.0,11670714.0
GSE153066,GSM4633755,IDD8,IDD8,NP,degenerated,inflammatory_nfkb,CCL2,1,1049.0,11670714.0
GSE153066,GSM4633755,IDD8,IDD8,NP,degenerated,inflammatory_nfkb,CCL5,1,335.0,11670714.0
GSE153066,GSM4633755,IDD8,IDD8,NP,degenerated,inflammatory_nfkb,CXCL8,1,6504.0,11670714.0
GSE153066,GSM4633755,IDD8,IDD8,NP,degenerated,inflammatory_nfkb,FOS,1,20227.0,11670714.0
GSE153066,GSM4633755,IDD8,IDD8,NP,degenerated,inflammatory_nfkb,IKBKB,1,90.0,11670714.0
GSE153066,GSM4633755,IDD8,IDD8,NP,degenerated,inflammatory_nfkb,IKBKG,1,0.0,11670714.0
GSE153066,GSM4633755,IDD8,IDD8,NP,degenerated,inflammatory_nfkb,IL1B,1,660.0,11670714.0
GSE153066,GSM4633755,IDD8,IDD8,NP,degenerated,inflammatory_nfkb,IL6,1,1439.0,11670714.0
GSE153066,GSM4633755,IDD8,IDD8,NP,degenerated,inflammatory_nfkb,JUN,1,8804.0,11670714.0
GSE153066,GSM4633755,IDD8,IDD8,NP,degenerated,inflammatory_nfkb,NFKB1,1,688.0,11670714.0
GSE153066,GSM4633755,IDD8,IDD8,NP,degenerated,inflammatory_nfkb,NFKB2,1,617.0,11670714.0
GSE153066,GSM4633755,IDD8,IDD8,NP,degenerated,inflammatory_nfkb,NFKBIA,1,12006.0,11670714.0
GSE153066,GSM4633755,IDD8,IDD8,NP,degenerated,inflammatory_nfkb,NLRP3,1,26.0,11670714.0
GSE153066,GSM4633755,IDD8,IDD8,NP,degenerated,inflammatory_nfkb,RELA,1,982.0,11670714.0
GSE153066,GSM4633755,IDD8,IDD8,NP,degenerated,inflammatory_nfkb,RELB,1,268.0,11670714.0
GSE153066,GSM4633755,IDD8,IDD8,NP,degenerated,inflammatory_nfkb,STAT3,1,1625.0,11670714.0
GSE153066,GSM4633755,IDD8,IDD8,NP,degenerated,inflammatory_nfkb,TICAM1,1,206.0,11670714.0
GSE153066,GSM4633755,IDD8,IDD8,NP,degenerated,inflammatory_nfkb,TLR2,1,162.0,11670714.0
GSE153066,GSM4633755,IDD8,IDD8,NP,degenerated,inflammatory_nfkb,TLR4,1,109.0,11670714.0
GSE153066,GSM4633755,IDD8,IDD8,NP,degenerated,inflammatory_nfkb,TNF,1,244.0,11670714.0
GSE153066,GSM4633755,IDD8,IDD8,NP,degenerated,inflammatory_nfkb,TNFRSF1A,1,1225.0,11670714.0
GSE153066,GSM4633755,IDD8,IDD8,NP,degenerated,hypoxia_oxidative_stress,BNIP3,1,2440.0,11670714.0
GSE153066,GSM4633755,IDD8,IDD8,NP,degenerated,hypoxia_oxidative_stress,CA9,1,743.0,11670714.0
GSE153066,GSM4633755,IDD8,IDD8,NP,degenerated,hypoxia_oxidative_stress,EGLN1,1,570.0,11670714.0
GSE153066,GSM4633755,IDD8,IDD8,NP,degenerated,hypoxia_oxidative_stress,EPAS1,1,974.0,11670714.0
GSE153066,GSM4633755,IDD8,IDD8,NP,degenerated,hypoxia_oxidative_stress,GCLM,1,960.0,11670714.0
GSE153066,GSM4633755,IDD8,IDD8,NP,degenerated,hypoxia_oxidative_stress,GPX1,1,4475.0,11670714.0
GSE153066,GSM4633755,IDD8,IDD8,NP,degenerated,hypoxia_oxidative_stress,HIF1A,1,3555.0,11670714.0
GSE153066,GSM4633755,IDD8,IDD8,NP,degenerated,hypoxia_oxidative_stress,HMOX1,1,23201.0,11670714.0
GSE153066,GSM4633755,IDD8,IDD8,NP,degenerated,hypoxia_oxidative_stress,LDHA,1,16935.0,11670714.0
GSE153066,GSM4633755,IDD8,IDD8,NP,degenerated,hypoxia_oxidative_stress,NFE2L2,1,1872.0,11670714.0
GSE153066,GSM4633755,IDD8,IDD8,NP,degenerated,hypoxia_oxidative_stress,NQO1,1,334.0,11670714.0
GSE153066,GSM4633755,IDD8,IDD8,NP,degenerated,hypoxia_oxidative_stress,PDK1,1,177.0,11670714.0
GSE153066,GSM4633755,IDD8,IDD8,NP,degenerated,hypoxia_oxidative_stress,PRDX1,1,1411.0,11670714.0
GSE153066,GSM4633755,IDD8,IDD8,NP,degenerated,hypoxia_oxidative_stress,SLC2A1,1,1471.0,11670714.0
GSE153066,GSM4633755,IDD8,IDD8,NP,degenerated,hypoxia_oxidative_stress,SOD1,1,6634.0,11670714.0
GSE153066,GSM4633755,IDD8,IDD8,NP,degenerated,hypoxia_oxidative_stress,SOD2,1,29857.0,11670714.0
GSE153066,GSM4633755,IDD8,IDD8,NP,degenerated,hypoxia_oxidative_stress,TXN,1,5508.0,11670714.0
GSE153066,GSM4633755,IDD8,IDD8,NP,degenerated,hypoxia_oxidative_stress,VEGFA,1,3637.0,11670714.0
GSE153066,GSM4633755,IDD8,IDD8,NP,degenerated,disc_matrix_homeostasis,ACAN,1,5109.0,11670714.0
GSE153066,GSM4633755,IDD8,IDD8,NP,degenerated,disc_matrix_homeostasis,B3GAT1,1,5.0,11670714.0
GSE153066,GSM4633755,IDD8,IDD8,NP,degenerated,disc_matrix_homeostasis,BGN,1,15625.0,11670714.0
GSE153066,GSM4633755,IDD8,IDD8,NP,degenerated,disc_matrix_homeostasis,CILP,1,251.0,11670714.0
GSE153066,GSM4633755,IDD8,IDD8,NP,degenerated,disc_matrix_homeostasis,COL2A1,1,4374.0,11670714.0
GSE153066,GSM4633755,IDD8,IDD8,NP,degenerated,disc_matrix_homeostasis,COL9A1,1,5.0,11670714.0
GSE153066,GSM4633755,IDD8,IDD8,NP,degenerated,disc_matrix_homeostasis,COL9A2,1,180.0,11670714.0
GSE153066,GSM4633755,IDD8,IDD8,NP,degenerated,disc_matrix_homeostasis,COL9A3,1,389.0,11670714.0
GSE153066,GSM4633755,IDD8,IDD8,NP,degenerated,disc_matrix_homeostasis,COMP,1,29358.0,11670714.0
GSE153066,GSM4633755,IDD8,IDD8,NP,degenerated,disc_matrix_homeostasis,FMOD,1,9630.0,11670714.0
GSE153066,GSM4633755,IDD8,IDD8,NP,degenerated,disc_matrix_homeostasis,HAPLN1,1,6923.0,11670714.0
GSE153066,GSM4633755,IDD8,IDD8,NP,degenerated,disc_matrix_homeostasis,HAS2,1,474.0,11670714.0
GSE153066,GSM4633755,IDD8,IDD8,NP,degenerated,disc_matrix_homeostasis,KRT19,1,20.0,11670714.0
GSE153066,GSM4633755,IDD8,IDD8,NP,degenerated,disc_matrix_homeostasis,MATN3,1,28.0,11670714.0
GSE153066,GSM4633755,IDD8,IDD8,NP,degenerated,disc_matrix_homeostasis,SOX9,1,3738.0,11670714.0
