dataset,gsm,donor_id,compartment,disease_state,module_id,gene_symbol,feature_rows_mapped,pseudobulk_count,total_umi_included_cells
GSE230808,GSM7235331,SP20.002,AF,diseased,ecm_collagen_remodeling,ADAMTS4,1,18,3166379
GSE230808,GSM7235331,SP20.002,AF,diseased,ecm_collagen_remodeling,ADAMTS5,1,13,3166379
GSE230808,GSM7235331,SP20.002,AF,diseased,ecm_collagen_remodeling,COL1A1,1,17,3166379
GSE230808,GSM7235331,SP20.002,AF,diseased,ecm_collagen_remodeling,COL1A2,1,65,3166379
GSE230808,GSM7235331,SP20.002,AF,diseased,ecm_collagen_remodeling,COL3A1,1,11,3166379
GSE230808,GSM7235331,SP20.002,AF,diseased,ecm_collagen_remodeling,COL5A1,1,21,3166379
GSE230808,GSM7235331,SP20.002,AF,diseased,ecm_collagen_remodeling,COL5A2,1,44,3166379
GSE230808,GSM7235331,SP20.002,AF,diseased,ecm_collagen_remodeling,COL6A1,1,244,3166379
GSE230808,GSM7235331,SP20.002,AF,diseased,ecm_collagen_remodeling,COL6A2,1,219,3166379
GSE230808,GSM7235331,SP20.002,AF,diseased,ecm_collagen_remodeling,COL6A3,1,138,3166379
GSE230808,GSM7235331,SP20.002,AF,diseased,ecm_collagen_remodeling,DCN,1,20754,3166379
GSE230808,GSM7235331,SP20.002,AF,diseased,ecm_collagen_remodeling,FN1,1,8582,3166379
GSE230808,GSM7235331,SP20.002,AF,diseased,ecm_collagen_remodeling,LOX,1,196,3166379
GSE230808,GSM7235331,SP20.002,AF,diseased,ecm_collagen_remodeling,LOXL2,1,23,3166379
GSE230808,GSM7235331,SP20.002,AF,diseased,ecm_collagen_remodeling,LUM,1,6341,3166379
GSE230808,GSM7235331,SP20.002,AF,diseased,ecm_collagen_remodeling,MMP2,1,14,3166379
GSE230808,GSM7235331,SP20.002,AF,diseased,ecm_collagen_remodeling,MMP3,1,846,3166379
GSE230808,GSM7235331,SP20.002,AF,diseased,ecm_collagen_remodeling,MMP9,1,0,3166379
GSE230808,GSM7235331,SP20.002,AF,diseased,ecm_collagen_remodeling,MMP13,1,0,3166379
GSE230808,GSM7235331,SP20.002,AF,diseased,ecm_collagen_remodeling,POSTN,1,0,3166379
GSE230808,GSM7235331,SP20.002,AF,diseased,ecm_collagen_remodeling,SPARC,1,680,3166379
GSE230808,GSM7235331,SP20.002,AF,diseased,ecm_collagen_remodeling,TIMP1,1,1066,3166379
GSE230808,GSM7235331,SP20.002,AF,diseased,ecm_collagen_remodeling,TIMP2,1,1476,3166379
GSE230808,GSM7235331,SP20.002,AF,diseased,ecm_collagen_remodeling,TNC,1,7,3166379
GSE230808,GSM7235331,SP20.002,AF,diseased,inflammatory_nfkb,CCL2,1,237,3166379
GSE230808,GSM7235331,SP20.002,AF,diseased,inflammatory_nfkb,CCL5,1,1,3166379
GSE230808,GSM7235331,SP20.002,AF,diseased,inflammatory_nfkb,CXCL8,1,0,3166379
GSE230808,GSM7235331,SP20.002,AF,diseased,inflammatory_nfkb,FOS,1,11077,3166379
GSE230808,GSM7235331,SP20.002,AF,diseased,inflammatory_nfkb,IKBKB,1,18,3166379
GSE230808,GSM7235331,SP20.002,AF,diseased,inflammatory_nfkb,IKBKG,1,13,3166379
GSE230808,GSM7235331,SP20.002,AF,diseased,inflammatory_nfkb,IL1B,1,0,3166379
GSE230808,GSM7235331,SP20.002,AF,diseased,inflammatory_nfkb,IL6,1,13,3166379
GSE230808,GSM7235331,SP20.002,AF,diseased,inflammatory_nfkb,JUN,1,3188,3166379
GSE230808,GSM7235331,SP20.002,AF,diseased,inflammatory_nfkb,NFKB1,1,39,3166379
GSE230808,GSM7235331,SP20.002,AF,diseased,inflammatory_nfkb,NFKB2,1,23,3166379
GSE230808,GSM7235331,SP20.002,AF,diseased,inflammatory_nfkb,NFKBIA,1,1093,3166379
GSE230808,GSM7235331,SP20.002,AF,diseased,inflammatory_nfkb,NLRP3,1,0,3166379
GSE230808,GSM7235331,SP20.002,AF,diseased,inflammatory_nfkb,RELA,1,186,3166379
GSE230808,GSM7235331,SP20.002,AF,diseased,inflammatory_nfkb,RELB,1,32,3166379
GSE230808,GSM7235331,SP20.002,AF,diseased,inflammatory_nfkb,STAT3,1,308,3166379
GSE230808,GSM7235331,SP20.002,AF,diseased,inflammatory_nfkb,TICAM1,1,14,3166379
GSE230808,GSM7235331,SP20.002,AF,diseased,inflammatory_nfkb,TLR2,1,6,3166379
GSE230808,GSM7235331,SP20.002,AF,diseased,inflammatory_nfkb,TLR4,1,67,3166379
GSE230808,GSM7235331,SP20.002,AF,diseased,inflammatory_nfkb,TNF,1,0,3166379
GSE230808,GSM7235331,SP20.002,AF,diseased,inflammatory_nfkb,TNFRSF1A,1,182,3166379
GSE230808,GSM7235331,SP20.002,AF,diseased,hypoxia_oxidative_stress,BNIP3,1,3107,3166379
GSE230808,GSM7235331,SP20.002,AF,diseased,hypoxia_oxidative_stress,CA9,1,19,3166379
GSE230808,GSM7235331,SP20.002,AF,diseased,hypoxia_oxidative_stress,EGLN1,1,162,3166379
GSE230808,GSM7235331,SP20.002,AF,diseased,hypoxia_oxidative_stress,EPAS1,1,83,3166379
GSE230808,GSM7235331,SP20.002,AF,diseased,hypoxia_oxidative_stress,GCLM,1,31,3166379
GSE230808,GSM7235331,SP20.002,AF,diseased,hypoxia_oxidative_stress,GPX1,0,0,3166379
GSE230808,GSM7235331,SP20.002,AF,diseased,hypoxia_oxidative_stress,HIF1A,1,633,3166379
GSE230808,GSM7235331,SP20.002,AF,diseased,hypoxia_oxidative_stress,HMOX1,1,312,3166379
GSE230808,GSM7235331,SP20.002,AF,diseased,hypoxia_oxidative_stress,LDHA,1,5680,3166379
GSE230808,GSM7235331,SP20.002,AF,diseased,hypoxia_oxidative_stress,NFE2L2,1,456,3166379
GSE230808,GSM7235331,SP20.002,AF,diseased,hypoxia_oxidative_stress,NQO1,1,6,3166379
GSE230808,GSM7235331,SP20.002,AF,diseased,hypoxia_oxidative_stress,PDK1,1,321,3166379
GSE230808,GSM7235331,SP20.002,AF,diseased,hypoxia_oxidative_stress,PRDX1,1,863,3166379
GSE230808,GSM7235331,SP20.002,AF,diseased,hypoxia_oxidative_stress,SLC2A1,1,539,3166379
GSE230808,GSM7235331,SP20.002,AF,diseased,hypoxia_oxidative_stress,SOD1,1,2305,3166379
GSE230808,GSM7235331,SP20.002,AF,diseased,hypoxia_oxidative_stress,SOD2,1,4298,3166379
GSE230808,GSM7235331,SP20.002,AF,diseased,hypoxia_oxidative_stress,TXN,1,669,3166379
GSE230808,GSM7235331,SP20.002,AF,diseased,hypoxia_oxidative_stress,VEGFA,1,1840,3166379
GSE230808,GSM7235331,SP20.002,AF,diseased,disc_matrix_homeostasis,ACAN,1,9706,3166379
GSE230808,GSM7235331,SP20.002,AF,diseased,disc_matrix_homeostasis,B3GAT1,1,0,3166379
GSE230808,GSM7235331,SP20.002,AF,diseased,disc_matrix_homeostasis,BGN,1,2298,3166379
GSE230808,GSM7235331,SP20.002,AF,diseased,disc_matrix_homeostasis,CILP,1,818,3166379
GSE230808,GSM7235331,SP20.002,AF,diseased,disc_matrix_homeostasis,COL2A1,1,434,3166379
GSE230808,GSM7235331,SP20.002,AF,diseased,disc_matrix_homeostasis,COL9A1,1,2,3166379
GSE230808,GSM7235331,SP20.002,AF,diseased,disc_matrix_homeostasis,COL9A2,1,402,3166379
GSE230808,GSM7235331,SP20.002,AF,diseased,disc_matrix_homeostasis,COL9A3,1,1134,3166379
GSE230808,GSM7235331,SP20.002,AF,diseased,disc_matrix_homeostasis,COMP,1,8585,3166379
GSE230808,GSM7235331,SP20.002,AF,diseased,disc_matrix_homeostasis,FMOD,1,2235,3166379
GSE230808,GSM7235331,SP20.002,AF,diseased,disc_matrix_homeostasis,HAPLN1,1,208,3166379
GSE230808,GSM7235331,SP20.002,AF,diseased,disc_matrix_homeostasis,HAS2,1,50,3166379
GSE230808,GSM7235331,SP20.002,AF,diseased,disc_matrix_homeostasis,KRT19,1,0,3166379
GSE230808,GSM7235331,SP20.002,AF,diseased,disc_matrix_homeostasis,MATN3,1,0,3166379
GSE230808,GSM7235331,SP20.002,AF,diseased,disc_matrix_homeostasis,SOX9,1,1548,3166379
GSE230808,GSM7235332,SP20.006,AF,diseased,ecm_collagen_remodeling,ADAMTS4,1,10,18461300
GSE230808,GSM7235332,SP20.006,AF,diseased,ecm_collagen_remodeling,ADAMTS5,1,44,18461300
GSE230808,GSM7235332,SP20.006,AF,diseased,ecm_collagen_remodeling,COL1A1,1,149,18461300
GSE230808,GSM7235332,SP20.006,AF,diseased,ecm_collagen_remodeling,COL1A2,1,2203,18461300
GSE230808,GSM7235332,SP20.006,AF,diseased,ecm_collagen_remodeling,COL3A1,1,351,18461300
GSE230808,GSM7235332,SP20.006,AF,diseased,ecm_collagen_remodeling,COL5A1,1,375,18461300
GSE230808,GSM7235332,SP20.006,AF,diseased,ecm_collagen_remodeling,COL5A2,1,1205,18461300
GSE230808,GSM7235332,SP20.006,AF,diseased,ecm_collagen_remodeling,COL6A1,1,4448,18461300
GSE230808,GSM7235332,SP20.006,AF,diseased,ecm_collagen_remodeling,COL6A2,1,4217,18461300
GSE230808,GSM7235332,SP20.006,AF,diseased,ecm_collagen_remodeling,COL6A3,1,696,18461300
GSE230808,GSM7235332,SP20.006,AF,diseased,ecm_collagen_remodeling,DCN,1,113527,18461300
GSE230808,GSM7235332,SP20.006,AF,diseased,ecm_collagen_remodeling,FN1,1,68445,18461300
GSE230808,GSM7235332,SP20.006,AF,diseased,ecm_collagen_remodeling,LOX,1,581,18461300
GSE230808,GSM7235332,SP20.006,AF,diseased,ecm_collagen_remodeling,LOXL2,1,198,18461300
GSE230808,GSM7235332,SP20.006,AF,diseased,ecm_collagen_remodeling,LUM,1,42746,18461300
GSE230808,GSM7235332,SP20.006,AF,diseased,ecm_collagen_remodeling,MMP2,1,1,18461300
GSE230808,GSM7235332,SP20.006,AF,diseased,ecm_collagen_remodeling,MMP3,1,1302,18461300
GSE230808,GSM7235332,SP20.006,AF,diseased,ecm_collagen_remodeling,MMP9,1,0,18461300
GSE230808,GSM7235332,SP20.006,AF,diseased,ecm_collagen_remodeling,MMP13,1,0,18461300
GSE230808,GSM7235332,SP20.006,AF,diseased,ecm_collagen_remodeling,POSTN,1,0,18461300
GSE230808,GSM7235332,SP20.006,AF,diseased,ecm_collagen_remodeling,SPARC,1,31724,18461300
GSE230808,GSM7235332,SP20.006,AF,diseased,ecm_collagen_remodeling,TIMP1,1,9942,18461300
GSE230808,GSM7235332,SP20.006,AF,diseased,ecm_collagen_remodeling,TIMP2,1,7021,18461300
GSE230808,GSM7235332,SP20.006,AF,diseased,ecm_collagen_remodeling,TNC,1,1,18461300
GSE230808,GSM7235332,SP20.006,AF,diseased,inflammatory_nfkb,CCL2,1,24,18461300
GSE230808,GSM7235332,SP20.006,AF,diseased,inflammatory_nfkb,CCL5,1,4,18461300
GSE230808,GSM7235332,SP20.006,AF,diseased,inflammatory_nfkb,CXCL8,1,0,18461300
GSE230808,GSM7235332,SP20.006,AF,diseased,inflammatory_nfkb,FOS,1,119246,18461300
GSE230808,GSM7235332,SP20.006,AF,diseased,inflammatory_nfkb,IKBKB,1,89,18461300
GSE230808,GSM7235332,SP20.006,AF,diseased,inflammatory_nfkb,IKBKG,1,84,18461300
GSE230808,GSM7235332,SP20.006,AF,diseased,inflammatory_nfkb,IL1B,1,0,18461300
GSE230808,GSM7235332,SP20.006,AF,diseased,inflammatory_nfkb,IL6,1,1,18461300
GSE230808,GSM7235332,SP20.006,AF,diseased,inflammatory_nfkb,JUN,1,40419,18461300
GSE230808,GSM7235332,SP20.006,AF,diseased,inflammatory_nfkb,NFKB1,1,285,18461300
GSE230808,GSM7235332,SP20.006,AF,diseased,inflammatory_nfkb,NFKB2,1,173,18461300
GSE230808,GSM7235332,SP20.006,AF,diseased,inflammatory_nfkb,NFKBIA,1,5389,18461300
GSE230808,GSM7235332,SP20.006,AF,diseased,inflammatory_nfkb,NLRP3,1,0,18461300
GSE230808,GSM7235332,SP20.006,AF,diseased,inflammatory_nfkb,RELA,1,687,18461300
GSE230808,GSM7235332,SP20.006,AF,diseased,inflammatory_nfkb,RELB,1,59,18461300
GSE230808,GSM7235332,SP20.006,AF,diseased,inflammatory_nfkb,STAT3,1,2360,18461300
GSE230808,GSM7235332,SP20.006,AF,diseased,inflammatory_nfkb,TICAM1,1,66,18461300
GSE230808,GSM7235332,SP20.006,AF,diseased,inflammatory_nfkb,TLR2,1,27,18461300
GSE230808,GSM7235332,SP20.006,AF,diseased,inflammatory_nfkb,TLR4,1,171,18461300
GSE230808,GSM7235332,SP20.006,AF,diseased,inflammatory_nfkb,TNF,1,1,18461300
GSE230808,GSM7235332,SP20.006,AF,diseased,inflammatory_nfkb,TNFRSF1A,1,952,18461300
GSE230808,GSM7235332,SP20.006,AF,diseased,hypoxia_oxidative_stress,BNIP3,1,28338,18461300
GSE230808,GSM7235332,SP20.006,AF,diseased,hypoxia_oxidative_stress,CA9,1,384,18461300
GSE230808,GSM7235332,SP20.006,AF,diseased,hypoxia_oxidative_stress,EGLN1,1,1322,18461300
GSE230808,GSM7235332,SP20.006,AF,diseased,hypoxia_oxidative_stress,EPAS1,1,521,18461300
GSE230808,GSM7235332,SP20.006,AF,diseased,hypoxia_oxidative_stress,GCLM,1,438,18461300
GSE230808,GSM7235332,SP20.006,AF,diseased,hypoxia_oxidative_stress,GPX1,0,0,18461300
GSE230808,GSM7235332,SP20.006,AF,diseased,hypoxia_oxidative_stress,HIF1A,1,6337,18461300
GSE230808,GSM7235332,SP20.006,AF,diseased,hypoxia_oxidative_stress,HMOX1,1,1530,18461300
GSE230808,GSM7235332,SP20.006,AF,diseased,hypoxia_oxidative_stress,LDHA,1,25266,18461300
GSE230808,GSM7235332,SP20.006,AF,diseased,hypoxia_oxidative_stress,NFE2L2,1,1318,18461300
GSE230808,GSM7235332,SP20.006,AF,diseased,hypoxia_oxidative_stress,NQO1,1,61,18461300
GSE230808,GSM7235332,SP20.006,AF,diseased,hypoxia_oxidative_stress,PDK1,1,1544,18461300
GSE230808,GSM7235332,SP20.006,AF,diseased,hypoxia_oxidative_stress,PRDX1,1,5329,18461300
GSE230808,GSM7235332,SP20.006,AF,diseased,hypoxia_oxidative_stress,SLC2A1,1,2956,18461300
GSE230808,GSM7235332,SP20.006,AF,diseased,hypoxia_oxidative_stress,SOD1,1,9861,18461300
GSE230808,GSM7235332,SP20.006,AF,diseased,hypoxia_oxidative_stress,SOD2,1,10922,18461300
GSE230808,GSM7235332,SP20.006,AF,diseased,hypoxia_oxidative_stress,TXN,1,2269,18461300
GSE230808,GSM7235332,SP20.006,AF,diseased,hypoxia_oxidative_stress,VEGFA,1,14571,18461300
GSE230808,GSM7235332,SP20.006,AF,diseased,disc_matrix_homeostasis,ACAN,1,87581,18461300
GSE230808,GSM7235332,SP20.006,AF,diseased,disc_matrix_homeostasis,B3GAT1,1,0,18461300
GSE230808,GSM7235332,SP20.006,AF,diseased,disc_matrix_homeostasis,BGN,1,16841,18461300
GSE230808,GSM7235332,SP20.006,AF,diseased,disc_matrix_homeostasis,CILP,1,22885,18461300
GSE230808,GSM7235332,SP20.006,AF,diseased,disc_matrix_homeostasis,COL2A1,1,27397,18461300
GSE230808,GSM7235332,SP20.006,AF,diseased,disc_matrix_homeostasis,COL9A1,1,90,18461300
GSE230808,GSM7235332,SP20.006,AF,diseased,disc_matrix_homeostasis,COL9A2,1,8569,18461300
GSE230808,GSM7235332,SP20.006,AF,diseased,disc_matrix_homeostasis,COL9A3,1,21848,18461300
GSE230808,GSM7235332,SP20.006,AF,diseased,disc_matrix_homeostasis,COMP,1,88662,18461300
GSE230808,GSM7235332,SP20.006,AF,diseased,disc_matrix_homeostasis,FMOD,1,30209,18461300
GSE230808,GSM7235332,SP20.006,AF,diseased,disc_matrix_homeostasis,HAPLN1,1,8373,18461300
GSE230808,GSM7235332,SP20.006,AF,diseased,disc_matrix_homeostasis,HAS2,1,325,18461300
GSE230808,GSM7235332,SP20.006,AF,diseased,disc_matrix_homeostasis,KRT19,1,3,18461300
GSE230808,GSM7235332,SP20.006,AF,diseased,disc_matrix_homeostasis,MATN3,1,24,18461300
GSE230808,GSM7235332,SP20.006,AF,diseased,disc_matrix_homeostasis,SOX9,1,9199,18461300
GSE230808,GSM7235333,SP21.007,AF,diseased,ecm_collagen_remodeling,ADAMTS4,1,14,72099228
GSE230808,GSM7235333,SP21.007,AF,diseased,ecm_collagen_remodeling,ADAMTS5,1,4133,72099228
GSE230808,GSM7235333,SP21.007,AF,diseased,ecm_collagen_remodeling,COL1A1,1,34191,72099228
GSE230808,GSM7235333,SP21.007,AF,diseased,ecm_collagen_remodeling,COL1A2,1,84202,72099228
GSE230808,GSM7235333,SP21.007,AF,diseased,ecm_collagen_remodeling,COL3A1,1,61693,72099228
GSE230808,GSM7235333,SP21.007,AF,diseased,ecm_collagen_remodeling,COL5A1,1,4060,72099228
GSE230808,GSM7235333,SP21.007,AF,diseased,ecm_collagen_remodeling,COL5A2,1,15780,72099228
GSE230808,GSM7235333,SP21.007,AF,diseased,ecm_collagen_remodeling,COL6A1,1,44258,72099228
GSE230808,GSM7235333,SP21.007,AF,diseased,ecm_collagen_remodeling,COL6A2,1,26548,72099228
GSE230808,GSM7235333,SP21.007,AF,diseased,ecm_collagen_remodeling,COL6A3,1,30162,72099228
GSE230808,GSM7235333,SP21.007,AF,diseased,ecm_collagen_remodeling,DCN,1,176280,72099228
GSE230808,GSM7235333,SP21.007,AF,diseased,ecm_collagen_remodeling,FN1,1,202194,72099228
GSE230808,GSM7235333,SP21.007,AF,diseased,ecm_collagen_remodeling,LOX,1,29809,72099228
GSE230808,GSM7235333,SP21.007,AF,diseased,ecm_collagen_remodeling,LOXL2,1,2378,72099228
GSE230808,GSM7235333,SP21.007,AF,diseased,ecm_collagen_remodeling,LUM,1,125948,72099228
GSE230808,GSM7235333,SP21.007,AF,diseased,ecm_collagen_remodeling,MMP2,1,6253,72099228
GSE230808,GSM7235333,SP21.007,AF,diseased,ecm_collagen_remodeling,MMP3,1,3885,72099228
GSE230808,GSM7235333,SP21.007,AF,diseased,ecm_collagen_remodeling,MMP9,1,0,72099228
GSE230808,GSM7235333,SP21.007,AF,diseased,ecm_collagen_remodeling,MMP13,1,115,72099228
GSE230808,GSM7235333,SP21.007,AF,diseased,ecm_collagen_remodeling,POSTN,1,17571,72099228
GSE230808,GSM7235333,SP21.007,AF,diseased,ecm_collagen_remodeling,SPARC,1,62423,72099228
GSE230808,GSM7235333,SP21.007,AF,diseased,ecm_collagen_remodeling,TIMP1,1,107776,72099228
GSE230808,GSM7235333,SP21.007,AF,diseased,ecm_collagen_remodeling,TIMP2,1,35491,72099228
GSE230808,GSM7235333,SP21.007,AF,diseased,ecm_collagen_remodeling,TNC,1,4981,72099228
GSE230808,GSM7235333,SP21.007,AF,diseased,inflammatory_nfkb,CCL2,1,3562,72099228
GSE230808,GSM7235333,SP21.007,AF,diseased,inflammatory_nfkb,CCL5,1,51,72099228
GSE230808,GSM7235333,SP21.007,AF,diseased,inflammatory_nfkb,CXCL8,1,20,72099228
GSE230808,GSM7235333,SP21.007,AF,diseased,inflammatory_nfkb,FOS,1,32562,72099228
GSE230808,GSM7235333,SP21.007,AF,diseased,inflammatory_nfkb,IKBKB,1,389,72099228
GSE230808,GSM7235333,SP21.007,AF,diseased,inflammatory_nfkb,IKBKG,1,685,72099228
GSE230808,GSM7235333,SP21.007,AF,diseased,inflammatory_nfkb,IL1B,1,4,72099228
GSE230808,GSM7235333,SP21.007,AF,diseased,inflammatory_nfkb,IL6,1,248,72099228
GSE230808,GSM7235333,SP21.007,AF,diseased,inflammatory_nfkb,JUN,1,10549,72099228
GSE230808,GSM7235333,SP21.007,AF,diseased,inflammatory_nfkb,NFKB1,1,1266,72099228
GSE230808,GSM7235333,SP21.007,AF,diseased,inflammatory_nfkb,NFKB2,1,244,72099228
GSE230808,GSM7235333,SP21.007,AF,diseased,inflammatory_nfkb,NFKBIA,1,2350,72099228
GSE230808,GSM7235333,SP21.007,AF,diseased,inflammatory_nfkb,NLRP3,1,2,72099228
GSE230808,GSM7235333,SP21.007,AF,diseased,inflammatory_nfkb,RELA,1,1396,72099228
GSE230808,GSM7235333,SP21.007,AF,diseased,inflammatory_nfkb,RELB,1,483,72099228
GSE230808,GSM7235333,SP21.007,AF,diseased,inflammatory_nfkb,STAT3,1,5741,72099228
GSE230808,GSM7235333,SP21.007,AF,diseased,inflammatory_nfkb,TICAM1,1,268,72099228
GSE230808,GSM7235333,SP21.007,AF,diseased,inflammatory_nfkb,TLR2,1,38,72099228
GSE230808,GSM7235333,SP21.007,AF,diseased,inflammatory_nfkb,TLR4,1,811,72099228
GSE230808,GSM7235333,SP21.007,AF,diseased,inflammatory_nfkb,TNF,1,0,72099228
GSE230808,GSM7235333,SP21.007,AF,diseased,inflammatory_nfkb,TNFRSF1A,1,5636,72099228
GSE230808,GSM7235333,SP21.007,AF,diseased,hypoxia_oxidative_stress,BNIP3,1,37985,72099228
GSE230808,GSM7235333,SP21.007,AF,diseased,hypoxia_oxidative_stress,CA9,1,1330,72099228
GSE230808,GSM7235333,SP21.007,AF,diseased,hypoxia_oxidative_stress,EGLN1,1,2278,72099228
GSE230808,GSM7235333,SP21.007,AF,diseased,hypoxia_oxidative_stress,EPAS1,1,6371,72099228
GSE230808,GSM7235333,SP21.007,AF,diseased,hypoxia_oxidative_stress,GCLM,1,5808,72099228
GSE230808,GSM7235333,SP21.007,AF,diseased,hypoxia_oxidative_stress,GPX1,0,0,72099228
GSE230808,GSM7235333,SP21.007,AF,diseased,hypoxia_oxidative_stress,HIF1A,1,24583,72099228
GSE230808,GSM7235333,SP21.007,AF,diseased,hypoxia_oxidative_stress,HMOX1,1,64262,72099228
GSE230808,GSM7235333,SP21.007,AF,diseased,hypoxia_oxidative_stress,LDHA,1,75674,72099228
GSE230808,GSM7235333,SP21.007,AF,diseased,hypoxia_oxidative_stress,NFE2L2,1,8554,72099228
GSE230808,GSM7235333,SP21.007,AF,diseased,hypoxia_oxidative_stress,NQO1,1,15815,72099228
GSE230808,GSM7235333,SP21.007,AF,diseased,hypoxia_oxidative_stress,PDK1,1,1094,72099228
GSE230808,GSM7235333,SP21.007,AF,diseased,hypoxia_oxidative_stress,PRDX1,1,56984,72099228
GSE230808,GSM7235333,SP21.007,AF,diseased,hypoxia_oxidative_stress,SLC2A1,1,2409,72099228
GSE230808,GSM7235333,SP21.007,AF,diseased,hypoxia_oxidative_stress,SOD1,1,31753,72099228
GSE230808,GSM7235333,SP21.007,AF,diseased,hypoxia_oxidative_stress,SOD2,1,19789,72099228
GSE230808,GSM7235333,SP21.007,AF,diseased,hypoxia_oxidative_stress,TXN,1,122196,72099228
GSE230808,GSM7235333,SP21.007,AF,diseased,hypoxia_oxidative_stress,VEGFA,1,4566,72099228
GSE230808,GSM7235333,SP21.007,AF,diseased,disc_matrix_homeostasis,ACAN,1,15845,72099228
GSE230808,GSM7235333,SP21.007,AF,diseased,disc_matrix_homeostasis,B3GAT1,1,0,72099228
GSE230808,GSM7235333,SP21.007,AF,diseased,disc_matrix_homeostasis,BGN,1,7345,72099228
GSE230808,GSM7235333,SP21.007,AF,diseased,disc_matrix_homeostasis,CILP,1,610,72099228
GSE230808,GSM7235333,SP21.007,AF,diseased,disc_matrix_homeostasis,COL2A1,1,2585,72099228
GSE230808,GSM7235333,SP21.007,AF,diseased,disc_matrix_homeostasis,COL9A1,1,41,72099228
GSE230808,GSM7235333,SP21.007,AF,diseased,disc_matrix_homeostasis,COL9A2,1,472,72099228
GSE230808,GSM7235333,SP21.007,AF,diseased,disc_matrix_homeostasis,COL9A3,1,1410,72099228
GSE230808,GSM7235333,SP21.007,AF,diseased,disc_matrix_homeostasis,COMP,1,3245,72099228
GSE230808,GSM7235333,SP21.007,AF,diseased,disc_matrix_homeostasis,FMOD,1,8495,72099228
GSE230808,GSM7235333,SP21.007,AF,diseased,disc_matrix_homeostasis,HAPLN1,1,11737,72099228
GSE230808,GSM7235333,SP21.007,AF,diseased,disc_matrix_homeostasis,HAS2,1,86,72099228
GSE230808,GSM7235333,SP21.007,AF,diseased,disc_matrix_homeostasis,KRT19,1,67,72099228
GSE230808,GSM7235333,SP21.007,AF,diseased,disc_matrix_homeostasis,MATN3,1,98,72099228
GSE230808,GSM7235333,SP21.007,AF,diseased,disc_matrix_homeostasis,SOX9,1,4140,72099228
GSE230808,GSM7235334,SP21.011,AF,diseased,ecm_collagen_remodeling,ADAMTS4,1,6,101714852
GSE230808,GSM7235334,SP21.011,AF,diseased,ecm_collagen_remodeling,ADAMTS5,1,3335,101714852
GSE230808,GSM7235334,SP21.011,AF,diseased,ecm_collagen_remodeling,COL1A1,1,33880,101714852
GSE230808,GSM7235334,SP21.011,AF,diseased,ecm_collagen_remodeling,COL1A2,1,121196,101714852
GSE230808,GSM7235334,SP21.011,AF,diseased,ecm_collagen_remodeling,COL3A1,1,37054,101714852
GSE230808,GSM7235334,SP21.011,AF,diseased,ecm_collagen_remodeling,COL5A1,1,2902,101714852
GSE230808,GSM7235334,SP21.011,AF,diseased,ecm_collagen_remodeling,COL5A2,1,14419,101714852
GSE230808,GSM7235334,SP21.011,AF,diseased,ecm_collagen_remodeling,COL6A1,1,55254,101714852
GSE230808,GSM7235334,SP21.011,AF,diseased,ecm_collagen_remodeling,COL6A2,1,41929,101714852
GSE230808,GSM7235334,SP21.011,AF,diseased,ecm_collagen_remodeling,COL6A3,1,31766,101714852
GSE230808,GSM7235334,SP21.011,AF,diseased,ecm_collagen_remodeling,DCN,1,479834,101714852
GSE230808,GSM7235334,SP21.011,AF,diseased,ecm_collagen_remodeling,FN1,1,319609,101714852
GSE230808,GSM7235334,SP21.011,AF,diseased,ecm_collagen_remodeling,LOX,1,33895,101714852
GSE230808,GSM7235334,SP21.011,AF,diseased,ecm_collagen_remodeling,LOXL2,1,3286,101714852
GSE230808,GSM7235334,SP21.011,AF,diseased,ecm_collagen_remodeling,LUM,1,263268,101714852
GSE230808,GSM7235334,SP21.011,AF,diseased,ecm_collagen_remodeling,MMP2,1,9863,101714852
GSE230808,GSM7235334,SP21.011,AF,diseased,ecm_collagen_remodeling,MMP3,1,2110,101714852
GSE230808,GSM7235334,SP21.011,AF,diseased,ecm_collagen_remodeling,MMP9,1,0,101714852
GSE230808,GSM7235334,SP21.011,AF,diseased,ecm_collagen_remodeling,MMP13,1,11,101714852
GSE230808,GSM7235334,SP21.011,AF,diseased,ecm_collagen_remodeling,POSTN,1,5426,101714852
GSE230808,GSM7235334,SP21.011,AF,diseased,ecm_collagen_remodeling,SPARC,1,70984,101714852
GSE230808,GSM7235334,SP21.011,AF,diseased,ecm_collagen_remodeling,TIMP1,1,353968,101714852
GSE230808,GSM7235334,SP21.011,AF,diseased,ecm_collagen_remodeling,TIMP2,1,42025,101714852
GSE230808,GSM7235334,SP21.011,AF,diseased,ecm_collagen_remodeling,TNC,1,4175,101714852
GSE230808,GSM7235334,SP21.011,AF,diseased,inflammatory_nfkb,CCL2,1,2824,101714852
GSE230808,GSM7235334,SP21.011,AF,diseased,inflammatory_nfkb,CCL5,1,117,101714852
GSE230808,GSM7235334,SP21.011,AF,diseased,inflammatory_nfkb,CXCL8,1,65,101714852
GSE230808,GSM7235334,SP21.011,AF,diseased,inflammatory_nfkb,FOS,1,28000,101714852
GSE230808,GSM7235334,SP21.011,AF,diseased,inflammatory_nfkb,IKBKB,1,475,101714852
GSE230808,GSM7235334,SP21.011,AF,diseased,inflammatory_nfkb,IKBKG,1,997,101714852
GSE230808,GSM7235334,SP21.011,AF,diseased,inflammatory_nfkb,IL1B,1,18,101714852
GSE230808,GSM7235334,SP21.011,AF,diseased,inflammatory_nfkb,IL6,1,240,101714852
GSE230808,GSM7235334,SP21.011,AF,diseased,inflammatory_nfkb,JUN,1,13935,101714852
GSE230808,GSM7235334,SP21.011,AF,diseased,inflammatory_nfkb,NFKB1,1,1475,101714852
GSE230808,GSM7235334,SP21.011,AF,diseased,inflammatory_nfkb,NFKB2,1,348,101714852
GSE230808,GSM7235334,SP21.011,AF,diseased,inflammatory_nfkb,NFKBIA,1,3261,101714852
GSE230808,GSM7235334,SP21.011,AF,diseased,inflammatory_nfkb,NLRP3,1,1,101714852
GSE230808,GSM7235334,SP21.011,AF,diseased,inflammatory_nfkb,RELA,1,1771,101714852
GSE230808,GSM7235334,SP21.011,AF,diseased,inflammatory_nfkb,RELB,1,754,101714852
GSE230808,GSM7235334,SP21.011,AF,diseased,inflammatory_nfkb,STAT3,1,5355,101714852
GSE230808,GSM7235334,SP21.011,AF,diseased,inflammatory_nfkb,TICAM1,1,372,101714852
GSE230808,GSM7235334,SP21.011,AF,diseased,inflammatory_nfkb,TLR2,1,57,101714852
GSE230808,GSM7235334,SP21.011,AF,diseased,inflammatory_nfkb,TLR4,1,601,101714852
GSE230808,GSM7235334,SP21.011,AF,diseased,inflammatory_nfkb,TNF,1,0,101714852
GSE230808,GSM7235334,SP21.011,AF,diseased,inflammatory_nfkb,TNFRSF1A,1,10256,101714852
GSE230808,GSM7235334,SP21.011,AF,diseased,hypoxia_oxidative_stress,BNIP3,1,57998,101714852
GSE230808,GSM7235334,SP21.011,AF,diseased,hypoxia_oxidative_stress,CA9,1,4549,101714852
GSE230808,GSM7235334,SP21.011,AF,diseased,hypoxia_oxidative_stress,EGLN1,1,3404,101714852
GSE230808,GSM7235334,SP21.011,AF,diseased,hypoxia_oxidative_stress,EPAS1,1,7345,101714852
GSE230808,GSM7235334,SP21.011,AF,diseased,hypoxia_oxidative_stress,GCLM,1,7673,101714852
GSE230808,GSM7235334,SP21.011,AF,diseased,hypoxia_oxidative_stress,GPX1,0,0,101714852
GSE230808,GSM7235334,SP21.011,AF,diseased,hypoxia_oxidative_stress,HIF1A,1,24247,101714852
GSE230808,GSM7235334,SP21.011,AF,diseased,hypoxia_oxidative_stress,HMOX1,1,118583,101714852
GSE230808,GSM7235334,SP21.011,AF,diseased,hypoxia_oxidative_stress,LDHA,1,134967,101714852
GSE230808,GSM7235334,SP21.011,AF,diseased,hypoxia_oxidative_stress,NFE2L2,1,10296,101714852
GSE230808,GSM7235334,SP21.011,AF,diseased,hypoxia_oxidative_stress,NQO1,1,25437,101714852
GSE230808,GSM7235334,SP21.011,AF,diseased,hypoxia_oxidative_stress,PDK1,1,1277,101714852
GSE230808,GSM7235334,SP21.011,AF,diseased,hypoxia_oxidative_stress,PRDX1,1,91167,101714852
GSE230808,GSM7235334,SP21.011,AF,diseased,hypoxia_oxidative_stress,SLC2A1,1,4338,101714852
GSE230808,GSM7235334,SP21.011,AF,diseased,hypoxia_oxidative_stress,SOD1,1,58809,101714852
GSE230808,GSM7235334,SP21.011,AF,diseased,hypoxia_oxidative_stress,SOD2,1,44416,101714852
GSE230808,GSM7235334,SP21.011,AF,diseased,hypoxia_oxidative_stress,TXN,1,167668,101714852
GSE230808,GSM7235334,SP21.011,AF,diseased,hypoxia_oxidative_stress,VEGFA,1,3664,101714852
GSE230808,GSM7235334,SP21.011,AF,diseased,disc_matrix_homeostasis,ACAN,1,9452,101714852
GSE230808,GSM7235334,SP21.011,AF,diseased,disc_matrix_homeostasis,B3GAT1,1,0,101714852
GSE230808,GSM7235334,SP21.011,AF,diseased,disc_matrix_homeostasis,BGN,1,7994,101714852
GSE230808,GSM7235334,SP21.011,AF,diseased,disc_matrix_homeostasis,CILP,1,927,101714852
GSE230808,GSM7235334,SP21.011,AF,diseased,disc_matrix_homeostasis,COL2A1,1,603,101714852
GSE230808,GSM7235334,SP21.011,AF,diseased,disc_matrix_homeostasis,COL9A1,1,18,101714852
GSE230808,GSM7235334,SP21.011,AF,diseased,disc_matrix_homeostasis,COL9A2,1,419,101714852
GSE230808,GSM7235334,SP21.011,AF,diseased,disc_matrix_homeostasis,COL9A3,1,576,101714852
GSE230808,GSM7235334,SP21.011,AF,diseased,disc_matrix_homeostasis,COMP,1,2543,101714852
GSE230808,GSM7235334,SP21.011,AF,diseased,disc_matrix_homeostasis,FMOD,1,7091,101714852
GSE230808,GSM7235334,SP21.011,AF,diseased,disc_matrix_homeostasis,HAPLN1,1,15838,101714852
GSE230808,GSM7235334,SP21.011,AF,diseased,disc_matrix_homeostasis,HAS2,1,285,101714852
GSE230808,GSM7235334,SP21.011,AF,diseased,disc_matrix_homeostasis,KRT19,1,1964,101714852
GSE230808,GSM7235334,SP21.011,AF,diseased,disc_matrix_homeostasis,MATN3,1,55,101714852
GSE230808,GSM7235334,SP21.011,AF,diseased,disc_matrix_homeostasis,SOX9,1,6736,101714852
GSE230808,GSM7235335,SP21.013,AF,diseased,ecm_collagen_remodeling,ADAMTS4,1,18,59809660
GSE230808,GSM7235335,SP21.013,AF,diseased,ecm_collagen_remodeling,ADAMTS5,1,3641,59809660
GSE230808,GSM7235335,SP21.013,AF,diseased,ecm_collagen_remodeling,COL1A1,1,94581,59809660
GSE230808,GSM7235335,SP21.013,AF,diseased,ecm_collagen_remodeling,COL1A2,1,139184,59809660
GSE230808,GSM7235335,SP21.013,AF,diseased,ecm_collagen_remodeling,COL3A1,1,33175,59809660
GSE230808,GSM7235335,SP21.013,AF,diseased,ecm_collagen_remodeling,COL5A1,1,4749,59809660
GSE230808,GSM7235335,SP21.013,AF,diseased,ecm_collagen_remodeling,COL5A2,1,11629,59809660
GSE230808,GSM7235335,SP21.013,AF,diseased,ecm_collagen_remodeling,COL6A1,1,58270,59809660
GSE230808,GSM7235335,SP21.013,AF,diseased,ecm_collagen_remodeling,COL6A2,1,36183,59809660
GSE230808,GSM7235335,SP21.013,AF,diseased,ecm_collagen_remodeling,COL6A3,1,41434,59809660
GSE230808,GSM7235335,SP21.013,AF,diseased,ecm_collagen_remodeling,DCN,1,266623,59809660
GSE230808,GSM7235335,SP21.013,AF,diseased,ecm_collagen_remodeling,FN1,1,174076,59809660
GSE230808,GSM7235335,SP21.013,AF,diseased,ecm_collagen_remodeling,LOX,1,18434,59809660
GSE230808,GSM7235335,SP21.013,AF,diseased,ecm_collagen_remodeling,LOXL2,1,3709,59809660
GSE230808,GSM7235335,SP21.013,AF,diseased,ecm_collagen_remodeling,LUM,1,115822,59809660
GSE230808,GSM7235335,SP21.013,AF,diseased,ecm_collagen_remodeling,MMP2,1,10961,59809660
GSE230808,GSM7235335,SP21.013,AF,diseased,ecm_collagen_remodeling,MMP3,1,1552,59809660
GSE230808,GSM7235335,SP21.013,AF,diseased,ecm_collagen_remodeling,MMP9,1,2,59809660
GSE230808,GSM7235335,SP21.013,AF,diseased,ecm_collagen_remodeling,MMP13,1,77,59809660
GSE230808,GSM7235335,SP21.013,AF,diseased,ecm_collagen_remodeling,POSTN,1,32110,59809660
GSE230808,GSM7235335,SP21.013,AF,diseased,ecm_collagen_remodeling,SPARC,1,56741,59809660
GSE230808,GSM7235335,SP21.013,AF,diseased,ecm_collagen_remodeling,TIMP1,1,196042,59809660
GSE230808,GSM7235335,SP21.013,AF,diseased,ecm_collagen_remodeling,TIMP2,1,16020,59809660
GSE230808,GSM7235335,SP21.013,AF,diseased,ecm_collagen_remodeling,TNC,1,11380,59809660
GSE230808,GSM7235335,SP21.013,AF,diseased,inflammatory_nfkb,CCL2,1,7221,59809660
GSE230808,GSM7235335,SP21.013,AF,diseased,inflammatory_nfkb,CCL5,1,10,59809660
GSE230808,GSM7235335,SP21.013,AF,diseased,inflammatory_nfkb,CXCL8,1,66,59809660
GSE230808,GSM7235335,SP21.013,AF,diseased,inflammatory_nfkb,FOS,1,2005,59809660
GSE230808,GSM7235335,SP21.013,AF,diseased,inflammatory_nfkb,IKBKB,1,453,59809660
GSE230808,GSM7235335,SP21.013,AF,diseased,inflammatory_nfkb,IKBKG,1,793,59809660
GSE230808,GSM7235335,SP21.013,AF,diseased,inflammatory_nfkb,IL1B,1,4,59809660
GSE230808,GSM7235335,SP21.013,AF,diseased,inflammatory_nfkb,IL6,1,148,59809660
GSE230808,GSM7235335,SP21.013,AF,diseased,inflammatory_nfkb,JUN,1,9617,59809660
GSE230808,GSM7235335,SP21.013,AF,diseased,inflammatory_nfkb,NFKB1,1,1045,59809660
GSE230808,GSM7235335,SP21.013,AF,diseased,inflammatory_nfkb,NFKB2,1,268,59809660
GSE230808,GSM7235335,SP21.013,AF,diseased,inflammatory_nfkb,NFKBIA,1,2618,59809660
GSE230808,GSM7235335,SP21.013,AF,diseased,inflammatory_nfkb,NLRP3,1,5,59809660
GSE230808,GSM7235335,SP21.013,AF,diseased,inflammatory_nfkb,RELA,1,1311,59809660
GSE230808,GSM7235335,SP21.013,AF,diseased,inflammatory_nfkb,RELB,1,390,59809660
GSE230808,GSM7235335,SP21.013,AF,diseased,inflammatory_nfkb,STAT3,1,2595,59809660
GSE230808,GSM7235335,SP21.013,AF,diseased,inflammatory_nfkb,TICAM1,1,255,59809660
GSE230808,GSM7235335,SP21.013,AF,diseased,inflammatory_nfkb,TLR2,1,17,59809660
GSE230808,GSM7235335,SP21.013,AF,diseased,inflammatory_nfkb,TLR4,1,354,59809660
GSE230808,GSM7235335,SP21.013,AF,diseased,inflammatory_nfkb,TNF,1,0,59809660
GSE230808,GSM7235335,SP21.013,AF,diseased,inflammatory_nfkb,TNFRSF1A,1,6294,59809660
GSE230808,GSM7235335,SP21.013,AF,diseased,hypoxia_oxidative_stress,BNIP3,1,25056,59809660
GSE230808,GSM7235335,SP21.013,AF,diseased,hypoxia_oxidative_stress,CA9,1,492,59809660
GSE230808,GSM7235335,SP21.013,AF,diseased,hypoxia_oxidative_stress,EGLN1,1,1546,59809660
GSE230808,GSM7235335,SP21.013,AF,diseased,hypoxia_oxidative_stress,EPAS1,1,3660,59809660
GSE230808,GSM7235335,SP21.013,AF,diseased,hypoxia_oxidative_stress,GCLM,1,6167,59809660
GSE230808,GSM7235335,SP21.013,AF,diseased,hypoxia_oxidative_stress,GPX1,0,0,59809660
GSE230808,GSM7235335,SP21.013,AF,diseased,hypoxia_oxidative_stress,HIF1A,1,13699,59809660
GSE230808,GSM7235335,SP21.013,AF,diseased,hypoxia_oxidative_stress,HMOX1,1,20215,59809660
GSE230808,GSM7235335,SP21.013,AF,diseased,hypoxia_oxidative_stress,LDHA,1,101062,59809660
GSE230808,GSM7235335,SP21.013,AF,diseased,hypoxia_oxidative_stress,NFE2L2,1,5293,59809660
GSE230808,GSM7235335,SP21.013,AF,diseased,hypoxia_oxidative_stress,NQO1,1,17335,59809660
GSE230808,GSM7235335,SP21.013,AF,diseased,hypoxia_oxidative_stress,PDK1,1,577,59809660
GSE230808,GSM7235335,SP21.013,AF,diseased,hypoxia_oxidative_stress,PRDX1,1,80352,59809660
GSE230808,GSM7235335,SP21.013,AF,diseased,hypoxia_oxidative_stress,SLC2A1,1,1029,59809660
GSE230808,GSM7235335,SP21.013,AF,diseased,hypoxia_oxidative_stress,SOD1,1,34344,59809660
GSE230808,GSM7235335,SP21.013,AF,diseased,hypoxia_oxidative_stress,SOD2,1,16250,59809660
GSE230808,GSM7235335,SP21.013,AF,diseased,hypoxia_oxidative_stress,TXN,1,112021,59809660
GSE230808,GSM7235335,SP21.013,AF,diseased,hypoxia_oxidative_stress,VEGFA,1,1932,59809660
GSE230808,GSM7235335,SP21.013,AF,diseased,disc_matrix_homeostasis,ACAN,1,4106,59809660
GSE230808,GSM7235335,SP21.013,AF,diseased,disc_matrix_homeostasis,B3GAT1,1,0,59809660
GSE230808,GSM7235335,SP21.013,AF,diseased,disc_matrix_homeostasis,BGN,1,7802,59809660
GSE230808,GSM7235335,SP21.013,AF,diseased,disc_matrix_homeostasis,CILP,1,359,59809660
GSE230808,GSM7235335,SP21.013,AF,diseased,disc_matrix_homeostasis,COL2A1,1,11,59809660
GSE230808,GSM7235335,SP21.013,AF,diseased,disc_matrix_homeostasis,COL9A1,1,2,59809660
GSE230808,GSM7235335,SP21.013,AF,diseased,disc_matrix_homeostasis,COL9A2,1,19,59809660
GSE230808,GSM7235335,SP21.013,AF,diseased,disc_matrix_homeostasis,COL9A3,1,15,59809660
GSE230808,GSM7235335,SP21.013,AF,diseased,disc_matrix_homeostasis,COMP,1,395,59809660
GSE230808,GSM7235335,SP21.013,AF,diseased,disc_matrix_homeostasis,FMOD,1,931,59809660
GSE230808,GSM7235335,SP21.013,AF,diseased,disc_matrix_homeostasis,HAPLN1,1,2239,59809660
GSE230808,GSM7235335,SP21.013,AF,diseased,disc_matrix_homeostasis,HAS2,1,3601,59809660
GSE230808,GSM7235335,SP21.013,AF,diseased,disc_matrix_homeostasis,KRT19,1,1314,59809660
GSE230808,GSM7235335,SP21.013,AF,diseased,disc_matrix_homeostasis,MATN3,1,56,59809660
GSE230808,GSM7235335,SP21.013,AF,diseased,disc_matrix_homeostasis,SOX9,1,1239,59809660
GSE230808,GSM7235336,SP21.014,AF,diseased,ecm_collagen_remodeling,ADAMTS4,1,11,36909243
GSE230808,GSM7235336,SP21.014,AF,diseased,ecm_collagen_remodeling,ADAMTS5,1,3127,36909243
GSE230808,GSM7235336,SP21.014,AF,diseased,ecm_collagen_remodeling,COL1A1,1,27110,36909243
GSE230808,GSM7235336,SP21.014,AF,diseased,ecm_collagen_remodeling,COL1A2,1,87971,36909243
GSE230808,GSM7235336,SP21.014,AF,diseased,ecm_collagen_remodeling,COL3A1,1,31711,36909243
GSE230808,GSM7235336,SP21.014,AF,diseased,ecm_collagen_remodeling,COL5A1,1,1914,36909243
GSE230808,GSM7235336,SP21.014,AF,diseased,ecm_collagen_remodeling,COL5A2,1,8640,36909243
GSE230808,GSM7235336,SP21.014,AF,diseased,ecm_collagen_remodeling,COL6A1,1,23893,36909243
GSE230808,GSM7235336,SP21.014,AF,diseased,ecm_collagen_remodeling,COL6A2,1,17168,36909243
GSE230808,GSM7235336,SP21.014,AF,diseased,ecm_collagen_remodeling,COL6A3,1,18188,36909243
GSE230808,GSM7235336,SP21.014,AF,diseased,ecm_collagen_remodeling,DCN,1,365763,36909243
GSE230808,GSM7235336,SP21.014,AF,diseased,ecm_collagen_remodeling,FN1,1,113749,36909243
GSE230808,GSM7235336,SP21.014,AF,diseased,ecm_collagen_remodeling,LOX,1,21246,36909243
GSE230808,GSM7235336,SP21.014,AF,diseased,ecm_collagen_remodeling,LOXL2,1,1228,36909243
GSE230808,GSM7235336,SP21.014,AF,diseased,ecm_collagen_remodeling,LUM,1,159015,36909243
GSE230808,GSM7235336,SP21.014,AF,diseased,ecm_collagen_remodeling,MMP2,1,6268,36909243
GSE230808,GSM7235336,SP21.014,AF,diseased,ecm_collagen_remodeling,MMP3,1,1336,36909243
GSE230808,GSM7235336,SP21.014,AF,diseased,ecm_collagen_remodeling,MMP9,1,0,36909243
GSE230808,GSM7235336,SP21.014,AF,diseased,ecm_collagen_remodeling,MMP13,1,22,36909243
GSE230808,GSM7235336,SP21.014,AF,diseased,ecm_collagen_remodeling,POSTN,1,6922,36909243
GSE230808,GSM7235336,SP21.014,AF,diseased,ecm_collagen_remodeling,SPARC,1,27820,36909243
GSE230808,GSM7235336,SP21.014,AF,diseased,ecm_collagen_remodeling,TIMP1,1,147801,36909243
GSE230808,GSM7235336,SP21.014,AF,diseased,ecm_collagen_remodeling,TIMP2,1,21125,36909243
GSE230808,GSM7235336,SP21.014,AF,diseased,ecm_collagen_remodeling,TNC,1,5670,36909243
GSE230808,GSM7235336,SP21.014,AF,diseased,inflammatory_nfkb,CCL2,1,5002,36909243
GSE230808,GSM7235336,SP21.014,AF,diseased,inflammatory_nfkb,CCL5,1,86,36909243
GSE230808,GSM7235336,SP21.014,AF,diseased,inflammatory_nfkb,CXCL8,1,23,36909243
GSE230808,GSM7235336,SP21.014,AF,diseased,inflammatory_nfkb,FOS,1,3651,36909243
GSE230808,GSM7235336,SP21.014,AF,diseased,inflammatory_nfkb,IKBKB,1,193,36909243
GSE230808,GSM7235336,SP21.014,AF,diseased,inflammatory_nfkb,IKBKG,1,325,36909243
GSE230808,GSM7235336,SP21.014,AF,diseased,inflammatory_nfkb,IL1B,1,0,36909243
GSE230808,GSM7235336,SP21.014,AF,diseased,inflammatory_nfkb,IL6,1,83,36909243
GSE230808,GSM7235336,SP21.014,AF,diseased,inflammatory_nfkb,JUN,1,3820,36909243
GSE230808,GSM7235336,SP21.014,AF,diseased,inflammatory_nfkb,NFKB1,1,983,36909243
GSE230808,GSM7235336,SP21.014,AF,diseased,inflammatory_nfkb,NFKB2,1,143,36909243
GSE230808,GSM7235336,SP21.014,AF,diseased,inflammatory_nfkb,NFKBIA,1,2884,36909243
GSE230808,GSM7235336,SP21.014,AF,diseased,inflammatory_nfkb,NLRP3,1,0,36909243
GSE230808,GSM7235336,SP21.014,AF,diseased,inflammatory_nfkb,RELA,1,965,36909243
GSE230808,GSM7235336,SP21.014,AF,diseased,inflammatory_nfkb,RELB,1,210,36909243
GSE230808,GSM7235336,SP21.014,AF,diseased,inflammatory_nfkb,STAT3,1,4222,36909243
GSE230808,GSM7235336,SP21.014,AF,diseased,inflammatory_nfkb,TICAM1,1,172,36909243
GSE230808,GSM7235336,SP21.014,AF,diseased,inflammatory_nfkb,TLR2,1,22,36909243
GSE230808,GSM7235336,SP21.014,AF,diseased,inflammatory_nfkb,TLR4,1,416,36909243
GSE230808,GSM7235336,SP21.014,AF,diseased,inflammatory_nfkb,TNF,1,0,36909243
GSE230808,GSM7235336,SP21.014,AF,diseased,inflammatory_nfkb,TNFRSF1A,1,4328,36909243
GSE230808,GSM7235336,SP21.014,AF,diseased,hypoxia_oxidative_stress,BNIP3,1,17746,36909243
GSE230808,GSM7235336,SP21.014,AF,diseased,hypoxia_oxidative_stress,CA9,1,454,36909243
GSE230808,GSM7235336,SP21.014,AF,diseased,hypoxia_oxidative_stress,EGLN1,1,1336,36909243
GSE230808,GSM7235336,SP21.014,AF,diseased,hypoxia_oxidative_stress,EPAS1,1,3202,36909243
GSE230808,GSM7235336,SP21.014,AF,diseased,hypoxia_oxidative_stress,GCLM,1,2633,36909243
GSE230808,GSM7235336,SP21.014,AF,diseased,hypoxia_oxidative_stress,GPX1,0,0,36909243
GSE230808,GSM7235336,SP21.014,AF,diseased,hypoxia_oxidative_stress,HIF1A,1,9387,36909243
GSE230808,GSM7235336,SP21.014,AF,diseased,hypoxia_oxidative_stress,HMOX1,1,18975,36909243
GSE230808,GSM7235336,SP21.014,AF,diseased,hypoxia_oxidative_stress,LDHA,1,39478,36909243
GSE230808,GSM7235336,SP21.014,AF,diseased,hypoxia_oxidative_stress,NFE2L2,1,7293,36909243
GSE230808,GSM7235336,SP21.014,AF,diseased,hypoxia_oxidative_stress,NQO1,1,3868,36909243
GSE230808,GSM7235336,SP21.014,AF,diseased,hypoxia_oxidative_stress,PDK1,1,618,36909243
GSE230808,GSM7235336,SP21.014,AF,diseased,hypoxia_oxidative_stress,PRDX1,1,25942,36909243
GSE230808,GSM7235336,SP21.014,AF,diseased,hypoxia_oxidative_stress,SLC2A1,1,1077,36909243
GSE230808,GSM7235336,SP21.014,AF,diseased,hypoxia_oxidative_stress,SOD1,1,18704,36909243
GSE230808,GSM7235336,SP21.014,AF,diseased,hypoxia_oxidative_stress,SOD2,1,16568,36909243
GSE230808,GSM7235336,SP21.014,AF,diseased,hypoxia_oxidative_stress,TXN,1,34495,36909243
GSE230808,GSM7235336,SP21.014,AF,diseased,hypoxia_oxidative_stress,VEGFA,1,1686,36909243
GSE230808,GSM7235336,SP21.014,AF,diseased,disc_matrix_homeostasis,ACAN,1,12024,36909243
GSE230808,GSM7235336,SP21.014,AF,diseased,disc_matrix_homeostasis,B3GAT1,1,0,36909243
GSE230808,GSM7235336,SP21.014,AF,diseased,disc_matrix_homeostasis,BGN,1,7229,36909243
GSE230808,GSM7235336,SP21.014,AF,diseased,disc_matrix_homeostasis,CILP,1,991,36909243
GSE230808,GSM7235336,SP21.014,AF,diseased,disc_matrix_homeostasis,COL2A1,1,1,36909243
GSE230808,GSM7235336,SP21.014,AF,diseased,disc_matrix_homeostasis,COL9A1,1,1,36909243
GSE230808,GSM7235336,SP21.014,AF,diseased,disc_matrix_homeostasis,COL9A2,1,71,36909243
GSE230808,GSM7235336,SP21.014,AF,diseased,disc_matrix_homeostasis,COL9A3,1,14,36909243
GSE230808,GSM7235336,SP21.014,AF,diseased,disc_matrix_homeostasis,COMP,1,2342,36909243
GSE230808,GSM7235336,SP21.014,AF,diseased,disc_matrix_homeostasis,FMOD,1,4928,36909243
GSE230808,GSM7235336,SP21.014,AF,diseased,disc_matrix_homeostasis,HAPLN1,1,4948,36909243
GSE230808,GSM7235336,SP21.014,AF,diseased,disc_matrix_homeostasis,HAS2,1,191,36909243
GSE230808,GSM7235336,SP21.014,AF,diseased,disc_matrix_homeostasis,KRT19,1,196,36909243
GSE230808,GSM7235336,SP21.014,AF,diseased,disc_matrix_homeostasis,MATN3,1,45,36909243
GSE230808,GSM7235336,SP21.014,AF,diseased,disc_matrix_homeostasis,SOX9,1,1224,36909243
GSE230808,GSM7235337,SP21.016,AF,diseased,ecm_collagen_remodeling,ADAMTS4,1,7,16047082
GSE230808,GSM7235337,SP21.016,AF,diseased,ecm_collagen_remodeling,ADAMTS5,1,1507,16047082
GSE230808,GSM7235337,SP21.016,AF,diseased,ecm_collagen_remodeling,COL1A1,1,2784,16047082
GSE230808,GSM7235337,SP21.016,AF,diseased,ecm_collagen_remodeling,COL1A2,1,13847,16047082
GSE230808,GSM7235337,SP21.016,AF,diseased,ecm_collagen_remodeling,COL3A1,1,8611,16047082
GSE230808,GSM7235337,SP21.016,AF,diseased,ecm_collagen_remodeling,COL5A1,1,553,16047082
GSE230808,GSM7235337,SP21.016,AF,diseased,ecm_collagen_remodeling,COL5A2,1,2779,16047082
GSE230808,GSM7235337,SP21.016,AF,diseased,ecm_collagen_remodeling,COL6A1,1,7847,16047082
GSE230808,GSM7235337,SP21.016,AF,diseased,ecm_collagen_remodeling,COL6A2,1,7820,16047082
GSE230808,GSM7235337,SP21.016,AF,diseased,ecm_collagen_remodeling,COL6A3,1,3388,16047082
GSE230808,GSM7235337,SP21.016,AF,diseased,ecm_collagen_remodeling,DCN,1,71714,16047082
GSE230808,GSM7235337,SP21.016,AF,diseased,ecm_collagen_remodeling,FN1,1,37978,16047082
GSE230808,GSM7235337,SP21.016,AF,diseased,ecm_collagen_remodeling,LOX,1,8918,16047082
GSE230808,GSM7235337,SP21.016,AF,diseased,ecm_collagen_remodeling,LOXL2,1,667,16047082
GSE230808,GSM7235337,SP21.016,AF,diseased,ecm_collagen_remodeling,LUM,1,54259,16047082
GSE230808,GSM7235337,SP21.016,AF,diseased,ecm_collagen_remodeling,MMP2,1,1942,16047082
GSE230808,GSM7235337,SP21.016,AF,diseased,ecm_collagen_remodeling,MMP3,1,6014,16047082
GSE230808,GSM7235337,SP21.016,AF,diseased,ecm_collagen_remodeling,MMP9,1,0,16047082
GSE230808,GSM7235337,SP21.016,AF,diseased,ecm_collagen_remodeling,MMP13,1,2,16047082
GSE230808,GSM7235337,SP21.016,AF,diseased,ecm_collagen_remodeling,POSTN,1,1866,16047082
GSE230808,GSM7235337,SP21.016,AF,diseased,ecm_collagen_remodeling,SPARC,1,14647,16047082
GSE230808,GSM7235337,SP21.016,AF,diseased,ecm_collagen_remodeling,TIMP1,1,17059,16047082
GSE230808,GSM7235337,SP21.016,AF,diseased,ecm_collagen_remodeling,TIMP2,1,10212,16047082
GSE230808,GSM7235337,SP21.016,AF,diseased,ecm_collagen_remodeling,TNC,1,285,16047082
GSE230808,GSM7235337,SP21.016,AF,diseased,inflammatory_nfkb,CCL2,1,1364,16047082
GSE230808,GSM7235337,SP21.016,AF,diseased,inflammatory_nfkb,CCL5,1,16,16047082
GSE230808,GSM7235337,SP21.016,AF,diseased,inflammatory_nfkb,CXCL8,1,56,16047082
GSE230808,GSM7235337,SP21.016,AF,diseased,inflammatory_nfkb,FOS,1,2702,16047082
GSE230808,GSM7235337,SP21.016,AF,diseased,inflammatory_nfkb,IKBKB,1,114,16047082
GSE230808,GSM7235337,SP21.016,AF,diseased,inflammatory_nfkb,IKBKG,1,218,16047082
GSE230808,GSM7235337,SP21.016,AF,diseased,inflammatory_nfkb,IL1B,1,1,16047082
GSE230808,GSM7235337,SP21.016,AF,diseased,inflammatory_nfkb,IL6,1,41,16047082
GSE230808,GSM7235337,SP21.016,AF,diseased,inflammatory_nfkb,JUN,1,3367,16047082
GSE230808,GSM7235337,SP21.016,AF,diseased,inflammatory_nfkb,NFKB1,1,307,16047082
GSE230808,GSM7235337,SP21.016,AF,diseased,inflammatory_nfkb,NFKB2,1,127,16047082
GSE230808,GSM7235337,SP21.016,AF,diseased,inflammatory_nfkb,NFKBIA,1,908,16047082
GSE230808,GSM7235337,SP21.016,AF,diseased,inflammatory_nfkb,NLRP3,1,0,16047082
GSE230808,GSM7235337,SP21.016,AF,diseased,inflammatory_nfkb,RELA,1,529,16047082
GSE230808,GSM7235337,SP21.016,AF,diseased,inflammatory_nfkb,RELB,1,149,16047082
GSE230808,GSM7235337,SP21.016,AF,diseased,inflammatory_nfkb,STAT3,1,1404,16047082
GSE230808,GSM7235337,SP21.016,AF,diseased,inflammatory_nfkb,TICAM1,1,132,16047082
GSE230808,GSM7235337,SP21.016,AF,diseased,inflammatory_nfkb,TLR2,1,29,16047082
GSE230808,GSM7235337,SP21.016,AF,diseased,inflammatory_nfkb,TLR4,1,217,16047082
GSE230808,GSM7235337,SP21.016,AF,diseased,inflammatory_nfkb,TNF,1,0,16047082
GSE230808,GSM7235337,SP21.016,AF,diseased,inflammatory_nfkb,TNFRSF1A,1,2239,16047082
GSE230808,GSM7235337,SP21.016,AF,diseased,hypoxia_oxidative_stress,BNIP3,1,6638,16047082
GSE230808,GSM7235337,SP21.016,AF,diseased,hypoxia_oxidative_stress,CA9,1,218,16047082
GSE230808,GSM7235337,SP21.016,AF,diseased,hypoxia_oxidative_stress,EGLN1,1,628,16047082
GSE230808,GSM7235337,SP21.016,AF,diseased,hypoxia_oxidative_stress,EPAS1,1,1685,16047082
GSE230808,GSM7235337,SP21.016,AF,diseased,hypoxia_oxidative_stress,GCLM,1,964,16047082
GSE230808,GSM7235337,SP21.016,AF,diseased,hypoxia_oxidative_stress,GPX1,0,0,16047082
GSE230808,GSM7235337,SP21.016,AF,diseased,hypoxia_oxidative_stress,HIF1A,1,4907,16047082
GSE230808,GSM7235337,SP21.016,AF,diseased,hypoxia_oxidative_stress,HMOX1,1,11135,16047082
GSE230808,GSM7235337,SP21.016,AF,diseased,hypoxia_oxidative_stress,LDHA,1,18095,16047082
GSE230808,GSM7235337,SP21.016,AF,diseased,hypoxia_oxidative_stress,NFE2L2,1,1643,16047082
GSE230808,GSM7235337,SP21.016,AF,diseased,hypoxia_oxidative_stress,NQO1,1,3069,16047082
GSE230808,GSM7235337,SP21.016,AF,diseased,hypoxia_oxidative_stress,PDK1,1,228,16047082
GSE230808,GSM7235337,SP21.016,AF,diseased,hypoxia_oxidative_stress,PRDX1,1,11078,16047082
GSE230808,GSM7235337,SP21.016,AF,diseased,hypoxia_oxidative_stress,SLC2A1,1,820,16047082
GSE230808,GSM7235337,SP21.016,AF,diseased,hypoxia_oxidative_stress,SOD1,1,7183,16047082
GSE230808,GSM7235337,SP21.016,AF,diseased,hypoxia_oxidative_stress,SOD2,1,15092,16047082
GSE230808,GSM7235337,SP21.016,AF,diseased,hypoxia_oxidative_stress,TXN,1,18783,16047082
GSE230808,GSM7235337,SP21.016,AF,diseased,hypoxia_oxidative_stress,VEGFA,1,637,16047082
GSE230808,GSM7235337,SP21.016,AF,diseased,disc_matrix_homeostasis,ACAN,1,2755,16047082
GSE230808,GSM7235337,SP21.016,AF,diseased,disc_matrix_homeostasis,B3GAT1,1,0,16047082
GSE230808,GSM7235337,SP21.016,AF,diseased,disc_matrix_homeostasis,BGN,1,2274,16047082
GSE230808,GSM7235337,SP21.016,AF,diseased,disc_matrix_homeostasis,CILP,1,100,16047082
GSE230808,GSM7235337,SP21.016,AF,diseased,disc_matrix_homeostasis,COL2A1,1,541,16047082
GSE230808,GSM7235337,SP21.016,AF,diseased,disc_matrix_homeostasis,COL9A1,1,1,16047082
GSE230808,GSM7235337,SP21.016,AF,diseased,disc_matrix_homeostasis,COL9A2,1,215,16047082
GSE230808,GSM7235337,SP21.016,AF,diseased,disc_matrix_homeostasis,COL9A3,1,392,16047082
GSE230808,GSM7235337,SP21.016,AF,diseased,disc_matrix_homeostasis,COMP,1,350,16047082
GSE230808,GSM7235337,SP21.016,AF,diseased,disc_matrix_homeostasis,FMOD,1,2922,16047082
GSE230808,GSM7235337,SP21.016,AF,diseased,disc_matrix_homeostasis,HAPLN1,1,4548,16047082
GSE230808,GSM7235337,SP21.016,AF,diseased,disc_matrix_homeostasis,HAS2,1,81,16047082
GSE230808,GSM7235337,SP21.016,AF,diseased,disc_matrix_homeostasis,KRT19,1,66,16047082
GSE230808,GSM7235337,SP21.016,AF,diseased,disc_matrix_homeostasis,MATN3,1,38,16047082
GSE230808,GSM7235337,SP21.016,AF,diseased,disc_matrix_homeostasis,SOX9,1,788,16047082
GSE230808,GSM7235338,SP21.017,AF,diseased,ecm_collagen_remodeling,ADAMTS4,1,8,12015201
GSE230808,GSM7235338,SP21.017,AF,diseased,ecm_collagen_remodeling,ADAMTS5,1,3407,12015201
GSE230808,GSM7235338,SP21.017,AF,diseased,ecm_collagen_remodeling,COL1A1,1,24579,12015201
GSE230808,GSM7235338,SP21.017,AF,diseased,ecm_collagen_remodeling,COL1A2,1,35952,12015201
GSE230808,GSM7235338,SP21.017,AF,diseased,ecm_collagen_remodeling,COL3A1,1,6369,12015201
GSE230808,GSM7235338,SP21.017,AF,diseased,ecm_collagen_remodeling,COL5A1,1,1012,12015201
GSE230808,GSM7235338,SP21.017,AF,diseased,ecm_collagen_remodeling,COL5A2,1,2452,12015201
GSE230808,GSM7235338,SP21.017,AF,diseased,ecm_collagen_remodeling,COL6A1,1,13036,12015201
GSE230808,GSM7235338,SP21.017,AF,diseased,ecm_collagen_remodeling,COL6A2,1,11465,12015201
GSE230808,GSM7235338,SP21.017,AF,diseased,ecm_collagen_remodeling,COL6A3,1,3877,12015201
GSE230808,GSM7235338,SP21.017,AF,diseased,ecm_collagen_remodeling,DCN,1,58422,12015201
GSE230808,GSM7235338,SP21.017,AF,diseased,ecm_collagen_remodeling,FN1,1,26824,12015201
GSE230808,GSM7235338,SP21.017,AF,diseased,ecm_collagen_remodeling,LOX,1,10472,12015201
GSE230808,GSM7235338,SP21.017,AF,diseased,ecm_collagen_remodeling,LOXL2,1,907,12015201
GSE230808,GSM7235338,SP21.017,AF,diseased,ecm_collagen_remodeling,LUM,1,32577,12015201
GSE230808,GSM7235338,SP21.017,AF,diseased,ecm_collagen_remodeling,MMP2,1,1955,12015201
GSE230808,GSM7235338,SP21.017,AF,diseased,ecm_collagen_remodeling,MMP3,1,19,12015201
GSE230808,GSM7235338,SP21.017,AF,diseased,ecm_collagen_remodeling,MMP9,1,0,12015201
GSE230808,GSM7235338,SP21.017,AF,diseased,ecm_collagen_remodeling,MMP13,1,10,12015201
GSE230808,GSM7235338,SP21.017,AF,diseased,ecm_collagen_remodeling,POSTN,1,2997,12015201
GSE230808,GSM7235338,SP21.017,AF,diseased,ecm_collagen_remodeling,SPARC,1,13995,12015201
GSE230808,GSM7235338,SP21.017,AF,diseased,ecm_collagen_remodeling,TIMP1,1,21743,12015201
GSE230808,GSM7235338,SP21.017,AF,diseased,ecm_collagen_remodeling,TIMP2,1,5333,12015201
GSE230808,GSM7235338,SP21.017,AF,diseased,ecm_collagen_remodeling,TNC,1,425,12015201
GSE230808,GSM7235338,SP21.017,AF,diseased,inflammatory_nfkb,CCL2,1,1073,12015201
GSE230808,GSM7235338,SP21.017,AF,diseased,inflammatory_nfkb,CCL5,1,5,12015201
GSE230808,GSM7235338,SP21.017,AF,diseased,inflammatory_nfkb,CXCL8,1,4,12015201
GSE230808,GSM7235338,SP21.017,AF,diseased,inflammatory_nfkb,FOS,1,1145,12015201
GSE230808,GSM7235338,SP21.017,AF,diseased,inflammatory_nfkb,IKBKB,1,215,12015201
GSE230808,GSM7235338,SP21.017,AF,diseased,inflammatory_nfkb,IKBKG,1,141,12015201
GSE230808,GSM7235338,SP21.017,AF,diseased,inflammatory_nfkb,IL1B,1,2,12015201
GSE230808,GSM7235338,SP21.017,AF,diseased,inflammatory_nfkb,IL6,1,26,12015201
GSE230808,GSM7235338,SP21.017,AF,diseased,inflammatory_nfkb,JUN,1,2574,12015201
GSE230808,GSM7235338,SP21.017,AF,diseased,inflammatory_nfkb,NFKB1,1,217,12015201
GSE230808,GSM7235338,SP21.017,AF,diseased,inflammatory_nfkb,NFKB2,1,102,12015201
GSE230808,GSM7235338,SP21.017,AF,diseased,inflammatory_nfkb,NFKBIA,1,332,12015201
GSE230808,GSM7235338,SP21.017,AF,diseased,inflammatory_nfkb,NLRP3,1,2,12015201
GSE230808,GSM7235338,SP21.017,AF,diseased,inflammatory_nfkb,RELA,1,379,12015201
GSE230808,GSM7235338,SP21.017,AF,diseased,inflammatory_nfkb,RELB,1,67,12015201
GSE230808,GSM7235338,SP21.017,AF,diseased,inflammatory_nfkb,STAT3,1,1094,12015201
GSE230808,GSM7235338,SP21.017,AF,diseased,inflammatory_nfkb,TICAM1,1,53,12015201
GSE230808,GSM7235338,SP21.017,AF,diseased,inflammatory_nfkb,TLR2,1,4,12015201
GSE230808,GSM7235338,SP21.017,AF,diseased,inflammatory_nfkb,TLR4,1,156,12015201
GSE230808,GSM7235338,SP21.017,AF,diseased,inflammatory_nfkb,TNF,1,0,12015201
GSE230808,GSM7235338,SP21.017,AF,diseased,inflammatory_nfkb,TNFRSF1A,1,1058,12015201
GSE230808,GSM7235338,SP21.017,AF,diseased,hypoxia_oxidative_stress,BNIP3,1,3540,12015201
GSE230808,GSM7235338,SP21.017,AF,diseased,hypoxia_oxidative_stress,CA9,1,55,12015201
GSE230808,GSM7235338,SP21.017,AF,diseased,hypoxia_oxidative_stress,EGLN1,1,448,12015201
GSE230808,GSM7235338,SP21.017,AF,diseased,hypoxia_oxidative_stress,EPAS1,1,964,12015201
GSE230808,GSM7235338,SP21.017,AF,diseased,hypoxia_oxidative_stress,GCLM,1,1150,12015201
GSE230808,GSM7235338,SP21.017,AF,diseased,hypoxia_oxidative_stress,GPX1,0,0,12015201
GSE230808,GSM7235338,SP21.017,AF,diseased,hypoxia_oxidative_stress,HIF1A,1,3694,12015201
GSE230808,GSM7235338,SP21.017,AF,diseased,hypoxia_oxidative_stress,HMOX1,1,1031,12015201
GSE230808,GSM7235338,SP21.017,AF,diseased,hypoxia_oxidative_stress,LDHA,1,11838,12015201
GSE230808,GSM7235338,SP21.017,AF,diseased,hypoxia_oxidative_stress,NFE2L2,1,1356,12015201
GSE230808,GSM7235338,SP21.017,AF,diseased,hypoxia_oxidative_stress,NQO1,1,1048,12015201
GSE230808,GSM7235338,SP21.017,AF,diseased,hypoxia_oxidative_stress,PDK1,1,550,12015201
GSE230808,GSM7235338,SP21.017,AF,diseased,hypoxia_oxidative_stress,PRDX1,1,6258,12015201
GSE230808,GSM7235338,SP21.017,AF,diseased,hypoxia_oxidative_stress,SLC2A1,1,297,12015201
GSE230808,GSM7235338,SP21.017,AF,diseased,hypoxia_oxidative_stress,SOD1,1,4190,12015201
GSE230808,GSM7235338,SP21.017,AF,diseased,hypoxia_oxidative_stress,SOD2,1,2773,12015201
GSE230808,GSM7235338,SP21.017,AF,diseased,hypoxia_oxidative_stress,TXN,1,5905,12015201
GSE230808,GSM7235338,SP21.017,AF,diseased,hypoxia_oxidative_stress,VEGFA,1,693,12015201
GSE230808,GSM7235338,SP21.017,AF,diseased,disc_matrix_homeostasis,ACAN,1,1230,12015201
GSE230808,GSM7235338,SP21.017,AF,diseased,disc_matrix_homeostasis,B3GAT1,1,0,12015201
GSE230808,GSM7235338,SP21.017,AF,diseased,disc_matrix_homeostasis,BGN,1,1752,12015201
GSE230808,GSM7235338,SP21.017,AF,diseased,disc_matrix_homeostasis,CILP,1,88,12015201
GSE230808,GSM7235338,SP21.017,AF,diseased,disc_matrix_homeostasis,COL2A1,1,2,12015201
GSE230808,GSM7235338,SP21.017,AF,diseased,disc_matrix_homeostasis,COL9A1,1,1,12015201
GSE230808,GSM7235338,SP21.017,AF,diseased,disc_matrix_homeostasis,COL9A2,1,8,12015201
GSE230808,GSM7235338,SP21.017,AF,diseased,disc_matrix_homeostasis,COL9A3,1,2,12015201
GSE230808,GSM7235338,SP21.017,AF,diseased,disc_matrix_homeostasis,COMP,1,124,12015201
GSE230808,GSM7235338,SP21.017,AF,diseased,disc_matrix_homeostasis,FMOD,1,1444,12015201
GSE230808,GSM7235338,SP21.017,AF,diseased,disc_matrix_homeostasis,HAPLN1,1,2587,12015201
GSE230808,GSM7235338,SP21.017,AF,diseased,disc_matrix_homeostasis,HAS2,1,273,12015201
GSE230808,GSM7235338,SP21.017,AF,diseased,disc_matrix_homeostasis,KRT19,1,143,12015201
GSE230808,GSM7235338,SP21.017,AF,diseased,disc_matrix_homeostasis,MATN3,1,18,12015201
GSE230808,GSM7235338,SP21.017,AF,diseased,disc_matrix_homeostasis,SOX9,1,137,12015201
GSE230808,GSM7235339,SP22.002,AF,diseased,ecm_collagen_remodeling,ADAMTS4,1,17,80129456
GSE230808,GSM7235339,SP22.002,AF,diseased,ecm_collagen_remodeling,ADAMTS5,1,2302,80129456
GSE230808,GSM7235339,SP22.002,AF,diseased,ecm_collagen_remodeling,COL1A1,1,34334,80129456
GSE230808,GSM7235339,SP22.002,AF,diseased,ecm_collagen_remodeling,COL1A2,1,84733,80129456
GSE230808,GSM7235339,SP22.002,AF,diseased,ecm_collagen_remodeling,COL3A1,1,22389,80129456
GSE230808,GSM7235339,SP22.002,AF,diseased,ecm_collagen_remodeling,COL5A1,1,2005,80129456
GSE230808,GSM7235339,SP22.002,AF,diseased,ecm_collagen_remodeling,COL5A2,1,10435,80129456
GSE230808,GSM7235339,SP22.002,AF,diseased,ecm_collagen_remodeling,COL6A1,1,35382,80129456
GSE230808,GSM7235339,SP22.002,AF,diseased,ecm_collagen_remodeling,COL6A2,1,43256,80129456
GSE230808,GSM7235339,SP22.002,AF,diseased,ecm_collagen_remodeling,COL6A3,1,30394,80129456
GSE230808,GSM7235339,SP22.002,AF,diseased,ecm_collagen_remodeling,DCN,1,726879,80129456
GSE230808,GSM7235339,SP22.002,AF,diseased,ecm_collagen_remodeling,FN1,1,296829,80129456
GSE230808,GSM7235339,SP22.002,AF,diseased,ecm_collagen_remodeling,LOX,1,43583,80129456
GSE230808,GSM7235339,SP22.002,AF,diseased,ecm_collagen_remodeling,LOXL2,1,1448,80129456
GSE230808,GSM7235339,SP22.002,AF,diseased,ecm_collagen_remodeling,LUM,1,309256,80129456
GSE230808,GSM7235339,SP22.002,AF,diseased,ecm_collagen_remodeling,MMP2,1,15219,80129456
GSE230808,GSM7235339,SP22.002,AF,diseased,ecm_collagen_remodeling,MMP3,1,458,80129456
GSE230808,GSM7235339,SP22.002,AF,diseased,ecm_collagen_remodeling,MMP9,1,0,80129456
GSE230808,GSM7235339,SP22.002,AF,diseased,ecm_collagen_remodeling,MMP13,1,3,80129456
GSE230808,GSM7235339,SP22.002,AF,diseased,ecm_collagen_remodeling,POSTN,1,5177,80129456
GSE230808,GSM7235339,SP22.002,AF,diseased,ecm_collagen_remodeling,SPARC,1,41320,80129456
GSE230808,GSM7235339,SP22.002,AF,diseased,ecm_collagen_remodeling,TIMP1,1,261260,80129456
GSE230808,GSM7235339,SP22.002,AF,diseased,ecm_collagen_remodeling,TIMP2,1,43071,80129456
GSE230808,GSM7235339,SP22.002,AF,diseased,ecm_collagen_remodeling,TNC,1,4794,80129456
GSE230808,GSM7235339,SP22.002,AF,diseased,inflammatory_nfkb,CCL2,1,3356,80129456
GSE230808,GSM7235339,SP22.002,AF,diseased,inflammatory_nfkb,CCL5,1,20,80129456
GSE230808,GSM7235339,SP22.002,AF,diseased,inflammatory_nfkb,CXCL8,1,26,80129456
GSE230808,GSM7235339,SP22.002,AF,diseased,inflammatory_nfkb,FOS,1,5024,80129456
GSE230808,GSM7235339,SP22.002,AF,diseased,inflammatory_nfkb,IKBKB,1,561,80129456
GSE230808,GSM7235339,SP22.002,AF,diseased,inflammatory_nfkb,IKBKG,1,903,80129456
GSE230808,GSM7235339,SP22.002,AF,diseased,inflammatory_nfkb,IL1B,1,3,80129456
GSE230808,GSM7235339,SP22.002,AF,diseased,inflammatory_nfkb,IL6,1,95,80129456
GSE230808,GSM7235339,SP22.002,AF,diseased,inflammatory_nfkb,JUN,1,11965,80129456
GSE230808,GSM7235339,SP22.002,AF,diseased,inflammatory_nfkb,NFKB1,1,1377,80129456
GSE230808,GSM7235339,SP22.002,AF,diseased,inflammatory_nfkb,NFKB2,1,347,80129456
GSE230808,GSM7235339,SP22.002,AF,diseased,inflammatory_nfkb,NFKBIA,1,2775,80129456
GSE230808,GSM7235339,SP22.002,AF,diseased,inflammatory_nfkb,NLRP3,1,6,80129456
GSE230808,GSM7235339,SP22.002,AF,diseased,inflammatory_nfkb,RELA,1,1946,80129456
GSE230808,GSM7235339,SP22.002,AF,diseased,inflammatory_nfkb,RELB,1,547,80129456
GSE230808,GSM7235339,SP22.002,AF,diseased,inflammatory_nfkb,STAT3,1,4685,80129456
GSE230808,GSM7235339,SP22.002,AF,diseased,inflammatory_nfkb,TICAM1,1,381,80129456
GSE230808,GSM7235339,SP22.002,AF,diseased,inflammatory_nfkb,TLR2,1,42,80129456
GSE230808,GSM7235339,SP22.002,AF,diseased,inflammatory_nfkb,TLR4,1,568,80129456
GSE230808,GSM7235339,SP22.002,AF,diseased,inflammatory_nfkb,TNF,1,0,80129456
GSE230808,GSM7235339,SP22.002,AF,diseased,inflammatory_nfkb,TNFRSF1A,1,10022,80129456
GSE230808,GSM7235339,SP22.002,AF,diseased,hypoxia_oxidative_stress,BNIP3,1,43260,80129456
GSE230808,GSM7235339,SP22.002,AF,diseased,hypoxia_oxidative_stress,CA9,1,780,80129456
GSE230808,GSM7235339,SP22.002,AF,diseased,hypoxia_oxidative_stress,EGLN1,1,2772,80129456
GSE230808,GSM7235339,SP22.002,AF,diseased,hypoxia_oxidative_stress,EPAS1,1,5205,80129456
GSE230808,GSM7235339,SP22.002,AF,diseased,hypoxia_oxidative_stress,GCLM,1,5363,80129456
GSE230808,GSM7235339,SP22.002,AF,diseased,hypoxia_oxidative_stress,GPX1,0,0,80129456
GSE230808,GSM7235339,SP22.002,AF,diseased,hypoxia_oxidative_stress,HIF1A,1,18225,80129456
GSE230808,GSM7235339,SP22.002,AF,diseased,hypoxia_oxidative_stress,HMOX1,1,93569,80129456
GSE230808,GSM7235339,SP22.002,AF,diseased,hypoxia_oxidative_stress,LDHA,1,110560,80129456
GSE230808,GSM7235339,SP22.002,AF,diseased,hypoxia_oxidative_stress,NFE2L2,1,9458,80129456
GSE230808,GSM7235339,SP22.002,AF,diseased,hypoxia_oxidative_stress,NQO1,1,10604,80129456
GSE230808,GSM7235339,SP22.002,AF,diseased,hypoxia_oxidative_stress,PDK1,1,1232,80129456
GSE230808,GSM7235339,SP22.002,AF,diseased,hypoxia_oxidative_stress,PRDX1,1,68438,80129456
GSE230808,GSM7235339,SP22.002,AF,diseased,hypoxia_oxidative_stress,SLC2A1,1,3093,80129456
GSE230808,GSM7235339,SP22.002,AF,diseased,hypoxia_oxidative_stress,SOD1,1,49576,80129456
GSE230808,GSM7235339,SP22.002,AF,diseased,hypoxia_oxidative_stress,SOD2,1,45032,80129456
GSE230808,GSM7235339,SP22.002,AF,diseased,hypoxia_oxidative_stress,TXN,1,96041,80129456
GSE230808,GSM7235339,SP22.002,AF,diseased,hypoxia_oxidative_stress,VEGFA,1,2060,80129456
GSE230808,GSM7235339,SP22.002,AF,diseased,disc_matrix_homeostasis,ACAN,1,14301,80129456
GSE230808,GSM7235339,SP22.002,AF,diseased,disc_matrix_homeostasis,B3GAT1,1,0,80129456
GSE230808,GSM7235339,SP22.002,AF,diseased,disc_matrix_homeostasis,BGN,1,8774,80129456
GSE230808,GSM7235339,SP22.002,AF,diseased,disc_matrix_homeostasis,CILP,1,768,80129456
GSE230808,GSM7235339,SP22.002,AF,diseased,disc_matrix_homeostasis,COL2A1,1,6,80129456
GSE230808,GSM7235339,SP22.002,AF,diseased,disc_matrix_homeostasis,COL9A1,1,6,80129456
GSE230808,GSM7235339,SP22.002,AF,diseased,disc_matrix_homeostasis,COL9A2,1,201,80129456
GSE230808,GSM7235339,SP22.002,AF,diseased,disc_matrix_homeostasis,COL9A3,1,44,80129456
GSE230808,GSM7235339,SP22.002,AF,diseased,disc_matrix_homeostasis,COMP,1,579,80129456
GSE230808,GSM7235339,SP22.002,AF,diseased,disc_matrix_homeostasis,FMOD,1,6789,80129456
GSE230808,GSM7235339,SP22.002,AF,diseased,disc_matrix_homeostasis,HAPLN1,1,16690,80129456
GSE230808,GSM7235339,SP22.002,AF,diseased,disc_matrix_homeostasis,HAS2,1,787,80129456
GSE230808,GSM7235339,SP22.002,AF,diseased,disc_matrix_homeostasis,KRT19,1,2130,80129456
GSE230808,GSM7235339,SP22.002,AF,diseased,disc_matrix_homeostasis,MATN3,1,81,80129456
GSE230808,GSM7235339,SP22.002,AF,diseased,disc_matrix_homeostasis,SOX9,1,6129,80129456
GSE230808,GSM7235340,SP22.003,AF,diseased,ecm_collagen_remodeling,ADAMTS4,1,14,90844059
GSE230808,GSM7235340,SP22.003,AF,diseased,ecm_collagen_remodeling,ADAMTS5,1,3030,90844059
GSE230808,GSM7235340,SP22.003,AF,diseased,ecm_collagen_remodeling,COL1A1,1,40489,90844059
GSE230808,GSM7235340,SP22.003,AF,diseased,ecm_collagen_remodeling,COL1A2,1,98444,90844059
GSE230808,GSM7235340,SP22.003,AF,diseased,ecm_collagen_remodeling,COL3A1,1,27943,90844059
GSE230808,GSM7235340,SP22.003,AF,diseased,ecm_collagen_remodeling,COL5A1,1,2449,90844059
GSE230808,GSM7235340,SP22.003,AF,diseased,ecm_collagen_remodeling,COL5A2,1,13215,90844059
GSE230808,GSM7235340,SP22.003,AF,diseased,ecm_collagen_remodeling,COL6A1,1,44718,90844059
GSE230808,GSM7235340,SP22.003,AF,diseased,ecm_collagen_remodeling,COL6A2,1,45882,90844059
GSE230808,GSM7235340,SP22.003,AF,diseased,ecm_collagen_remodeling,COL6A3,1,36560,90844059
GSE230808,GSM7235340,SP22.003,AF,diseased,ecm_collagen_remodeling,DCN,1,726636,90844059
GSE230808,GSM7235340,SP22.003,AF,diseased,ecm_collagen_remodeling,FN1,1,386450,90844059
GSE230808,GSM7235340,SP22.003,AF,diseased,ecm_collagen_remodeling,LOX,1,45375,90844059
GSE230808,GSM7235340,SP22.003,AF,diseased,ecm_collagen_remodeling,LOXL2,1,1629,90844059
GSE230808,GSM7235340,SP22.003,AF,diseased,ecm_collagen_remodeling,LUM,1,276895,90844059
GSE230808,GSM7235340,SP22.003,AF,diseased,ecm_collagen_remodeling,MMP2,1,16402,90844059
GSE230808,GSM7235340,SP22.003,AF,diseased,ecm_collagen_remodeling,MMP3,1,416,90844059
GSE230808,GSM7235340,SP22.003,AF,diseased,ecm_collagen_remodeling,MMP9,1,0,90844059
GSE230808,GSM7235340,SP22.003,AF,diseased,ecm_collagen_remodeling,MMP13,1,0,90844059
GSE230808,GSM7235340,SP22.003,AF,diseased,ecm_collagen_remodeling,POSTN,1,5717,90844059
GSE230808,GSM7235340,SP22.003,AF,diseased,ecm_collagen_remodeling,SPARC,1,48151,90844059
GSE230808,GSM7235340,SP22.003,AF,diseased,ecm_collagen_remodeling,TIMP1,1,250366,90844059
GSE230808,GSM7235340,SP22.003,AF,diseased,ecm_collagen_remodeling,TIMP2,1,51625,90844059
GSE230808,GSM7235340,SP22.003,AF,diseased,ecm_collagen_remodeling,TNC,1,4886,90844059
GSE230808,GSM7235340,SP22.003,AF,diseased,inflammatory_nfkb,CCL2,1,2850,90844059
GSE230808,GSM7235340,SP22.003,AF,diseased,inflammatory_nfkb,CCL5,1,33,90844059
GSE230808,GSM7235340,SP22.003,AF,diseased,inflammatory_nfkb,CXCL8,1,76,90844059
GSE230808,GSM7235340,SP22.003,AF,diseased,inflammatory_nfkb,FOS,1,4869,90844059
GSE230808,GSM7235340,SP22.003,AF,diseased,inflammatory_nfkb,IKBKB,1,690,90844059
GSE230808,GSM7235340,SP22.003,AF,diseased,inflammatory_nfkb,IKBKG,1,1036,90844059
GSE230808,GSM7235340,SP22.003,AF,diseased,inflammatory_nfkb,IL1B,1,1,90844059
GSE230808,GSM7235340,SP22.003,AF,diseased,inflammatory_nfkb,IL6,1,70,90844059
GSE230808,GSM7235340,SP22.003,AF,diseased,inflammatory_nfkb,JUN,1,14889,90844059
GSE230808,GSM7235340,SP22.003,AF,diseased,inflammatory_nfkb,NFKB1,1,1833,90844059
GSE230808,GSM7235340,SP22.003,AF,diseased,inflammatory_nfkb,NFKB2,1,381,90844059
GSE230808,GSM7235340,SP22.003,AF,diseased,inflammatory_nfkb,NFKBIA,1,2803,90844059
GSE230808,GSM7235340,SP22.003,AF,diseased,inflammatory_nfkb,NLRP3,1,4,90844059
GSE230808,GSM7235340,SP22.003,AF,diseased,inflammatory_nfkb,RELA,1,2483,90844059
GSE230808,GSM7235340,SP22.003,AF,diseased,inflammatory_nfkb,RELB,1,618,90844059
GSE230808,GSM7235340,SP22.003,AF,diseased,inflammatory_nfkb,STAT3,1,6825,90844059
GSE230808,GSM7235340,SP22.003,AF,diseased,inflammatory_nfkb,TICAM1,1,490,90844059
GSE230808,GSM7235340,SP22.003,AF,diseased,inflammatory_nfkb,TLR2,1,46,90844059
GSE230808,GSM7235340,SP22.003,AF,diseased,inflammatory_nfkb,TLR4,1,678,90844059
GSE230808,GSM7235340,SP22.003,AF,diseased,inflammatory_nfkb,TNF,1,0,90844059
GSE230808,GSM7235340,SP22.003,AF,diseased,inflammatory_nfkb,TNFRSF1A,1,11380,90844059
GSE230808,GSM7235340,SP22.003,AF,diseased,hypoxia_oxidative_stress,BNIP3,1,45584,90844059
GSE230808,GSM7235340,SP22.003,AF,diseased,hypoxia_oxidative_stress,CA9,1,704,90844059
GSE230808,GSM7235340,SP22.003,AF,diseased,hypoxia_oxidative_stress,EGLN1,1,3585,90844059
GSE230808,GSM7235340,SP22.003,AF,diseased,hypoxia_oxidative_stress,EPAS1,1,7047,90844059
GSE230808,GSM7235340,SP22.003,AF,diseased,hypoxia_oxidative_stress,GCLM,1,6375,90844059
GSE230808,GSM7235340,SP22.003,AF,diseased,hypoxia_oxidative_stress,GPX1,0,0,90844059
GSE230808,GSM7235340,SP22.003,AF,diseased,hypoxia_oxidative_stress,HIF1A,1,22860,90844059
GSE230808,GSM7235340,SP22.003,AF,diseased,hypoxia_oxidative_stress,HMOX1,1,99962,90844059
GSE230808,GSM7235340,SP22.003,AF,diseased,hypoxia_oxidative_stress,LDHA,1,106420,90844059
GSE230808,GSM7235340,SP22.003,AF,diseased,hypoxia_oxidative_stress,NFE2L2,1,11551,90844059
GSE230808,GSM7235340,SP22.003,AF,diseased,hypoxia_oxidative_stress,NQO1,1,11243,90844059
GSE230808,GSM7235340,SP22.003,AF,diseased,hypoxia_oxidative_stress,PDK1,1,1635,90844059
GSE230808,GSM7235340,SP22.003,AF,diseased,hypoxia_oxidative_stress,PRDX1,1,69349,90844059
GSE230808,GSM7235340,SP22.003,AF,diseased,hypoxia_oxidative_stress,SLC2A1,1,3813,90844059
GSE230808,GSM7235340,SP22.003,AF,diseased,hypoxia_oxidative_stress,SOD1,1,52151,90844059
GSE230808,GSM7235340,SP22.003,AF,diseased,hypoxia_oxidative_stress,SOD2,1,58098,90844059
GSE230808,GSM7235340,SP22.003,AF,diseased,hypoxia_oxidative_stress,TXN,1,92077,90844059
GSE230808,GSM7235340,SP22.003,AF,diseased,hypoxia_oxidative_stress,VEGFA,1,2539,90844059
GSE230808,GSM7235340,SP22.003,AF,diseased,disc_matrix_homeostasis,ACAN,1,18305,90844059
GSE230808,GSM7235340,SP22.003,AF,diseased,disc_matrix_homeostasis,B3GAT1,1,0,90844059
GSE230808,GSM7235340,SP22.003,AF,diseased,disc_matrix_homeostasis,BGN,1,9606,90844059
GSE230808,GSM7235340,SP22.003,AF,diseased,disc_matrix_homeostasis,CILP,1,1055,90844059
GSE230808,GSM7235340,SP22.003,AF,diseased,disc_matrix_homeostasis,COL2A1,1,11,90844059
GSE230808,GSM7235340,SP22.003,AF,diseased,disc_matrix_homeostasis,COL9A1,1,5,90844059
GSE230808,GSM7235340,SP22.003,AF,diseased,disc_matrix_homeostasis,COL9A2,1,251,90844059
GSE230808,GSM7235340,SP22.003,AF,diseased,disc_matrix_homeostasis,COL9A3,1,66,90844059
GSE230808,GSM7235340,SP22.003,AF,diseased,disc_matrix_homeostasis,COMP,1,790,90844059
GSE230808,GSM7235340,SP22.003,AF,diseased,disc_matrix_homeostasis,FMOD,1,8834,90844059
GSE230808,GSM7235340,SP22.003,AF,diseased,disc_matrix_homeostasis,HAPLN1,1,19601,90844059
GSE230808,GSM7235340,SP22.003,AF,diseased,disc_matrix_homeostasis,HAS2,1,679,90844059
GSE230808,GSM7235340,SP22.003,AF,diseased,disc_matrix_homeostasis,KRT19,1,2801,90844059
GSE230808,GSM7235340,SP22.003,AF,diseased,disc_matrix_homeostasis,MATN3,1,68,90844059
GSE230808,GSM7235340,SP22.003,AF,diseased,disc_matrix_homeostasis,SOX9,1,8052,90844059
GSE230808,GSM7235341,SP21.007,NP,diseased,ecm_collagen_remodeling,ADAMTS4,1,1,89070698
GSE230808,GSM7235341,SP21.007,NP,diseased,ecm_collagen_remodeling,ADAMTS5,1,2491,89070698
GSE230808,GSM7235341,SP21.007,NP,diseased,ecm_collagen_remodeling,COL1A1,1,61053,89070698
GSE230808,GSM7235341,SP21.007,NP,diseased,ecm_collagen_remodeling,COL1A2,1,95575,89070698
GSE230808,GSM7235341,SP21.007,NP,diseased,ecm_collagen_remodeling,COL3A1,1,22188,89070698
GSE230808,GSM7235341,SP21.007,NP,diseased,ecm_collagen_remodeling,COL5A1,1,8199,89070698
GSE230808,GSM7235341,SP21.007,NP,diseased,ecm_collagen_remodeling,COL5A2,1,20863,89070698
GSE230808,GSM7235341,SP21.007,NP,diseased,ecm_collagen_remodeling,COL6A1,1,36423,89070698
GSE230808,GSM7235341,SP21.007,NP,diseased,ecm_collagen_remodeling,COL6A2,1,28362,89070698
GSE230808,GSM7235341,SP21.007,NP,diseased,ecm_collagen_remodeling,COL6A3,1,46962,89070698
GSE230808,GSM7235341,SP21.007,NP,diseased,ecm_collagen_remodeling,DCN,1,116486,89070698
GSE230808,GSM7235341,SP21.007,NP,diseased,ecm_collagen_remodeling,FN1,1,296356,89070698
GSE230808,GSM7235341,SP21.007,NP,diseased,ecm_collagen_remodeling,LOX,1,23712,89070698
GSE230808,GSM7235341,SP21.007,NP,diseased,ecm_collagen_remodeling,LOXL2,1,1645,89070698
GSE230808,GSM7235341,SP21.007,NP,diseased,ecm_collagen_remodeling,LUM,1,81167,89070698
GSE230808,GSM7235341,SP21.007,NP,diseased,ecm_collagen_remodeling,MMP2,1,29422,89070698
GSE230808,GSM7235341,SP21.007,NP,diseased,ecm_collagen_remodeling,MMP3,1,405,89070698
GSE230808,GSM7235341,SP21.007,NP,diseased,ecm_collagen_remodeling,MMP9,1,0,89070698
GSE230808,GSM7235341,SP21.007,NP,diseased,ecm_collagen_remodeling,MMP13,1,6,89070698
GSE230808,GSM7235341,SP21.007,NP,diseased,ecm_collagen_remodeling,POSTN,1,163323,89070698
GSE230808,GSM7235341,SP21.007,NP,diseased,ecm_collagen_remodeling,SPARC,1,88554,89070698
GSE230808,GSM7235341,SP21.007,NP,diseased,ecm_collagen_remodeling,TIMP1,1,126264,89070698
GSE230808,GSM7235341,SP21.007,NP,diseased,ecm_collagen_remodeling,TIMP2,1,44764,89070698
GSE230808,GSM7235341,SP21.007,NP,diseased,ecm_collagen_remodeling,TNC,1,5716,89070698
GSE230808,GSM7235341,SP21.007,NP,diseased,inflammatory_nfkb,CCL2,1,3901,89070698
GSE230808,GSM7235341,SP21.007,NP,diseased,inflammatory_nfkb,CCL5,1,1,89070698
GSE230808,GSM7235341,SP21.007,NP,diseased,inflammatory_nfkb,CXCL8,1,26,89070698
GSE230808,GSM7235341,SP21.007,NP,diseased,inflammatory_nfkb,FOS,1,10959,89070698
GSE230808,GSM7235341,SP21.007,NP,diseased,inflammatory_nfkb,IKBKB,1,614,89070698
GSE230808,GSM7235341,SP21.007,NP,diseased,inflammatory_nfkb,IKBKG,1,1157,89070698
GSE230808,GSM7235341,SP21.007,NP,diseased,inflammatory_nfkb,IL1B,1,3,89070698
GSE230808,GSM7235341,SP21.007,NP,diseased,inflammatory_nfkb,IL6,1,82,89070698
GSE230808,GSM7235341,SP21.007,NP,diseased,inflammatory_nfkb,JUN,1,13809,89070698
GSE230808,GSM7235341,SP21.007,NP,diseased,inflammatory_nfkb,NFKB1,1,1723,89070698
GSE230808,GSM7235341,SP21.007,NP,diseased,inflammatory_nfkb,NFKB2,1,310,89070698
GSE230808,GSM7235341,SP21.007,NP,diseased,inflammatory_nfkb,NFKBIA,1,3708,89070698
GSE230808,GSM7235341,SP21.007,NP,diseased,inflammatory_nfkb,NLRP3,1,2,89070698
GSE230808,GSM7235341,SP21.007,NP,diseased,inflammatory_nfkb,RELA,1,2090,89070698
GSE230808,GSM7235341,SP21.007,NP,diseased,inflammatory_nfkb,RELB,1,513,89070698
GSE230808,GSM7235341,SP21.007,NP,diseased,inflammatory_nfkb,STAT3,1,4141,89070698
GSE230808,GSM7235341,SP21.007,NP,diseased,inflammatory_nfkb,TICAM1,1,504,89070698
GSE230808,GSM7235341,SP21.007,NP,diseased,inflammatory_nfkb,TLR2,1,15,89070698
GSE230808,GSM7235341,SP21.007,NP,diseased,inflammatory_nfkb,TLR4,1,990,89070698
GSE230808,GSM7235341,SP21.007,NP,diseased,inflammatory_nfkb,TNF,1,0,89070698
GSE230808,GSM7235341,SP21.007,NP,diseased,inflammatory_nfkb,TNFRSF1A,1,7343,89070698
GSE230808,GSM7235341,SP21.007,NP,diseased,hypoxia_oxidative_stress,BNIP3,1,19359,89070698
GSE230808,GSM7235341,SP21.007,NP,diseased,hypoxia_oxidative_stress,CA9,1,21,89070698
GSE230808,GSM7235341,SP21.007,NP,diseased,hypoxia_oxidative_stress,EGLN1,1,1946,89070698
GSE230808,GSM7235341,SP21.007,NP,diseased,hypoxia_oxidative_stress,EPAS1,1,5445,89070698
GSE230808,GSM7235341,SP21.007,NP,diseased,hypoxia_oxidative_stress,GCLM,1,7168,89070698
GSE230808,GSM7235341,SP21.007,NP,diseased,hypoxia_oxidative_stress,GPX1,0,0,89070698
GSE230808,GSM7235341,SP21.007,NP,diseased,hypoxia_oxidative_stress,HIF1A,1,26449,89070698
GSE230808,GSM7235341,SP21.007,NP,diseased,hypoxia_oxidative_stress,HMOX1,1,72263,89070698
GSE230808,GSM7235341,SP21.007,NP,diseased,hypoxia_oxidative_stress,LDHA,1,51399,89070698
GSE230808,GSM7235341,SP21.007,NP,diseased,hypoxia_oxidative_stress,NFE2L2,1,8492,89070698
GSE230808,GSM7235341,SP21.007,NP,diseased,hypoxia_oxidative_stress,NQO1,1,26301,89070698
GSE230808,GSM7235341,SP21.007,NP,diseased,hypoxia_oxidative_stress,PDK1,1,677,89070698
GSE230808,GSM7235341,SP21.007,NP,diseased,hypoxia_oxidative_stress,PRDX1,1,105011,89070698
GSE230808,GSM7235341,SP21.007,NP,diseased,hypoxia_oxidative_stress,SLC2A1,1,2422,89070698
GSE230808,GSM7235341,SP21.007,NP,diseased,hypoxia_oxidative_stress,SOD1,1,45863,89070698
GSE230808,GSM7235341,SP21.007,NP,diseased,hypoxia_oxidative_stress,SOD2,1,12235,89070698
GSE230808,GSM7235341,SP21.007,NP,diseased,hypoxia_oxidative_stress,TXN,1,175129,89070698
GSE230808,GSM7235341,SP21.007,NP,diseased,hypoxia_oxidative_stress,VEGFA,1,1721,89070698
GSE230808,GSM7235341,SP21.007,NP,diseased,disc_matrix_homeostasis,ACAN,1,14368,89070698
GSE230808,GSM7235341,SP21.007,NP,diseased,disc_matrix_homeostasis,B3GAT1,1,0,89070698
GSE230808,GSM7235341,SP21.007,NP,diseased,disc_matrix_homeostasis,BGN,1,24024,89070698
GSE230808,GSM7235341,SP21.007,NP,diseased,disc_matrix_homeostasis,CILP,1,34,89070698
GSE230808,GSM7235341,SP21.007,NP,diseased,disc_matrix_homeostasis,COL2A1,1,158,89070698
GSE230808,GSM7235341,SP21.007,NP,diseased,disc_matrix_homeostasis,COL9A1,1,21,89070698
GSE230808,GSM7235341,SP21.007,NP,diseased,disc_matrix_homeostasis,COL9A2,1,113,89070698
GSE230808,GSM7235341,SP21.007,NP,diseased,disc_matrix_homeostasis,COL9A3,1,72,89070698
GSE230808,GSM7235341,SP21.007,NP,diseased,disc_matrix_homeostasis,COMP,1,2722,89070698
GSE230808,GSM7235341,SP21.007,NP,diseased,disc_matrix_homeostasis,FMOD,1,2078,89070698
GSE230808,GSM7235341,SP21.007,NP,diseased,disc_matrix_homeostasis,HAPLN1,1,5407,89070698
GSE230808,GSM7235341,SP21.007,NP,diseased,disc_matrix_homeostasis,HAS2,1,973,89070698
GSE230808,GSM7235341,SP21.007,NP,diseased,disc_matrix_homeostasis,KRT19,1,468,89070698
GSE230808,GSM7235341,SP21.007,NP,diseased,disc_matrix_homeostasis,MATN3,1,52,89070698
GSE230808,GSM7235341,SP21.007,NP,diseased,disc_matrix_homeostasis,SOX9,1,6110,89070698
GSE230808,GSM7235342,SP21.011,NP,diseased,ecm_collagen_remodeling,ADAMTS4,1,1,102726401
GSE230808,GSM7235342,SP21.011,NP,diseased,ecm_collagen_remodeling,ADAMTS5,1,3589,102726401
GSE230808,GSM7235342,SP21.011,NP,diseased,ecm_collagen_remodeling,COL1A1,1,21819,102726401
GSE230808,GSM7235342,SP21.011,NP,diseased,ecm_collagen_remodeling,COL1A2,1,93265,102726401
GSE230808,GSM7235342,SP21.011,NP,diseased,ecm_collagen_remodeling,COL3A1,1,36876,102726401
GSE230808,GSM7235342,SP21.011,NP,diseased,ecm_collagen_remodeling,COL5A1,1,2073,102726401
GSE230808,GSM7235342,SP21.011,NP,diseased,ecm_collagen_remodeling,COL5A2,1,12743,102726401
GSE230808,GSM7235342,SP21.011,NP,diseased,ecm_collagen_remodeling,COL6A1,1,64657,102726401
GSE230808,GSM7235342,SP21.011,NP,diseased,ecm_collagen_remodeling,COL6A2,1,43610,102726401
GSE230808,GSM7235342,SP21.011,NP,diseased,ecm_collagen_remodeling,COL6A3,1,31043,102726401
GSE230808,GSM7235342,SP21.011,NP,diseased,ecm_collagen_remodeling,DCN,1,158035,102726401
GSE230808,GSM7235342,SP21.011,NP,diseased,ecm_collagen_remodeling,FN1,1,210415,102726401
GSE230808,GSM7235342,SP21.011,NP,diseased,ecm_collagen_remodeling,LOX,1,28877,102726401
GSE230808,GSM7235342,SP21.011,NP,diseased,ecm_collagen_remodeling,LOXL2,1,5465,102726401
GSE230808,GSM7235342,SP21.011,NP,diseased,ecm_collagen_remodeling,LUM,1,143714,102726401
GSE230808,GSM7235342,SP21.011,NP,diseased,ecm_collagen_remodeling,MMP2,1,17699,102726401
GSE230808,GSM7235342,SP21.011,NP,diseased,ecm_collagen_remodeling,MMP3,1,498,102726401
GSE230808,GSM7235342,SP21.011,NP,diseased,ecm_collagen_remodeling,MMP9,1,0,102726401
GSE230808,GSM7235342,SP21.011,NP,diseased,ecm_collagen_remodeling,MMP13,1,27,102726401
GSE230808,GSM7235342,SP21.011,NP,diseased,ecm_collagen_remodeling,POSTN,1,17718,102726401
GSE230808,GSM7235342,SP21.011,NP,diseased,ecm_collagen_remodeling,SPARC,1,78437,102726401
GSE230808,GSM7235342,SP21.011,NP,diseased,ecm_collagen_remodeling,TIMP1,1,266637,102726401
GSE230808,GSM7235342,SP21.011,NP,diseased,ecm_collagen_remodeling,TIMP2,1,49767,102726401
GSE230808,GSM7235342,SP21.011,NP,diseased,ecm_collagen_remodeling,TNC,1,1906,102726401
GSE230808,GSM7235342,SP21.011,NP,diseased,inflammatory_nfkb,CCL2,1,12524,102726401
GSE230808,GSM7235342,SP21.011,NP,diseased,inflammatory_nfkb,CCL5,1,35,102726401
GSE230808,GSM7235342,SP21.011,NP,diseased,inflammatory_nfkb,CXCL8,1,242,102726401
GSE230808,GSM7235342,SP21.011,NP,diseased,inflammatory_nfkb,FOS,1,3694,102726401
GSE230808,GSM7235342,SP21.011,NP,diseased,inflammatory_nfkb,IKBKB,1,645,102726401
GSE230808,GSM7235342,SP21.011,NP,diseased,inflammatory_nfkb,IKBKG,1,1124,102726401
GSE230808,GSM7235342,SP21.011,NP,diseased,inflammatory_nfkb,IL1B,1,15,102726401
GSE230808,GSM7235342,SP21.011,NP,diseased,inflammatory_nfkb,IL6,1,102,102726401
GSE230808,GSM7235342,SP21.011,NP,diseased,inflammatory_nfkb,JUN,1,15784,102726401
GSE230808,GSM7235342,SP21.011,NP,diseased,inflammatory_nfkb,NFKB1,1,1310,102726401
GSE230808,GSM7235342,SP21.011,NP,diseased,inflammatory_nfkb,NFKB2,1,349,102726401
GSE230808,GSM7235342,SP21.011,NP,diseased,inflammatory_nfkb,NFKBIA,1,7213,102726401
GSE230808,GSM7235342,SP21.011,NP,diseased,inflammatory_nfkb,NLRP3,1,6,102726401
GSE230808,GSM7235342,SP21.011,NP,diseased,inflammatory_nfkb,RELA,1,1836,102726401
GSE230808,GSM7235342,SP21.011,NP,diseased,inflammatory_nfkb,RELB,1,677,102726401
GSE230808,GSM7235342,SP21.011,NP,diseased,inflammatory_nfkb,STAT3,1,3213,102726401
GSE230808,GSM7235342,SP21.011,NP,diseased,inflammatory_nfkb,TICAM1,1,541,102726401
GSE230808,GSM7235342,SP21.011,NP,diseased,inflammatory_nfkb,TLR2,1,24,102726401
GSE230808,GSM7235342,SP21.011,NP,diseased,inflammatory_nfkb,TLR4,1,863,102726401
GSE230808,GSM7235342,SP21.011,NP,diseased,inflammatory_nfkb,TNF,1,1,102726401
GSE230808,GSM7235342,SP21.011,NP,diseased,inflammatory_nfkb,TNFRSF1A,1,8433,102726401
GSE230808,GSM7235342,SP21.011,NP,diseased,hypoxia_oxidative_stress,BNIP3,1,42786,102726401
GSE230808,GSM7235342,SP21.011,NP,diseased,hypoxia_oxidative_stress,CA9,1,877,102726401
GSE230808,GSM7235342,SP21.011,NP,diseased,hypoxia_oxidative_stress,EGLN1,1,2936,102726401
GSE230808,GSM7235342,SP21.011,NP,diseased,hypoxia_oxidative_stress,EPAS1,1,9382,102726401
GSE230808,GSM7235342,SP21.011,NP,diseased,hypoxia_oxidative_stress,GCLM,1,6372,102726401
GSE230808,GSM7235342,SP21.011,NP,diseased,hypoxia_oxidative_stress,GPX1,0,0,102726401
GSE230808,GSM7235342,SP21.011,NP,diseased,hypoxia_oxidative_stress,HIF1A,1,35847,102726401
GSE230808,GSM7235342,SP21.011,NP,diseased,hypoxia_oxidative_stress,HMOX1,1,54080,102726401
GSE230808,GSM7235342,SP21.011,NP,diseased,hypoxia_oxidative_stress,LDHA,1,98793,102726401
GSE230808,GSM7235342,SP21.011,NP,diseased,hypoxia_oxidative_stress,NFE2L2,1,9772,102726401
GSE230808,GSM7235342,SP21.011,NP,diseased,hypoxia_oxidative_stress,NQO1,1,25155,102726401
GSE230808,GSM7235342,SP21.011,NP,diseased,hypoxia_oxidative_stress,PDK1,1,834,102726401
GSE230808,GSM7235342,SP21.011,NP,diseased,hypoxia_oxidative_stress,PRDX1,1,109584,102726401
GSE230808,GSM7235342,SP21.011,NP,diseased,hypoxia_oxidative_stress,SLC2A1,1,4441,102726401
GSE230808,GSM7235342,SP21.011,NP,diseased,hypoxia_oxidative_stress,SOD1,1,64858,102726401
GSE230808,GSM7235342,SP21.011,NP,diseased,hypoxia_oxidative_stress,SOD2,1,36460,102726401
GSE230808,GSM7235342,SP21.011,NP,diseased,hypoxia_oxidative_stress,TXN,1,179478,102726401
GSE230808,GSM7235342,SP21.011,NP,diseased,hypoxia_oxidative_stress,VEGFA,1,2536,102726401
GSE230808,GSM7235342,SP21.011,NP,diseased,disc_matrix_homeostasis,ACAN,1,3826,102726401
GSE230808,GSM7235342,SP21.011,NP,diseased,disc_matrix_homeostasis,B3GAT1,1,0,102726401
GSE230808,GSM7235342,SP21.011,NP,diseased,disc_matrix_homeostasis,BGN,1,4287,102726401
GSE230808,GSM7235342,SP21.011,NP,diseased,disc_matrix_homeostasis,CILP,1,248,102726401
GSE230808,GSM7235342,SP21.011,NP,diseased,disc_matrix_homeostasis,COL2A1,1,408,102726401
GSE230808,GSM7235342,SP21.011,NP,diseased,disc_matrix_homeostasis,COL9A1,1,0,102726401
GSE230808,GSM7235342,SP21.011,NP,diseased,disc_matrix_homeostasis,COL9A2,1,79,102726401
GSE230808,GSM7235342,SP21.011,NP,diseased,disc_matrix_homeostasis,COL9A3,1,39,102726401
GSE230808,GSM7235342,SP21.011,NP,diseased,disc_matrix_homeostasis,COMP,1,315,102726401
GSE230808,GSM7235342,SP21.011,NP,diseased,disc_matrix_homeostasis,FMOD,1,1894,102726401
GSE230808,GSM7235342,SP21.011,NP,diseased,disc_matrix_homeostasis,HAPLN1,1,1756,102726401
GSE230808,GSM7235342,SP21.011,NP,diseased,disc_matrix_homeostasis,HAS2,1,577,102726401
GSE230808,GSM7235342,SP21.011,NP,diseased,disc_matrix_homeostasis,KRT19,1,683,102726401
GSE230808,GSM7235342,SP21.011,NP,diseased,disc_matrix_homeostasis,MATN3,1,36,102726401
GSE230808,GSM7235342,SP21.011,NP,diseased,disc_matrix_homeostasis,SOX9,1,4049,102726401
GSE230808,GSM7235343,SP21.013,NP,diseased,ecm_collagen_remodeling,ADAMTS4,1,0,61708790
GSE230808,GSM7235343,SP21.013,NP,diseased,ecm_collagen_remodeling,ADAMTS5,1,2744,61708790
GSE230808,GSM7235343,SP21.013,NP,diseased,ecm_collagen_remodeling,COL1A1,1,85184,61708790
GSE230808,GSM7235343,SP21.013,NP,diseased,ecm_collagen_remodeling,COL1A2,1,113674,61708790
GSE230808,GSM7235343,SP21.013,NP,diseased,ecm_collagen_remodeling,COL3A1,1,22360,61708790
GSE230808,GSM7235343,SP21.013,NP,diseased,ecm_collagen_remodeling,COL5A1,1,5181,61708790
GSE230808,GSM7235343,SP21.013,NP,diseased,ecm_collagen_remodeling,COL5A2,1,16879,61708790
GSE230808,GSM7235343,SP21.013,NP,diseased,ecm_collagen_remodeling,COL6A1,1,70009,61708790
GSE230808,GSM7235343,SP21.013,NP,diseased,ecm_collagen_remodeling,COL6A2,1,43761,61708790
GSE230808,GSM7235343,SP21.013,NP,diseased,ecm_collagen_remodeling,COL6A3,1,43606,61708790
GSE230808,GSM7235343,SP21.013,NP,diseased,ecm_collagen_remodeling,DCN,1,144238,61708790
GSE230808,GSM7235343,SP21.013,NP,diseased,ecm_collagen_remodeling,FN1,1,196522,61708790
GSE230808,GSM7235343,SP21.013,NP,diseased,ecm_collagen_remodeling,LOX,1,13564,61708790
GSE230808,GSM7235343,SP21.013,NP,diseased,ecm_collagen_remodeling,LOXL2,1,3109,61708790
GSE230808,GSM7235343,SP21.013,NP,diseased,ecm_collagen_remodeling,LUM,1,74602,61708790
GSE230808,GSM7235343,SP21.013,NP,diseased,ecm_collagen_remodeling,MMP2,1,10916,61708790
GSE230808,GSM7235343,SP21.013,NP,diseased,ecm_collagen_remodeling,MMP3,1,794,61708790
GSE230808,GSM7235343,SP21.013,NP,diseased,ecm_collagen_remodeling,MMP9,1,0,61708790
GSE230808,GSM7235343,SP21.013,NP,diseased,ecm_collagen_remodeling,MMP13,1,3,61708790
GSE230808,GSM7235343,SP21.013,NP,diseased,ecm_collagen_remodeling,POSTN,1,75642,61708790
GSE230808,GSM7235343,SP21.013,NP,diseased,ecm_collagen_remodeling,SPARC,1,55461,61708790
GSE230808,GSM7235343,SP21.013,NP,diseased,ecm_collagen_remodeling,TIMP1,1,87190,61708790
GSE230808,GSM7235343,SP21.013,NP,diseased,ecm_collagen_remodeling,TIMP2,1,20845,61708790
GSE230808,GSM7235343,SP21.013,NP,diseased,ecm_collagen_remodeling,TNC,1,6158,61708790
GSE230808,GSM7235343,SP21.013,NP,diseased,inflammatory_nfkb,CCL2,1,2211,61708790
GSE230808,GSM7235343,SP21.013,NP,diseased,inflammatory_nfkb,CCL5,1,3,61708790
GSE230808,GSM7235343,SP21.013,NP,diseased,inflammatory_nfkb,CXCL8,1,86,61708790
GSE230808,GSM7235343,SP21.013,NP,diseased,inflammatory_nfkb,FOS,1,977,61708790
GSE230808,GSM7235343,SP21.013,NP,diseased,inflammatory_nfkb,IKBKB,1,573,61708790
GSE230808,GSM7235343,SP21.013,NP,diseased,inflammatory_nfkb,IKBKG,1,914,61708790
GSE230808,GSM7235343,SP21.013,NP,diseased,inflammatory_nfkb,IL1B,1,13,61708790
GSE230808,GSM7235343,SP21.013,NP,diseased,inflammatory_nfkb,IL6,1,62,61708790
GSE230808,GSM7235343,SP21.013,NP,diseased,inflammatory_nfkb,JUN,1,12609,61708790
GSE230808,GSM7235343,SP21.013,NP,diseased,inflammatory_nfkb,NFKB1,1,1466,61708790
GSE230808,GSM7235343,SP21.013,NP,diseased,inflammatory_nfkb,NFKB2,1,270,61708790
GSE230808,GSM7235343,SP21.013,NP,diseased,inflammatory_nfkb,NFKBIA,1,3098,61708790
GSE230808,GSM7235343,SP21.013,NP,diseased,inflammatory_nfkb,NLRP3,1,0,61708790
GSE230808,GSM7235343,SP21.013,NP,diseased,inflammatory_nfkb,RELA,1,1578,61708790
GSE230808,GSM7235343,SP21.013,NP,diseased,inflammatory_nfkb,RELB,1,398,61708790
GSE230808,GSM7235343,SP21.013,NP,diseased,inflammatory_nfkb,STAT3,1,3081,61708790
GSE230808,GSM7235343,SP21.013,NP,diseased,inflammatory_nfkb,TICAM1,1,406,61708790
GSE230808,GSM7235343,SP21.013,NP,diseased,inflammatory_nfkb,TLR2,1,19,61708790
GSE230808,GSM7235343,SP21.013,NP,diseased,inflammatory_nfkb,TLR4,1,476,61708790
GSE230808,GSM7235343,SP21.013,NP,diseased,inflammatory_nfkb,TNF,1,0,61708790
GSE230808,GSM7235343,SP21.013,NP,diseased,inflammatory_nfkb,TNFRSF1A,1,5449,61708790
GSE230808,GSM7235343,SP21.013,NP,diseased,hypoxia_oxidative_stress,BNIP3,1,16806,61708790
GSE230808,GSM7235343,SP21.013,NP,diseased,hypoxia_oxidative_stress,CA9,1,109,61708790
GSE230808,GSM7235343,SP21.013,NP,diseased,hypoxia_oxidative_stress,EGLN1,1,1705,61708790
GSE230808,GSM7235343,SP21.013,NP,diseased,hypoxia_oxidative_stress,EPAS1,1,3935,61708790
GSE230808,GSM7235343,SP21.013,NP,diseased,hypoxia_oxidative_stress,GCLM,1,5642,61708790
GSE230808,GSM7235343,SP21.013,NP,diseased,hypoxia_oxidative_stress,GPX1,0,0,61708790
GSE230808,GSM7235343,SP21.013,NP,diseased,hypoxia_oxidative_stress,HIF1A,1,20551,61708790
GSE230808,GSM7235343,SP21.013,NP,diseased,hypoxia_oxidative_stress,HMOX1,1,24427,61708790
GSE230808,GSM7235343,SP21.013,NP,diseased,hypoxia_oxidative_stress,LDHA,1,75631,61708790
GSE230808,GSM7235343,SP21.013,NP,diseased,hypoxia_oxidative_stress,NFE2L2,1,5616,61708790
GSE230808,GSM7235343,SP21.013,NP,diseased,hypoxia_oxidative_stress,NQO1,1,19917,61708790
GSE230808,GSM7235343,SP21.013,NP,diseased,hypoxia_oxidative_stress,PDK1,1,525,61708790
GSE230808,GSM7235343,SP21.013,NP,diseased,hypoxia_oxidative_stress,PRDX1,1,80777,61708790
GSE230808,GSM7235343,SP21.013,NP,diseased,hypoxia_oxidative_stress,SLC2A1,1,1541,61708790
GSE230808,GSM7235343,SP21.013,NP,diseased,hypoxia_oxidative_stress,SOD1,1,32376,61708790
GSE230808,GSM7235343,SP21.013,NP,diseased,hypoxia_oxidative_stress,SOD2,1,12363,61708790
GSE230808,GSM7235343,SP21.013,NP,diseased,hypoxia_oxidative_stress,TXN,1,123675,61708790
GSE230808,GSM7235343,SP21.013,NP,diseased,hypoxia_oxidative_stress,VEGFA,1,1342,61708790
GSE230808,GSM7235343,SP21.013,NP,diseased,disc_matrix_homeostasis,ACAN,1,6209,61708790
GSE230808,GSM7235343,SP21.013,NP,diseased,disc_matrix_homeostasis,B3GAT1,1,0,61708790
GSE230808,GSM7235343,SP21.013,NP,diseased,disc_matrix_homeostasis,BGN,1,11027,61708790
GSE230808,GSM7235343,SP21.013,NP,diseased,disc_matrix_homeostasis,CILP,1,120,61708790
GSE230808,GSM7235343,SP21.013,NP,diseased,disc_matrix_homeostasis,COL2A1,1,17,61708790
GSE230808,GSM7235343,SP21.013,NP,diseased,disc_matrix_homeostasis,COL9A1,1,5,61708790
GSE230808,GSM7235343,SP21.013,NP,diseased,disc_matrix_homeostasis,COL9A2,1,30,61708790
GSE230808,GSM7235343,SP21.013,NP,diseased,disc_matrix_homeostasis,COL9A3,1,37,61708790
GSE230808,GSM7235343,SP21.013,NP,diseased,disc_matrix_homeostasis,COMP,1,713,61708790
GSE230808,GSM7235343,SP21.013,NP,diseased,disc_matrix_homeostasis,FMOD,1,248,61708790
GSE230808,GSM7235343,SP21.013,NP,diseased,disc_matrix_homeostasis,HAPLN1,1,8993,61708790
GSE230808,GSM7235343,SP21.013,NP,diseased,disc_matrix_homeostasis,HAS2,1,10675,61708790
GSE230808,GSM7235343,SP21.013,NP,diseased,disc_matrix_homeostasis,KRT19,1,186,61708790
GSE230808,GSM7235343,SP21.013,NP,diseased,disc_matrix_homeostasis,MATN3,1,87,61708790
GSE230808,GSM7235343,SP21.013,NP,diseased,disc_matrix_homeostasis,SOX9,1,2860,61708790
GSE230808,GSM7235344,SP21.014,NP,diseased,ecm_collagen_remodeling,ADAMTS4,1,1,74292100
GSE230808,GSM7235344,SP21.014,NP,diseased,ecm_collagen_remodeling,ADAMTS5,1,2463,74292100
GSE230808,GSM7235344,SP21.014,NP,diseased,ecm_collagen_remodeling,COL1A1,1,32088,74292100
GSE230808,GSM7235344,SP21.014,NP,diseased,ecm_collagen_remodeling,COL1A2,1,142784,74292100
GSE230808,GSM7235344,SP21.014,NP,diseased,ecm_collagen_remodeling,COL3A1,1,44817,74292100
GSE230808,GSM7235344,SP21.014,NP,diseased,ecm_collagen_remodeling,COL5A1,1,2626,74292100
GSE230808,GSM7235344,SP21.014,NP,diseased,ecm_collagen_remodeling,COL5A2,1,15177,74292100
GSE230808,GSM7235344,SP21.014,NP,diseased,ecm_collagen_remodeling,COL6A1,1,106371,74292100
GSE230808,GSM7235344,SP21.014,NP,diseased,ecm_collagen_remodeling,COL6A2,1,64657,74292100
GSE230808,GSM7235344,SP21.014,NP,diseased,ecm_collagen_remodeling,COL6A3,1,48047,74292100
GSE230808,GSM7235344,SP21.014,NP,diseased,ecm_collagen_remodeling,DCN,1,352125,74292100
GSE230808,GSM7235344,SP21.014,NP,diseased,ecm_collagen_remodeling,FN1,1,108097,74292100
GSE230808,GSM7235344,SP21.014,NP,diseased,ecm_collagen_remodeling,LOX,1,29289,74292100
GSE230808,GSM7235344,SP21.014,NP,diseased,ecm_collagen_remodeling,LOXL2,1,9835,74292100
GSE230808,GSM7235344,SP21.014,NP,diseased,ecm_collagen_remodeling,LUM,1,150511,74292100
GSE230808,GSM7235344,SP21.014,NP,diseased,ecm_collagen_remodeling,MMP2,1,16549,74292100
GSE230808,GSM7235344,SP21.014,NP,diseased,ecm_collagen_remodeling,MMP3,1,479,74292100
GSE230808,GSM7235344,SP21.014,NP,diseased,ecm_collagen_remodeling,MMP9,1,0,74292100
GSE230808,GSM7235344,SP21.014,NP,diseased,ecm_collagen_remodeling,MMP13,1,0,74292100
GSE230808,GSM7235344,SP21.014,NP,diseased,ecm_collagen_remodeling,POSTN,1,4761,74292100
GSE230808,GSM7235344,SP21.014,NP,diseased,ecm_collagen_remodeling,SPARC,1,66929,74292100
GSE230808,GSM7235344,SP21.014,NP,diseased,ecm_collagen_remodeling,TIMP1,1,328987,74292100
GSE230808,GSM7235344,SP21.014,NP,diseased,ecm_collagen_remodeling,TIMP2,1,44677,74292100
GSE230808,GSM7235344,SP21.014,NP,diseased,ecm_collagen_remodeling,TNC,1,3427,74292100
GSE230808,GSM7235344,SP21.014,NP,diseased,inflammatory_nfkb,CCL2,1,13031,74292100
GSE230808,GSM7235344,SP21.014,NP,diseased,inflammatory_nfkb,CCL5,1,4,74292100
GSE230808,GSM7235344,SP21.014,NP,diseased,inflammatory_nfkb,CXCL8,1,73,74292100
GSE230808,GSM7235344,SP21.014,NP,diseased,inflammatory_nfkb,FOS,1,555,74292100
GSE230808,GSM7235344,SP21.014,NP,diseased,inflammatory_nfkb,IKBKB,1,664,74292100
GSE230808,GSM7235344,SP21.014,NP,diseased,inflammatory_nfkb,IKBKG,1,926,74292100
GSE230808,GSM7235344,SP21.014,NP,diseased,inflammatory_nfkb,IL1B,1,9,74292100
GSE230808,GSM7235344,SP21.014,NP,diseased,inflammatory_nfkb,IL6,1,44,74292100
GSE230808,GSM7235344,SP21.014,NP,diseased,inflammatory_nfkb,JUN,1,14092,74292100
GSE230808,GSM7235344,SP21.014,NP,diseased,inflammatory_nfkb,NFKB1,1,1319,74292100
GSE230808,GSM7235344,SP21.014,NP,diseased,inflammatory_nfkb,NFKB2,1,270,74292100
GSE230808,GSM7235344,SP21.014,NP,diseased,inflammatory_nfkb,NFKBIA,1,3874,74292100
GSE230808,GSM7235344,SP21.014,NP,diseased,inflammatory_nfkb,NLRP3,1,1,74292100
GSE230808,GSM7235344,SP21.014,NP,diseased,inflammatory_nfkb,RELA,1,1964,74292100
GSE230808,GSM7235344,SP21.014,NP,diseased,inflammatory_nfkb,RELB,1,268,74292100
GSE230808,GSM7235344,SP21.014,NP,diseased,inflammatory_nfkb,STAT3,1,3862,74292100
GSE230808,GSM7235344,SP21.014,NP,diseased,inflammatory_nfkb,TICAM1,1,449,74292100
GSE230808,GSM7235344,SP21.014,NP,diseased,inflammatory_nfkb,TLR2,1,3,74292100
GSE230808,GSM7235344,SP21.014,NP,diseased,inflammatory_nfkb,TLR4,1,359,74292100
GSE230808,GSM7235344,SP21.014,NP,diseased,inflammatory_nfkb,TNF,1,0,74292100
GSE230808,GSM7235344,SP21.014,NP,diseased,inflammatory_nfkb,TNFRSF1A,1,10819,74292100
GSE230808,GSM7235344,SP21.014,NP,diseased,hypoxia_oxidative_stress,BNIP3,1,43288,74292100
GSE230808,GSM7235344,SP21.014,NP,diseased,hypoxia_oxidative_stress,CA9,1,2393,74292100
GSE230808,GSM7235344,SP21.014,NP,diseased,hypoxia_oxidative_stress,EGLN1,1,3524,74292100
GSE230808,GSM7235344,SP21.014,NP,diseased,hypoxia_oxidative_stress,EPAS1,1,8775,74292100
GSE230808,GSM7235344,SP21.014,NP,diseased,hypoxia_oxidative_stress,GCLM,1,4795,74292100
GSE230808,GSM7235344,SP21.014,NP,diseased,hypoxia_oxidative_stress,GPX1,0,0,74292100
GSE230808,GSM7235344,SP21.014,NP,diseased,hypoxia_oxidative_stress,HIF1A,1,16446,74292100
GSE230808,GSM7235344,SP21.014,NP,diseased,hypoxia_oxidative_stress,HMOX1,1,27209,74292100
GSE230808,GSM7235344,SP21.014,NP,diseased,hypoxia_oxidative_stress,LDHA,1,122656,74292100
GSE230808,GSM7235344,SP21.014,NP,diseased,hypoxia_oxidative_stress,NFE2L2,1,8614,74292100
GSE230808,GSM7235344,SP21.014,NP,diseased,hypoxia_oxidative_stress,NQO1,1,11796,74292100
GSE230808,GSM7235344,SP21.014,NP,diseased,hypoxia_oxidative_stress,PDK1,1,813,74292100
GSE230808,GSM7235344,SP21.014,NP,diseased,hypoxia_oxidative_stress,PRDX1,1,70152,74292100
GSE230808,GSM7235344,SP21.014,NP,diseased,hypoxia_oxidative_stress,SLC2A1,1,2931,74292100
GSE230808,GSM7235344,SP21.014,NP,diseased,hypoxia_oxidative_stress,SOD1,1,43736,74292100
GSE230808,GSM7235344,SP21.014,NP,diseased,hypoxia_oxidative_stress,SOD2,1,19213,74292100
GSE230808,GSM7235344,SP21.014,NP,diseased,hypoxia_oxidative_stress,TXN,1,49720,74292100
GSE230808,GSM7235344,SP21.014,NP,diseased,hypoxia_oxidative_stress,VEGFA,1,2064,74292100
GSE230808,GSM7235344,SP21.014,NP,diseased,disc_matrix_homeostasis,ACAN,1,1258,74292100
GSE230808,GSM7235344,SP21.014,NP,diseased,disc_matrix_homeostasis,B3GAT1,1,0,74292100
GSE230808,GSM7235344,SP21.014,NP,diseased,disc_matrix_homeostasis,BGN,1,4490,74292100
GSE230808,GSM7235344,SP21.014,NP,diseased,disc_matrix_homeostasis,CILP,1,124,74292100
GSE230808,GSM7235344,SP21.014,NP,diseased,disc_matrix_homeostasis,COL2A1,1,2,74292100
GSE230808,GSM7235344,SP21.014,NP,diseased,disc_matrix_homeostasis,COL9A1,1,1,74292100
GSE230808,GSM7235344,SP21.014,NP,diseased,disc_matrix_homeostasis,COL9A2,1,22,74292100
GSE230808,GSM7235344,SP21.014,NP,diseased,disc_matrix_homeostasis,COL9A3,1,0,74292100
GSE230808,GSM7235344,SP21.014,NP,diseased,disc_matrix_homeostasis,COMP,1,49,74292100
GSE230808,GSM7235344,SP21.014,NP,diseased,disc_matrix_homeostasis,FMOD,1,946,74292100
GSE230808,GSM7235344,SP21.014,NP,diseased,disc_matrix_homeostasis,HAPLN1,1,898,74292100
GSE230808,GSM7235344,SP21.014,NP,diseased,disc_matrix_homeostasis,HAS2,1,2183,74292100
GSE230808,GSM7235344,SP21.014,NP,diseased,disc_matrix_homeostasis,KRT19,1,851,74292100
GSE230808,GSM7235344,SP21.014,NP,diseased,disc_matrix_homeostasis,MATN3,1,80,74292100
GSE230808,GSM7235344,SP21.014,NP,diseased,disc_matrix_homeostasis,SOX9,1,2715,74292100
GSE230808,GSM7235345,SP21.016,NP,diseased,ecm_collagen_remodeling,ADAMTS4,1,2,48267263
GSE230808,GSM7235345,SP21.016,NP,diseased,ecm_collagen_remodeling,ADAMTS5,1,3240,48267263
GSE230808,GSM7235345,SP21.016,NP,diseased,ecm_collagen_remodeling,COL1A1,1,25044,48267263
GSE230808,GSM7235345,SP21.016,NP,diseased,ecm_collagen_remodeling,COL1A2,1,66651,48267263
GSE230808,GSM7235345,SP21.016,NP,diseased,ecm_collagen_remodeling,COL3A1,1,24725,48267263
GSE230808,GSM7235345,SP21.016,NP,diseased,ecm_collagen_remodeling,COL5A1,1,3397,48267263
GSE230808,GSM7235345,SP21.016,NP,diseased,ecm_collagen_remodeling,COL5A2,1,11674,48267263
GSE230808,GSM7235345,SP21.016,NP,diseased,ecm_collagen_remodeling,COL6A1,1,40868,48267263
GSE230808,GSM7235345,SP21.016,NP,diseased,ecm_collagen_remodeling,COL6A2,1,30439,48267263
GSE230808,GSM7235345,SP21.016,NP,diseased,ecm_collagen_remodeling,COL6A3,1,20797,48267263
GSE230808,GSM7235345,SP21.016,NP,diseased,ecm_collagen_remodeling,DCN,1,221851,48267263
GSE230808,GSM7235345,SP21.016,NP,diseased,ecm_collagen_remodeling,FN1,1,129144,48267263
GSE230808,GSM7235345,SP21.016,NP,diseased,ecm_collagen_remodeling,LOX,1,29454,48267263
GSE230808,GSM7235345,SP21.016,NP,diseased,ecm_collagen_remodeling,LOXL2,1,7056,48267263
GSE230808,GSM7235345,SP21.016,NP,diseased,ecm_collagen_remodeling,LUM,1,156450,48267263
GSE230808,GSM7235345,SP21.016,NP,diseased,ecm_collagen_remodeling,MMP2,1,3377,48267263
GSE230808,GSM7235345,SP21.016,NP,diseased,ecm_collagen_remodeling,MMP3,1,2751,48267263
GSE230808,GSM7235345,SP21.016,NP,diseased,ecm_collagen_remodeling,MMP9,1,0,48267263
GSE230808,GSM7235345,SP21.016,NP,diseased,ecm_collagen_remodeling,MMP13,1,7,48267263
GSE230808,GSM7235345,SP21.016,NP,diseased,ecm_collagen_remodeling,POSTN,1,11081,48267263
GSE230808,GSM7235345,SP21.016,NP,diseased,ecm_collagen_remodeling,SPARC,1,46668,48267263
GSE230808,GSM7235345,SP21.016,NP,diseased,ecm_collagen_remodeling,TIMP1,1,97271,48267263
GSE230808,GSM7235345,SP21.016,NP,diseased,ecm_collagen_remodeling,TIMP2,1,24678,48267263
GSE230808,GSM7235345,SP21.016,NP,diseased,ecm_collagen_remodeling,TNC,1,1679,48267263
GSE230808,GSM7235345,SP21.016,NP,diseased,inflammatory_nfkb,CCL2,1,3060,48267263
GSE230808,GSM7235345,SP21.016,NP,diseased,inflammatory_nfkb,CCL5,1,35,48267263
GSE230808,GSM7235345,SP21.016,NP,diseased,inflammatory_nfkb,CXCL8,1,39,48267263
GSE230808,GSM7235345,SP21.016,NP,diseased,inflammatory_nfkb,FOS,1,2081,48267263
GSE230808,GSM7235345,SP21.016,NP,diseased,inflammatory_nfkb,IKBKB,1,361,48267263
GSE230808,GSM7235345,SP21.016,NP,diseased,inflammatory_nfkb,IKBKG,1,637,48267263
GSE230808,GSM7235345,SP21.016,NP,diseased,inflammatory_nfkb,IL1B,1,3,48267263
GSE230808,GSM7235345,SP21.016,NP,diseased,inflammatory_nfkb,IL6,1,29,48267263
GSE230808,GSM7235345,SP21.016,NP,diseased,inflammatory_nfkb,JUN,1,8516,48267263
GSE230808,GSM7235345,SP21.016,NP,diseased,inflammatory_nfkb,NFKB1,1,825,48267263
GSE230808,GSM7235345,SP21.016,NP,diseased,inflammatory_nfkb,NFKB2,1,197,48267263
GSE230808,GSM7235345,SP21.016,NP,diseased,inflammatory_nfkb,NFKBIA,1,2264,48267263
GSE230808,GSM7235345,SP21.016,NP,diseased,inflammatory_nfkb,NLRP3,1,1,48267263
GSE230808,GSM7235345,SP21.016,NP,diseased,inflammatory_nfkb,RELA,1,1266,48267263
GSE230808,GSM7235345,SP21.016,NP,diseased,inflammatory_nfkb,RELB,1,252,48267263
GSE230808,GSM7235345,SP21.016,NP,diseased,inflammatory_nfkb,STAT3,1,2335,48267263
GSE230808,GSM7235345,SP21.016,NP,diseased,inflammatory_nfkb,TICAM1,1,340,48267263
GSE230808,GSM7235345,SP21.016,NP,diseased,inflammatory_nfkb,TLR2,1,36,48267263
GSE230808,GSM7235345,SP21.016,NP,diseased,inflammatory_nfkb,TLR4,1,660,48267263
GSE230808,GSM7235345,SP21.016,NP,diseased,inflammatory_nfkb,TNF,1,0,48267263
GSE230808,GSM7235345,SP21.016,NP,diseased,inflammatory_nfkb,TNFRSF1A,1,5695,48267263
GSE230808,GSM7235345,SP21.016,NP,diseased,hypoxia_oxidative_stress,BNIP3,1,30758,48267263
GSE230808,GSM7235345,SP21.016,NP,diseased,hypoxia_oxidative_stress,CA9,1,1085,48267263
GSE230808,GSM7235345,SP21.016,NP,diseased,hypoxia_oxidative_stress,EGLN1,1,2061,48267263
GSE230808,GSM7235345,SP21.016,NP,diseased,hypoxia_oxidative_stress,EPAS1,1,4117,48267263
GSE230808,GSM7235345,SP21.016,NP,diseased,hypoxia_oxidative_stress,GCLM,1,3200,48267263
GSE230808,GSM7235345,SP21.016,NP,diseased,hypoxia_oxidative_stress,GPX1,0,0,48267263
GSE230808,GSM7235345,SP21.016,NP,diseased,hypoxia_oxidative_stress,HIF1A,1,11155,48267263
GSE230808,GSM7235345,SP21.016,NP,diseased,hypoxia_oxidative_stress,HMOX1,1,28836,48267263
GSE230808,GSM7235345,SP21.016,NP,diseased,hypoxia_oxidative_stress,LDHA,1,68614,48267263
GSE230808,GSM7235345,SP21.016,NP,diseased,hypoxia_oxidative_stress,NFE2L2,1,5957,48267263
GSE230808,GSM7235345,SP21.016,NP,diseased,hypoxia_oxidative_stress,NQO1,1,7822,48267263
GSE230808,GSM7235345,SP21.016,NP,diseased,hypoxia_oxidative_stress,PDK1,1,981,48267263
GSE230808,GSM7235345,SP21.016,NP,diseased,hypoxia_oxidative_stress,PRDX1,1,42405,48267263
GSE230808,GSM7235345,SP21.016,NP,diseased,hypoxia_oxidative_stress,SLC2A1,1,4360,48267263
GSE230808,GSM7235345,SP21.016,NP,diseased,hypoxia_oxidative_stress,SOD1,1,30142,48267263
GSE230808,GSM7235345,SP21.016,NP,diseased,hypoxia_oxidative_stress,SOD2,1,14383,48267263
GSE230808,GSM7235345,SP21.016,NP,diseased,hypoxia_oxidative_stress,TXN,1,62887,48267263
GSE230808,GSM7235345,SP21.016,NP,diseased,hypoxia_oxidative_stress,VEGFA,1,1951,48267263
GSE230808,GSM7235345,SP21.016,NP,diseased,disc_matrix_homeostasis,ACAN,1,10793,48267263
GSE230808,GSM7235345,SP21.016,NP,diseased,disc_matrix_homeostasis,B3GAT1,1,0,48267263
GSE230808,GSM7235345,SP21.016,NP,diseased,disc_matrix_homeostasis,BGN,1,4163,48267263
GSE230808,GSM7235345,SP21.016,NP,diseased,disc_matrix_homeostasis,CILP,1,149,48267263
GSE230808,GSM7235345,SP21.016,NP,diseased,disc_matrix_homeostasis,COL2A1,1,84,48267263
GSE230808,GSM7235345,SP21.016,NP,diseased,disc_matrix_homeostasis,COL9A1,1,0,48267263
GSE230808,GSM7235345,SP21.016,NP,diseased,disc_matrix_homeostasis,COL9A2,1,103,48267263
GSE230808,GSM7235345,SP21.016,NP,diseased,disc_matrix_homeostasis,COL9A3,1,75,48267263
GSE230808,GSM7235345,SP21.016,NP,diseased,disc_matrix_homeostasis,COMP,1,552,48267263
GSE230808,GSM7235345,SP21.016,NP,diseased,disc_matrix_homeostasis,FMOD,1,2720,48267263
GSE230808,GSM7235345,SP21.016,NP,diseased,disc_matrix_homeostasis,HAPLN1,1,3420,48267263
GSE230808,GSM7235345,SP21.016,NP,diseased,disc_matrix_homeostasis,HAS2,1,697,48267263
GSE230808,GSM7235345,SP21.016,NP,diseased,disc_matrix_homeostasis,KRT19,1,672,48267263
GSE230808,GSM7235345,SP21.016,NP,diseased,disc_matrix_homeostasis,MATN3,1,108,48267263
GSE230808,GSM7235345,SP21.016,NP,diseased,disc_matrix_homeostasis,SOX9,1,1773,48267263
GSE230808,GSM7235346,SP21.017,NP,diseased,ecm_collagen_remodeling,ADAMTS4,1,3,45483145
GSE230808,GSM7235346,SP21.017,NP,diseased,ecm_collagen_remodeling,ADAMTS5,1,2536,45483145
GSE230808,GSM7235346,SP21.017,NP,diseased,ecm_collagen_remodeling,COL1A1,1,23240,45483145
GSE230808,GSM7235346,SP21.017,NP,diseased,ecm_collagen_remodeling,COL1A2,1,63101,45483145
GSE230808,GSM7235346,SP21.017,NP,diseased,ecm_collagen_remodeling,COL3A1,1,24121,45483145
GSE230808,GSM7235346,SP21.017,NP,diseased,ecm_collagen_remodeling,COL5A1,1,3199,45483145
GSE230808,GSM7235346,SP21.017,NP,diseased,ecm_collagen_remodeling,COL5A2,1,10927,45483145
GSE230808,GSM7235346,SP21.017,NP,diseased,ecm_collagen_remodeling,COL6A1,1,37352,45483145
GSE230808,GSM7235346,SP21.017,NP,diseased,ecm_collagen_remodeling,COL6A2,1,31281,45483145
GSE230808,GSM7235346,SP21.017,NP,diseased,ecm_collagen_remodeling,COL6A3,1,18698,45483145
GSE230808,GSM7235346,SP21.017,NP,diseased,ecm_collagen_remodeling,DCN,1,184902,45483145
GSE230808,GSM7235346,SP21.017,NP,diseased,ecm_collagen_remodeling,FN1,1,120985,45483145
GSE230808,GSM7235346,SP21.017,NP,diseased,ecm_collagen_remodeling,LOX,1,24104,45483145
GSE230808,GSM7235346,SP21.017,NP,diseased,ecm_collagen_remodeling,LOXL2,1,5653,45483145
GSE230808,GSM7235346,SP21.017,NP,diseased,ecm_collagen_remodeling,LUM,1,156558,45483145
GSE230808,GSM7235346,SP21.017,NP,diseased,ecm_collagen_remodeling,MMP2,1,3525,45483145
GSE230808,GSM7235346,SP21.017,NP,diseased,ecm_collagen_remodeling,MMP3,1,2188,45483145
GSE230808,GSM7235346,SP21.017,NP,diseased,ecm_collagen_remodeling,MMP9,1,1,45483145
GSE230808,GSM7235346,SP21.017,NP,diseased,ecm_collagen_remodeling,MMP13,1,6,45483145
GSE230808,GSM7235346,SP21.017,NP,diseased,ecm_collagen_remodeling,POSTN,1,15383,45483145
GSE230808,GSM7235346,SP21.017,NP,diseased,ecm_collagen_remodeling,SPARC,1,39599,45483145
GSE230808,GSM7235346,SP21.017,NP,diseased,ecm_collagen_remodeling,TIMP1,1,99953,45483145
GSE230808,GSM7235346,SP21.017,NP,diseased,ecm_collagen_remodeling,TIMP2,1,22688,45483145
GSE230808,GSM7235346,SP21.017,NP,diseased,ecm_collagen_remodeling,TNC,1,1159,45483145
GSE230808,GSM7235346,SP21.017,NP,diseased,inflammatory_nfkb,CCL2,1,3088,45483145
GSE230808,GSM7235346,SP21.017,NP,diseased,inflammatory_nfkb,CCL5,1,11,45483145
GSE230808,GSM7235346,SP21.017,NP,diseased,inflammatory_nfkb,CXCL8,1,46,45483145
GSE230808,GSM7235346,SP21.017,NP,diseased,inflammatory_nfkb,FOS,1,923,45483145
GSE230808,GSM7235346,SP21.017,NP,diseased,inflammatory_nfkb,IKBKB,1,327,45483145
GSE230808,GSM7235346,SP21.017,NP,diseased,inflammatory_nfkb,IKBKG,1,558,45483145
GSE230808,GSM7235346,SP21.017,NP,diseased,inflammatory_nfkb,IL1B,1,4,45483145
GSE230808,GSM7235346,SP21.017,NP,diseased,inflammatory_nfkb,IL6,1,18,45483145
GSE230808,GSM7235346,SP21.017,NP,diseased,inflammatory_nfkb,JUN,1,7313,45483145
GSE230808,GSM7235346,SP21.017,NP,diseased,inflammatory_nfkb,NFKB1,1,717,45483145
GSE230808,GSM7235346,SP21.017,NP,diseased,inflammatory_nfkb,NFKB2,1,172,45483145
GSE230808,GSM7235346,SP21.017,NP,diseased,inflammatory_nfkb,NFKBIA,1,1936,45483145
GSE230808,GSM7235346,SP21.017,NP,diseased,inflammatory_nfkb,NLRP3,1,1,45483145
GSE230808,GSM7235346,SP21.017,NP,diseased,inflammatory_nfkb,RELA,1,1041,45483145
GSE230808,GSM7235346,SP21.017,NP,diseased,inflammatory_nfkb,RELB,1,222,45483145
GSE230808,GSM7235346,SP21.017,NP,diseased,inflammatory_nfkb,STAT3,1,2247,45483145
GSE230808,GSM7235346,SP21.017,NP,diseased,inflammatory_nfkb,TICAM1,1,290,45483145
GSE230808,GSM7235346,SP21.017,NP,diseased,inflammatory_nfkb,TLR2,1,19,45483145
GSE230808,GSM7235346,SP21.017,NP,diseased,inflammatory_nfkb,TLR4,1,563,45483145
GSE230808,GSM7235346,SP21.017,NP,diseased,inflammatory_nfkb,TNF,1,1,45483145
GSE230808,GSM7235346,SP21.017,NP,diseased,inflammatory_nfkb,TNFRSF1A,1,5088,45483145
GSE230808,GSM7235346,SP21.017,NP,diseased,hypoxia_oxidative_stress,BNIP3,1,28344,45483145
GSE230808,GSM7235346,SP21.017,NP,diseased,hypoxia_oxidative_stress,CA9,1,914,45483145
GSE230808,GSM7235346,SP21.017,NP,diseased,hypoxia_oxidative_stress,EGLN1,1,2067,45483145
GSE230808,GSM7235346,SP21.017,NP,diseased,hypoxia_oxidative_stress,EPAS1,1,4001,45483145
GSE230808,GSM7235346,SP21.017,NP,diseased,hypoxia_oxidative_stress,GCLM,1,2960,45483145
GSE230808,GSM7235346,SP21.017,NP,diseased,hypoxia_oxidative_stress,GPX1,0,0,45483145
GSE230808,GSM7235346,SP21.017,NP,diseased,hypoxia_oxidative_stress,HIF1A,1,13477,45483145
GSE230808,GSM7235346,SP21.017,NP,diseased,hypoxia_oxidative_stress,HMOX1,1,32157,45483145
GSE230808,GSM7235346,SP21.017,NP,diseased,hypoxia_oxidative_stress,LDHA,1,64877,45483145
GSE230808,GSM7235346,SP21.017,NP,diseased,hypoxia_oxidative_stress,NFE2L2,1,5779,45483145
GSE230808,GSM7235346,SP21.017,NP,diseased,hypoxia_oxidative_stress,NQO1,1,7182,45483145
GSE230808,GSM7235346,SP21.017,NP,diseased,hypoxia_oxidative_stress,PDK1,1,925,45483145
GSE230808,GSM7235346,SP21.017,NP,diseased,hypoxia_oxidative_stress,PRDX1,1,43230,45483145
GSE230808,GSM7235346,SP21.017,NP,diseased,hypoxia_oxidative_stress,SLC2A1,1,3416,45483145
GSE230808,GSM7235346,SP21.017,NP,diseased,hypoxia_oxidative_stress,SOD1,1,29520,45483145
GSE230808,GSM7235346,SP21.017,NP,diseased,hypoxia_oxidative_stress,SOD2,1,12173,45483145
GSE230808,GSM7235346,SP21.017,NP,diseased,hypoxia_oxidative_stress,TXN,1,51962,45483145
GSE230808,GSM7235346,SP21.017,NP,diseased,hypoxia_oxidative_stress,VEGFA,1,1566,45483145
GSE230808,GSM7235346,SP21.017,NP,diseased,disc_matrix_homeostasis,ACAN,1,8151,45483145
GSE230808,GSM7235346,SP21.017,NP,diseased,disc_matrix_homeostasis,B3GAT1,1,0,45483145
GSE230808,GSM7235346,SP21.017,NP,diseased,disc_matrix_homeostasis,BGN,1,4010,45483145
GSE230808,GSM7235346,SP21.017,NP,diseased,disc_matrix_homeostasis,CILP,1,169,45483145
GSE230808,GSM7235346,SP21.017,NP,diseased,disc_matrix_homeostasis,COL2A1,1,177,45483145
GSE230808,GSM7235346,SP21.017,NP,diseased,disc_matrix_homeostasis,COL9A1,1,3,45483145
GSE230808,GSM7235346,SP21.017,NP,diseased,disc_matrix_homeostasis,COL9A2,1,78,45483145
GSE230808,GSM7235346,SP21.017,NP,diseased,disc_matrix_homeostasis,COL9A3,1,34,45483145
GSE230808,GSM7235346,SP21.017,NP,diseased,disc_matrix_homeostasis,COMP,1,645,45483145
GSE230808,GSM7235346,SP21.017,NP,diseased,disc_matrix_homeostasis,FMOD,1,2674,45483145
GSE230808,GSM7235346,SP21.017,NP,diseased,disc_matrix_homeostasis,HAPLN1,1,3552,45483145
GSE230808,GSM7235346,SP21.017,NP,diseased,disc_matrix_homeostasis,HAS2,1,398,45483145
GSE230808,GSM7235346,SP21.017,NP,diseased,disc_matrix_homeostasis,KRT19,1,1151,45483145
GSE230808,GSM7235346,SP21.017,NP,diseased,disc_matrix_homeostasis,MATN3,1,89,45483145
GSE230808,GSM7235346,SP21.017,NP,diseased,disc_matrix_homeostasis,SOX9,1,1377,45483145
GSE230808,GSM7235347,SP22.002,NP,diseased,ecm_collagen_remodeling,ADAMTS4,1,2,42390781
GSE230808,GSM7235347,SP22.002,NP,diseased,ecm_collagen_remodeling,ADAMTS5,1,2612,42390781
GSE230808,GSM7235347,SP22.002,NP,diseased,ecm_collagen_remodeling,COL1A1,1,14277,42390781
GSE230808,GSM7235347,SP22.002,NP,diseased,ecm_collagen_remodeling,COL1A2,1,46577,42390781
GSE230808,GSM7235347,SP22.002,NP,diseased,ecm_collagen_remodeling,COL3A1,1,15899,42390781
GSE230808,GSM7235347,SP22.002,NP,diseased,ecm_collagen_remodeling,COL5A1,1,1294,42390781
GSE230808,GSM7235347,SP22.002,NP,diseased,ecm_collagen_remodeling,COL5A2,1,4345,42390781
GSE230808,GSM7235347,SP22.002,NP,diseased,ecm_collagen_remodeling,COL6A1,1,33079,42390781
GSE230808,GSM7235347,SP22.002,NP,diseased,ecm_collagen_remodeling,COL6A2,1,34829,42390781
GSE230808,GSM7235347,SP22.002,NP,diseased,ecm_collagen_remodeling,COL6A3,1,19091,42390781
GSE230808,GSM7235347,SP22.002,NP,diseased,ecm_collagen_remodeling,DCN,1,116219,42390781
GSE230808,GSM7235347,SP22.002,NP,diseased,ecm_collagen_remodeling,FN1,1,117400,42390781
GSE230808,GSM7235347,SP22.002,NP,diseased,ecm_collagen_remodeling,LOX,1,14900,42390781
GSE230808,GSM7235347,SP22.002,NP,diseased,ecm_collagen_remodeling,LOXL2,1,1614,42390781
GSE230808,GSM7235347,SP22.002,NP,diseased,ecm_collagen_remodeling,LUM,1,82987,42390781
GSE230808,GSM7235347,SP22.002,NP,diseased,ecm_collagen_remodeling,MMP2,1,25489,42390781
GSE230808,GSM7235347,SP22.002,NP,diseased,ecm_collagen_remodeling,MMP3,1,52,42390781
GSE230808,GSM7235347,SP22.002,NP,diseased,ecm_collagen_remodeling,MMP9,1,1,42390781
GSE230808,GSM7235347,SP22.002,NP,diseased,ecm_collagen_remodeling,MMP13,1,0,42390781
GSE230808,GSM7235347,SP22.002,NP,diseased,ecm_collagen_remodeling,POSTN,1,1992,42390781
GSE230808,GSM7235347,SP22.002,NP,diseased,ecm_collagen_remodeling,SPARC,1,18563,42390781
GSE230808,GSM7235347,SP22.002,NP,diseased,ecm_collagen_remodeling,TIMP1,1,137930,42390781
GSE230808,GSM7235347,SP22.002,NP,diseased,ecm_collagen_remodeling,TIMP2,1,27299,42390781
GSE230808,GSM7235347,SP22.002,NP,diseased,ecm_collagen_remodeling,TNC,1,514,42390781
GSE230808,GSM7235347,SP22.002,NP,diseased,inflammatory_nfkb,CCL2,1,7650,42390781
GSE230808,GSM7235347,SP22.002,NP,diseased,inflammatory_nfkb,CCL5,1,6,42390781
GSE230808,GSM7235347,SP22.002,NP,diseased,inflammatory_nfkb,CXCL8,1,26,42390781
GSE230808,GSM7235347,SP22.002,NP,diseased,inflammatory_nfkb,FOS,1,7688,42390781
GSE230808,GSM7235347,SP22.002,NP,diseased,inflammatory_nfkb,IKBKB,1,379,42390781
GSE230808,GSM7235347,SP22.002,NP,diseased,inflammatory_nfkb,IKBKG,1,420,42390781
GSE230808,GSM7235347,SP22.002,NP,diseased,inflammatory_nfkb,IL1B,1,3,42390781
GSE230808,GSM7235347,SP22.002,NP,diseased,inflammatory_nfkb,IL6,1,130,42390781
GSE230808,GSM7235347,SP22.002,NP,diseased,inflammatory_nfkb,JUN,1,9515,42390781
GSE230808,GSM7235347,SP22.002,NP,diseased,inflammatory_nfkb,NFKB1,1,700,42390781
GSE230808,GSM7235347,SP22.002,NP,diseased,inflammatory_nfkb,NFKB2,1,232,42390781
GSE230808,GSM7235347,SP22.002,NP,diseased,inflammatory_nfkb,NFKBIA,1,1436,42390781
GSE230808,GSM7235347,SP22.002,NP,diseased,inflammatory_nfkb,NLRP3,1,3,42390781
GSE230808,GSM7235347,SP22.002,NP,diseased,inflammatory_nfkb,RELA,1,1028,42390781
GSE230808,GSM7235347,SP22.002,NP,diseased,inflammatory_nfkb,RELB,1,305,42390781
GSE230808,GSM7235347,SP22.002,NP,diseased,inflammatory_nfkb,STAT3,1,2678,42390781
GSE230808,GSM7235347,SP22.002,NP,diseased,inflammatory_nfkb,TICAM1,1,215,42390781
GSE230808,GSM7235347,SP22.002,NP,diseased,inflammatory_nfkb,TLR2,1,32,42390781
GSE230808,GSM7235347,SP22.002,NP,diseased,inflammatory_nfkb,TLR4,1,398,42390781
GSE230808,GSM7235347,SP22.002,NP,diseased,inflammatory_nfkb,TNF,1,0,42390781
GSE230808,GSM7235347,SP22.002,NP,diseased,inflammatory_nfkb,TNFRSF1A,1,4796,42390781
GSE230808,GSM7235347,SP22.002,NP,diseased,hypoxia_oxidative_stress,BNIP3,1,19117,42390781
GSE230808,GSM7235347,SP22.002,NP,diseased,hypoxia_oxidative_stress,CA9,1,723,42390781
GSE230808,GSM7235347,SP22.002,NP,diseased,hypoxia_oxidative_stress,EGLN1,1,1365,42390781
GSE230808,GSM7235347,SP22.002,NP,diseased,hypoxia_oxidative_stress,EPAS1,1,4916,42390781
GSE230808,GSM7235347,SP22.002,NP,diseased,hypoxia_oxidative_stress,GCLM,1,2968,42390781
GSE230808,GSM7235347,SP22.002,NP,diseased,hypoxia_oxidative_stress,GPX1,0,0,42390781
GSE230808,GSM7235347,SP22.002,NP,diseased,hypoxia_oxidative_stress,HIF1A,1,9284,42390781
GSE230808,GSM7235347,SP22.002,NP,diseased,hypoxia_oxidative_stress,HMOX1,1,10118,42390781
GSE230808,GSM7235347,SP22.002,NP,diseased,hypoxia_oxidative_stress,LDHA,1,47708,42390781
GSE230808,GSM7235347,SP22.002,NP,diseased,hypoxia_oxidative_stress,NFE2L2,1,5820,42390781
GSE230808,GSM7235347,SP22.002,NP,diseased,hypoxia_oxidative_stress,NQO1,1,2782,42390781
GSE230808,GSM7235347,SP22.002,NP,diseased,hypoxia_oxidative_stress,PDK1,1,767,42390781
GSE230808,GSM7235347,SP22.002,NP,diseased,hypoxia_oxidative_stress,PRDX1,1,26067,42390781
GSE230808,GSM7235347,SP22.002,NP,diseased,hypoxia_oxidative_stress,SLC2A1,1,1944,42390781
GSE230808,GSM7235347,SP22.002,NP,diseased,hypoxia_oxidative_stress,SOD1,1,23066,42390781
GSE230808,GSM7235347,SP22.002,NP,diseased,hypoxia_oxidative_stress,SOD2,1,28492,42390781
GSE230808,GSM7235347,SP22.002,NP,diseased,hypoxia_oxidative_stress,TXN,1,35105,42390781
GSE230808,GSM7235347,SP22.002,NP,diseased,hypoxia_oxidative_stress,VEGFA,1,2448,42390781
GSE230808,GSM7235347,SP22.002,NP,diseased,disc_matrix_homeostasis,ACAN,1,1959,42390781
GSE230808,GSM7235347,SP22.002,NP,diseased,disc_matrix_homeostasis,B3GAT1,1,0,42390781
GSE230808,GSM7235347,SP22.002,NP,diseased,disc_matrix_homeostasis,BGN,1,2900,42390781
GSE230808,GSM7235347,SP22.002,NP,diseased,disc_matrix_homeostasis,CILP,1,268,42390781
GSE230808,GSM7235347,SP22.002,NP,diseased,disc_matrix_homeostasis,COL2A1,1,0,42390781
GSE230808,GSM7235347,SP22.002,NP,diseased,disc_matrix_homeostasis,COL9A1,1,0,42390781
GSE230808,GSM7235347,SP22.002,NP,diseased,disc_matrix_homeostasis,COL9A2,1,13,42390781
GSE230808,GSM7235347,SP22.002,NP,diseased,disc_matrix_homeostasis,COL9A3,1,1,42390781
GSE230808,GSM7235347,SP22.002,NP,diseased,disc_matrix_homeostasis,COMP,1,14,42390781
GSE230808,GSM7235347,SP22.002,NP,diseased,disc_matrix_homeostasis,FMOD,1,968,42390781
GSE230808,GSM7235347,SP22.002,NP,diseased,disc_matrix_homeostasis,HAPLN1,1,781,42390781
GSE230808,GSM7235347,SP22.002,NP,diseased,disc_matrix_homeostasis,HAS2,1,1344,42390781
GSE230808,GSM7235347,SP22.002,NP,diseased,disc_matrix_homeostasis,KRT19,1,261,42390781
GSE230808,GSM7235347,SP22.002,NP,diseased,disc_matrix_homeostasis,MATN3,1,40,42390781
GSE230808,GSM7235347,SP22.002,NP,diseased,disc_matrix_homeostasis,SOX9,1,708,42390781
GSE230808,GSM7235348,SP22.003,NP,diseased,ecm_collagen_remodeling,ADAMTS4,1,11,68843786
GSE230808,GSM7235348,SP22.003,NP,diseased,ecm_collagen_remodeling,ADAMTS5,1,4641,68843786
GSE230808,GSM7235348,SP22.003,NP,diseased,ecm_collagen_remodeling,COL1A1,1,20504,68843786
GSE230808,GSM7235348,SP22.003,NP,diseased,ecm_collagen_remodeling,COL1A2,1,62949,68843786
GSE230808,GSM7235348,SP22.003,NP,diseased,ecm_collagen_remodeling,COL3A1,1,23476,68843786
GSE230808,GSM7235348,SP22.003,NP,diseased,ecm_collagen_remodeling,COL5A1,1,1924,68843786
GSE230808,GSM7235348,SP22.003,NP,diseased,ecm_collagen_remodeling,COL5A2,1,6587,68843786
GSE230808,GSM7235348,SP22.003,NP,diseased,ecm_collagen_remodeling,COL6A1,1,46798,68843786
GSE230808,GSM7235348,SP22.003,NP,diseased,ecm_collagen_remodeling,COL6A2,1,44456,68843786
GSE230808,GSM7235348,SP22.003,NP,diseased,ecm_collagen_remodeling,COL6A3,1,22069,68843786
GSE230808,GSM7235348,SP22.003,NP,diseased,ecm_collagen_remodeling,DCN,1,184109,68843786
GSE230808,GSM7235348,SP22.003,NP,diseased,ecm_collagen_remodeling,FN1,1,158625,68843786
GSE230808,GSM7235348,SP22.003,NP,diseased,ecm_collagen_remodeling,LOX,1,26687,68843786
GSE230808,GSM7235348,SP22.003,NP,diseased,ecm_collagen_remodeling,LOXL2,1,2751,68843786
GSE230808,GSM7235348,SP22.003,NP,diseased,ecm_collagen_remodeling,LUM,1,118049,68843786
GSE230808,GSM7235348,SP22.003,NP,diseased,ecm_collagen_remodeling,MMP2,1,30116,68843786
GSE230808,GSM7235348,SP22.003,NP,diseased,ecm_collagen_remodeling,MMP3,1,121,68843786
GSE230808,GSM7235348,SP22.003,NP,diseased,ecm_collagen_remodeling,MMP9,1,1,68843786
GSE230808,GSM7235348,SP22.003,NP,diseased,ecm_collagen_remodeling,MMP13,1,52,68843786
GSE230808,GSM7235348,SP22.003,NP,diseased,ecm_collagen_remodeling,POSTN,1,4191,68843786
GSE230808,GSM7235348,SP22.003,NP,diseased,ecm_collagen_remodeling,SPARC,1,32382,68843786
GSE230808,GSM7235348,SP22.003,NP,diseased,ecm_collagen_remodeling,TIMP1,1,215411,68843786
GSE230808,GSM7235348,SP22.003,NP,diseased,ecm_collagen_remodeling,TIMP2,1,40232,68843786
GSE230808,GSM7235348,SP22.003,NP,diseased,ecm_collagen_remodeling,TNC,1,566,68843786
GSE230808,GSM7235348,SP22.003,NP,diseased,inflammatory_nfkb,CCL2,1,12039,68843786
GSE230808,GSM7235348,SP22.003,NP,diseased,inflammatory_nfkb,CCL5,1,7,68843786
GSE230808,GSM7235348,SP22.003,NP,diseased,inflammatory_nfkb,CXCL8,1,66,68843786
GSE230808,GSM7235348,SP22.003,NP,diseased,inflammatory_nfkb,FOS,1,10926,68843786
GSE230808,GSM7235348,SP22.003,NP,diseased,inflammatory_nfkb,IKBKB,1,531,68843786
GSE230808,GSM7235348,SP22.003,NP,diseased,inflammatory_nfkb,IKBKG,1,723,68843786
GSE230808,GSM7235348,SP22.003,NP,diseased,inflammatory_nfkb,IL1B,1,4,68843786
GSE230808,GSM7235348,SP22.003,NP,diseased,inflammatory_nfkb,IL6,1,184,68843786
GSE230808,GSM7235348,SP22.003,NP,diseased,inflammatory_nfkb,JUN,1,15800,68843786
GSE230808,GSM7235348,SP22.003,NP,diseased,inflammatory_nfkb,NFKB1,1,1089,68843786
GSE230808,GSM7235348,SP22.003,NP,diseased,inflammatory_nfkb,NFKB2,1,405,68843786
GSE230808,GSM7235348,SP22.003,NP,diseased,inflammatory_nfkb,NFKBIA,1,2075,68843786
GSE230808,GSM7235348,SP22.003,NP,diseased,inflammatory_nfkb,NLRP3,1,3,68843786
GSE230808,GSM7235348,SP22.003,NP,diseased,inflammatory_nfkb,RELA,1,1803,68843786
GSE230808,GSM7235348,SP22.003,NP,diseased,inflammatory_nfkb,RELB,1,460,68843786
GSE230808,GSM7235348,SP22.003,NP,diseased,inflammatory_nfkb,STAT3,1,4983,68843786
GSE230808,GSM7235348,SP22.003,NP,diseased,inflammatory_nfkb,TICAM1,1,333,68843786
GSE230808,GSM7235348,SP22.003,NP,diseased,inflammatory_nfkb,TLR2,1,35,68843786
GSE230808,GSM7235348,SP22.003,NP,diseased,inflammatory_nfkb,TLR4,1,469,68843786
GSE230808,GSM7235348,SP22.003,NP,diseased,inflammatory_nfkb,TNF,1,1,68843786
GSE230808,GSM7235348,SP22.003,NP,diseased,inflammatory_nfkb,TNFRSF1A,1,7126,68843786
GSE230808,GSM7235348,SP22.003,NP,diseased,hypoxia_oxidative_stress,BNIP3,1,30965,68843786
GSE230808,GSM7235348,SP22.003,NP,diseased,hypoxia_oxidative_stress,CA9,1,1220,68843786
GSE230808,GSM7235348,SP22.003,NP,diseased,hypoxia_oxidative_stress,EGLN1,1,2482,68843786
GSE230808,GSM7235348,SP22.003,NP,diseased,hypoxia_oxidative_stress,EPAS1,1,7942,68843786
GSE230808,GSM7235348,SP22.003,NP,diseased,hypoxia_oxidative_stress,GCLM,1,4625,68843786
GSE230808,GSM7235348,SP22.003,NP,diseased,hypoxia_oxidative_stress,GPX1,0,0,68843786
GSE230808,GSM7235348,SP22.003,NP,diseased,hypoxia_oxidative_stress,HIF1A,1,14569,68843786
GSE230808,GSM7235348,SP22.003,NP,diseased,hypoxia_oxidative_stress,HMOX1,1,15797,68843786
GSE230808,GSM7235348,SP22.003,NP,diseased,hypoxia_oxidative_stress,LDHA,1,82433,68843786
GSE230808,GSM7235348,SP22.003,NP,diseased,hypoxia_oxidative_stress,NFE2L2,1,7233,68843786
GSE230808,GSM7235348,SP22.003,NP,diseased,hypoxia_oxidative_stress,NQO1,1,5597,68843786
GSE230808,GSM7235348,SP22.003,NP,diseased,hypoxia_oxidative_stress,PDK1,1,1146,68843786
GSE230808,GSM7235348,SP22.003,NP,diseased,hypoxia_oxidative_stress,PRDX1,1,42445,68843786
GSE230808,GSM7235348,SP22.003,NP,diseased,hypoxia_oxidative_stress,SLC2A1,1,3284,68843786
GSE230808,GSM7235348,SP22.003,NP,diseased,hypoxia_oxidative_stress,SOD1,1,36843,68843786
GSE230808,GSM7235348,SP22.003,NP,diseased,hypoxia_oxidative_stress,SOD2,1,43406,68843786
GSE230808,GSM7235348,SP22.003,NP,diseased,hypoxia_oxidative_stress,TXN,1,49204,68843786
GSE230808,GSM7235348,SP22.003,NP,diseased,hypoxia_oxidative_stress,VEGFA,1,4087,68843786
GSE230808,GSM7235348,SP22.003,NP,diseased,disc_matrix_homeostasis,ACAN,1,2341,68843786
GSE230808,GSM7235348,SP22.003,NP,diseased,disc_matrix_homeostasis,B3GAT1,1,0,68843786
GSE230808,GSM7235348,SP22.003,NP,diseased,disc_matrix_homeostasis,BGN,1,3732,68843786
GSE230808,GSM7235348,SP22.003,NP,diseased,disc_matrix_homeostasis,CILP,1,388,68843786
GSE230808,GSM7235348,SP22.003,NP,diseased,disc_matrix_homeostasis,COL2A1,1,0,68843786
GSE230808,GSM7235348,SP22.003,NP,diseased,disc_matrix_homeostasis,COL9A1,1,0,68843786
GSE230808,GSM7235348,SP22.003,NP,diseased,disc_matrix_homeostasis,COL9A2,1,30,68843786
GSE230808,GSM7235348,SP22.003,NP,diseased,disc_matrix_homeostasis,COL9A3,1,0,68843786
GSE230808,GSM7235348,SP22.003,NP,diseased,disc_matrix_homeostasis,COMP,1,31,68843786
GSE230808,GSM7235348,SP22.003,NP,diseased,disc_matrix_homeostasis,FMOD,1,1528,68843786
GSE230808,GSM7235348,SP22.003,NP,diseased,disc_matrix_homeostasis,HAPLN1,1,1120,68843786
GSE230808,GSM7235348,SP22.003,NP,diseased,disc_matrix_homeostasis,HAS2,1,1783,68843786
GSE230808,GSM7235348,SP22.003,NP,diseased,disc_matrix_homeostasis,KRT19,1,303,68843786
GSE230808,GSM7235348,SP22.003,NP,diseased,disc_matrix_homeostasis,MATN3,1,76,68843786
GSE230808,GSM7235348,SP22.003,NP,diseased,disc_matrix_homeostasis,SOX9,1,1097,68843786
