dataset,gsm,donor_id,compartment,disease_state,module_id,gene_symbol,feature_rows_mapped,pseudobulk_count,total_umi_included_cells
GSE230808,GSM7235331,SP20.002,AF,diseased,ecm_collagen_remodeling,ADAMTS4,1,18,3166379
GSE230808,GSM7235331,SP20.002,AF,diseased,ecm_collagen_remodeling,ADAMTS5,1,13,3166379
GSE230808,GSM7235331,SP20.002,AF,diseased,ecm_collagen_remodeling,COL1A1,1,17,3166379
GSE230808,GSM7235331,SP20.002,AF,diseased,ecm_collagen_remodeling,COL1A2,1,65,3166379
GSE230808,GSM7235331,SP20.002,AF,diseased,ecm_collagen_remodeling,COL3A1,1,11,3166379
GSE230808,GSM7235331,SP20.002,AF,diseased,ecm_collagen_remodeling,COL5A1,1,21,3166379
GSE230808,GSM7235331,SP20.002,AF,diseased,ecm_collagen_remodeling,COL5A2,1,44,3166379
GSE230808,GSM7235331,SP20.002,AF,diseased,ecm_collagen_remodeling,COL6A1,1,244,3166379
GSE230808,GSM7235331,SP20.002,AF,diseased,ecm_collagen_remodeling,COL6A2,1,219,3166379
GSE230808,GSM7235331,SP20.002,AF,diseased,ecm_collagen_remodeling,COL6A3,1,138,3166379
GSE230808,GSM7235331,SP20.002,AF,diseased,ecm_collagen_remodeling,DCN,1,20754,3166379
GSE230808,GSM7235331,SP20.002,AF,diseased,ecm_collagen_remodeling,FN1,1,8582,3166379
GSE230808,GSM7235331,SP20.002,AF,diseased,ecm_collagen_remodeling,LOX,1,196,3166379
GSE230808,GSM7235331,SP20.002,AF,diseased,ecm_collagen_remodeling,LOXL2,1,23,3166379
GSE230808,GSM7235331,SP20.002,AF,diseased,ecm_collagen_remodeling,LUM,1,6341,3166379
GSE230808,GSM7235331,SP20.002,AF,diseased,ecm_collagen_remodeling,MMP2,1,14,3166379
GSE230808,GSM7235331,SP20.002,AF,diseased,ecm_collagen_remodeling,MMP3,1,846,3166379
GSE230808,GSM7235331,SP20.002,AF,diseased,ecm_collagen_remodeling,MMP9,1,0,3166379
GSE230808,GSM7235331,SP20.002,AF,diseased,ecm_collagen_remodeling,MMP13,1,0,3166379
GSE230808,GSM7235331,SP20.002,AF,diseased,ecm_collagen_remodeling,POSTN,1,0,3166379
GSE230808,GSM7235331,SP20.002,AF,diseased,ecm_collagen_remodeling,SPARC,1,680,3166379
GSE230808,GSM7235331,SP20.002,AF,diseased,ecm_collagen_remodeling,TIMP1,1,1066,3166379
GSE230808,GSM7235331,SP20.002,AF,diseased,ecm_collagen_remodeling,TIMP2,1,1476,3166379
GSE230808,GSM7235331,SP20.002,AF,diseased,ecm_collagen_remodeling,TNC,1,7,3166379
GSE230808,GSM7235331,SP20.002,AF,diseased,inflammatory_nfkb,CCL2,1,237,3166379
GSE230808,GSM7235331,SP20.002,AF,diseased,inflammatory_nfkb,CCL5,1,1,3166379
GSE230808,GSM7235331,SP20.002,AF,diseased,inflammatory_nfkb,CXCL8,1,0,3166379
GSE230808,GSM7235331,SP20.002,AF,diseased,inflammatory_nfkb,FOS,1,11077,3166379
GSE230808,GSM7235331,SP20.002,AF,diseased,inflammatory_nfkb,IKBKB,1,18,3166379
GSE230808,GSM7235331,SP20.002,AF,diseased,inflammatory_nfkb,IKBKG,1,13,3166379
GSE230808,GSM7235331,SP20.002,AF,diseased,inflammatory_nfkb,IL1B,1,0,3166379
GSE230808,GSM7235331,SP20.002,AF,diseased,inflammatory_nfkb,IL6,1,13,3166379
GSE230808,GSM7235331,SP20.002,AF,diseased,inflammatory_nfkb,JUN,1,3188,3166379
GSE230808,GSM7235331,SP20.002,AF,diseased,inflammatory_nfkb,NFKB1,1,39,3166379
GSE230808,GSM7235331,SP20.002,AF,diseased,inflammatory_nfkb,NFKB2,1,23,3166379
GSE230808,GSM7235331,SP20.002,AF,diseased,inflammatory_nfkb,NFKBIA,1,1093,3166379
GSE230808,GSM7235331,SP20.002,AF,diseased,inflammatory_nfkb,NLRP3,1,0,3166379
GSE230808,GSM7235331,SP20.002,AF,diseased,inflammatory_nfkb,RELA,1,186,3166379
GSE230808,GSM7235331,SP20.002,AF,diseased,inflammatory_nfkb,RELB,1,32,3166379
GSE230808,GSM7235331,SP20.002,AF,diseased,inflammatory_nfkb,STAT3,1,308,3166379
GSE230808,GSM7235331,SP20.002,AF,diseased,inflammatory_nfkb,TICAM1,1,14,3166379
GSE230808,GSM7235331,SP20.002,AF,diseased,inflammatory_nfkb,TLR2,1,6,3166379
GSE230808,GSM7235331,SP20.002,AF,diseased,inflammatory_nfkb,TLR4,1,67,3166379
GSE230808,GSM7235331,SP20.002,AF,diseased,inflammatory_nfkb,TNF,1,0,3166379
GSE230808,GSM7235331,SP20.002,AF,diseased,inflammatory_nfkb,TNFRSF1A,1,182,3166379
GSE230808,GSM7235331,SP20.002,AF,diseased,hypoxia_oxidative_stress,BNIP3,1,3107,3166379
GSE230808,GSM7235331,SP20.002,AF,diseased,hypoxia_oxidative_stress,CA9,1,19,3166379
GSE230808,GSM7235331,SP20.002,AF,diseased,hypoxia_oxidative_stress,EGLN1,1,162,3166379
GSE230808,GSM7235331,SP20.002,AF,diseased,hypoxia_oxidative_stress,EPAS1,1,83,3166379
GSE230808,GSM7235331,SP20.002,AF,diseased,hypoxia_oxidative_stress,GCLM,1,31,3166379
GSE230808,GSM7235331,SP20.002,AF,diseased,hypoxia_oxidative_stress,GPX1,0,0,3166379
GSE230808,GSM7235331,SP20.002,AF,diseased,hypoxia_oxidative_stress,HIF1A,1,633,3166379
GSE230808,GSM7235331,SP20.002,AF,diseased,hypoxia_oxidative_stress,HMOX1,1,312,3166379
GSE230808,GSM7235331,SP20.002,AF,diseased,hypoxia_oxidative_stress,LDHA,1,5680,3166379
GSE230808,GSM7235331,SP20.002,AF,diseased,hypoxia_oxidative_stress,NFE2L2,1,456,3166379
GSE230808,GSM7235331,SP20.002,AF,diseased,hypoxia_oxidative_stress,NQO1,1,6,3166379
GSE230808,GSM7235331,SP20.002,AF,diseased,hypoxia_oxidative_stress,PDK1,1,321,3166379
GSE230808,GSM7235331,SP20.002,AF,diseased,hypoxia_oxidative_stress,PRDX1,1,863,3166379
GSE230808,GSM7235331,SP20.002,AF,diseased,hypoxia_oxidative_stress,SLC2A1,1,539,3166379
GSE230808,GSM7235331,SP20.002,AF,diseased,hypoxia_oxidative_stress,SOD1,1,2305,3166379
GSE230808,GSM7235331,SP20.002,AF,diseased,hypoxia_oxidative_stress,SOD2,1,4298,3166379
GSE230808,GSM7235331,SP20.002,AF,diseased,hypoxia_oxidative_stress,TXN,1,669,3166379
GSE230808,GSM7235331,SP20.002,AF,diseased,hypoxia_oxidative_stress,VEGFA,1,1840,3166379
GSE230808,GSM7235331,SP20.002,AF,diseased,disc_matrix_homeostasis,ACAN,1,9706,3166379
GSE230808,GSM7235331,SP20.002,AF,diseased,disc_matrix_homeostasis,B3GAT1,1,0,3166379
GSE230808,GSM7235331,SP20.002,AF,diseased,disc_matrix_homeostasis,BGN,1,2298,3166379
GSE230808,GSM7235331,SP20.002,AF,diseased,disc_matrix_homeostasis,CILP,1,818,3166379
GSE230808,GSM7235331,SP20.002,AF,diseased,disc_matrix_homeostasis,COL2A1,1,434,3166379
GSE230808,GSM7235331,SP20.002,AF,diseased,disc_matrix_homeostasis,COL9A1,1,2,3166379
GSE230808,GSM7235331,SP20.002,AF,diseased,disc_matrix_homeostasis,COL9A2,1,402,3166379
GSE230808,GSM7235331,SP20.002,AF,diseased,disc_matrix_homeostasis,COL9A3,1,1134,3166379
GSE230808,GSM7235331,SP20.002,AF,diseased,disc_matrix_homeostasis,COMP,1,8585,3166379
GSE230808,GSM7235331,SP20.002,AF,diseased,disc_matrix_homeostasis,FMOD,1,2235,3166379
GSE230808,GSM7235331,SP20.002,AF,diseased,disc_matrix_homeostasis,HAPLN1,1,208,3166379
GSE230808,GSM7235331,SP20.002,AF,diseased,disc_matrix_homeostasis,HAS2,1,50,3166379
GSE230808,GSM7235331,SP20.002,AF,diseased,disc_matrix_homeostasis,KRT19,1,0,3166379
GSE230808,GSM7235331,SP20.002,AF,diseased,disc_matrix_homeostasis,MATN3,1,0,3166379
GSE230808,GSM7235331,SP20.002,AF,diseased,disc_matrix_homeostasis,SOX9,1,1548,3166379
GSE230808,GSM7235332,SP20.006,AF,diseased,ecm_collagen_remodeling,ADAMTS4,2,10,18461300
GSE230808,GSM7235332,SP20.006,AF,diseased,ecm_collagen_remodeling,ADAMTS5,2,44,18461300
GSE230808,GSM7235332,SP20.006,AF,diseased,ecm_collagen_remodeling,COL1A1,2,149,18461300
GSE230808,GSM7235332,SP20.006,AF,diseased,ecm_collagen_remodeling,COL1A2,2,2203,18461300
GSE230808,GSM7235332,SP20.006,AF,diseased,ecm_collagen_remodeling,COL3A1,2,351,18461300
GSE230808,GSM7235332,SP20.006,AF,diseased,ecm_collagen_remodeling,COL5A1,2,375,18461300
GSE230808,GSM7235332,SP20.006,AF,diseased,ecm_collagen_remodeling,COL5A2,2,1205,18461300
GSE230808,GSM7235332,SP20.006,AF,diseased,ecm_collagen_remodeling,COL6A1,2,4448,18461300
GSE230808,GSM7235332,SP20.006,AF,diseased,ecm_collagen_remodeling,COL6A2,2,4217,18461300
GSE230808,GSM7235332,SP20.006,AF,diseased,ecm_collagen_remodeling,COL6A3,2,696,18461300
GSE230808,GSM7235332,SP20.006,AF,diseased,ecm_collagen_remodeling,DCN,2,113527,18461300
GSE230808,GSM7235332,SP20.006,AF,diseased,ecm_collagen_remodeling,FN1,2,68445,18461300
GSE230808,GSM7235332,SP20.006,AF,diseased,ecm_collagen_remodeling,LOX,2,581,18461300
GSE230808,GSM7235332,SP20.006,AF,diseased,ecm_collagen_remodeling,LOXL2,2,198,18461300
GSE230808,GSM7235332,SP20.006,AF,diseased,ecm_collagen_remodeling,LUM,2,42746,18461300
GSE230808,GSM7235332,SP20.006,AF,diseased,ecm_collagen_remodeling,MMP2,2,1,18461300
GSE230808,GSM7235332,SP20.006,AF,diseased,ecm_collagen_remodeling,MMP3,2,1302,18461300
GSE230808,GSM7235332,SP20.006,AF,diseased,ecm_collagen_remodeling,MMP9,2,0,18461300
GSE230808,GSM7235332,SP20.006,AF,diseased,ecm_collagen_remodeling,MMP13,2,0,18461300
GSE230808,GSM7235332,SP20.006,AF,diseased,ecm_collagen_remodeling,POSTN,2,0,18461300
GSE230808,GSM7235332,SP20.006,AF,diseased,ecm_collagen_remodeling,SPARC,2,31724,18461300
GSE230808,GSM7235332,SP20.006,AF,diseased,ecm_collagen_remodeling,TIMP1,2,9942,18461300
GSE230808,GSM7235332,SP20.006,AF,diseased,ecm_collagen_remodeling,TIMP2,2,7021,18461300
GSE230808,GSM7235332,SP20.006,AF,diseased,ecm_collagen_remodeling,TNC,2,1,18461300
GSE230808,GSM7235332,SP20.006,AF,diseased,inflammatory_nfkb,CCL2,2,24,18461300
GSE230808,GSM7235332,SP20.006,AF,diseased,inflammatory_nfkb,CCL5,2,4,18461300
GSE230808,GSM7235332,SP20.006,AF,diseased,inflammatory_nfkb,CXCL8,2,0,18461300
GSE230808,GSM7235332,SP20.006,AF,diseased,inflammatory_nfkb,FOS,2,119246,18461300
GSE230808,GSM7235332,SP20.006,AF,diseased,inflammatory_nfkb,IKBKB,2,89,18461300
GSE230808,GSM7235332,SP20.006,AF,diseased,inflammatory_nfkb,IKBKG,2,84,18461300
GSE230808,GSM7235332,SP20.006,AF,diseased,inflammatory_nfkb,IL1B,2,0,18461300
GSE230808,GSM7235332,SP20.006,AF,diseased,inflammatory_nfkb,IL6,2,1,18461300
GSE230808,GSM7235332,SP20.006,AF,diseased,inflammatory_nfkb,JUN,2,40419,18461300
GSE230808,GSM7235332,SP20.006,AF,diseased,inflammatory_nfkb,NFKB1,2,285,18461300
GSE230808,GSM7235332,SP20.006,AF,diseased,inflammatory_nfkb,NFKB2,2,173,18461300
GSE230808,GSM7235332,SP20.006,AF,diseased,inflammatory_nfkb,NFKBIA,2,5389,18461300
GSE230808,GSM7235332,SP20.006,AF,diseased,inflammatory_nfkb,NLRP3,2,0,18461300
GSE230808,GSM7235332,SP20.006,AF,diseased,inflammatory_nfkb,RELA,2,687,18461300
GSE230808,GSM7235332,SP20.006,AF,diseased,inflammatory_nfkb,RELB,2,59,18461300
GSE230808,GSM7235332,SP20.006,AF,diseased,inflammatory_nfkb,STAT3,2,2360,18461300
GSE230808,GSM7235332,SP20.006,AF,diseased,inflammatory_nfkb,TICAM1,2,66,18461300
GSE230808,GSM7235332,SP20.006,AF,diseased,inflammatory_nfkb,TLR2,2,27,18461300
GSE230808,GSM7235332,SP20.006,AF,diseased,inflammatory_nfkb,TLR4,2,171,18461300
GSE230808,GSM7235332,SP20.006,AF,diseased,inflammatory_nfkb,TNF,2,1,18461300
GSE230808,GSM7235332,SP20.006,AF,diseased,inflammatory_nfkb,TNFRSF1A,2,952,18461300
GSE230808,GSM7235332,SP20.006,AF,diseased,hypoxia_oxidative_stress,BNIP3,2,28338,18461300
GSE230808,GSM7235332,SP20.006,AF,diseased,hypoxia_oxidative_stress,CA9,2,384,18461300
GSE230808,GSM7235332,SP20.006,AF,diseased,hypoxia_oxidative_stress,EGLN1,2,1322,18461300
GSE230808,GSM7235332,SP20.006,AF,diseased,hypoxia_oxidative_stress,EPAS1,2,521,18461300
GSE230808,GSM7235332,SP20.006,AF,diseased,hypoxia_oxidative_stress,GCLM,2,438,18461300
GSE230808,GSM7235332,SP20.006,AF,diseased,hypoxia_oxidative_stress,GPX1,0,0,18461300
GSE230808,GSM7235332,SP20.006,AF,diseased,hypoxia_oxidative_stress,HIF1A,2,6337,18461300
GSE230808,GSM7235332,SP20.006,AF,diseased,hypoxia_oxidative_stress,HMOX1,2,1530,18461300
GSE230808,GSM7235332,SP20.006,AF,diseased,hypoxia_oxidative_stress,LDHA,2,25266,18461300
GSE230808,GSM7235332,SP20.006,AF,diseased,hypoxia_oxidative_stress,NFE2L2,2,1318,18461300
GSE230808,GSM7235332,SP20.006,AF,diseased,hypoxia_oxidative_stress,NQO1,2,61,18461300
GSE230808,GSM7235332,SP20.006,AF,diseased,hypoxia_oxidative_stress,PDK1,2,1544,18461300
GSE230808,GSM7235332,SP20.006,AF,diseased,hypoxia_oxidative_stress,PRDX1,2,5329,18461300
GSE230808,GSM7235332,SP20.006,AF,diseased,hypoxia_oxidative_stress,SLC2A1,2,2956,18461300
GSE230808,GSM7235332,SP20.006,AF,diseased,hypoxia_oxidative_stress,SOD1,2,9861,18461300
GSE230808,GSM7235332,SP20.006,AF,diseased,hypoxia_oxidative_stress,SOD2,2,10922,18461300
GSE230808,GSM7235332,SP20.006,AF,diseased,hypoxia_oxidative_stress,TXN,2,2269,18461300
GSE230808,GSM7235332,SP20.006,AF,diseased,hypoxia_oxidative_stress,VEGFA,2,14571,18461300
GSE230808,GSM7235332,SP20.006,AF,diseased,disc_matrix_homeostasis,ACAN,2,87581,18461300
GSE230808,GSM7235332,SP20.006,AF,diseased,disc_matrix_homeostasis,B3GAT1,2,0,18461300
GSE230808,GSM7235332,SP20.006,AF,diseased,disc_matrix_homeostasis,BGN,2,16841,18461300
GSE230808,GSM7235332,SP20.006,AF,diseased,disc_matrix_homeostasis,CILP,2,22885,18461300
GSE230808,GSM7235332,SP20.006,AF,diseased,disc_matrix_homeostasis,COL2A1,2,27397,18461300
GSE230808,GSM7235332,SP20.006,AF,diseased,disc_matrix_homeostasis,COL9A1,2,90,18461300
GSE230808,GSM7235332,SP20.006,AF,diseased,disc_matrix_homeostasis,COL9A2,2,8569,18461300
GSE230808,GSM7235332,SP20.006,AF,diseased,disc_matrix_homeostasis,COL9A3,2,21848,18461300
GSE230808,GSM7235332,SP20.006,AF,diseased,disc_matrix_homeostasis,COMP,2,88662,18461300
GSE230808,GSM7235332,SP20.006,AF,diseased,disc_matrix_homeostasis,FMOD,2,30209,18461300
GSE230808,GSM7235332,SP20.006,AF,diseased,disc_matrix_homeostasis,HAPLN1,2,8373,18461300
GSE230808,GSM7235332,SP20.006,AF,diseased,disc_matrix_homeostasis,HAS2,2,325,18461300
GSE230808,GSM7235332,SP20.006,AF,diseased,disc_matrix_homeostasis,KRT19,2,3,18461300
GSE230808,GSM7235332,SP20.006,AF,diseased,disc_matrix_homeostasis,MATN3,2,24,18461300
GSE230808,GSM7235332,SP20.006,AF,diseased,disc_matrix_homeostasis,SOX9,2,9199,18461300
GSE230808,GSM7235333,SP21.007,AF,diseased,ecm_collagen_remodeling,ADAMTS4,3,14,72099228
GSE230808,GSM7235333,SP21.007,AF,diseased,ecm_collagen_remodeling,ADAMTS5,3,4133,72099228
GSE230808,GSM7235333,SP21.007,AF,diseased,ecm_collagen_remodeling,COL1A1,3,34191,72099228
GSE230808,GSM7235333,SP21.007,AF,diseased,ecm_collagen_remodeling,COL1A2,3,84202,72099228
GSE230808,GSM7235333,SP21.007,AF,diseased,ecm_collagen_remodeling,COL3A1,3,61693,72099228
GSE230808,GSM7235333,SP21.007,AF,diseased,ecm_collagen_remodeling,COL5A1,3,4060,72099228
GSE230808,GSM7235333,SP21.007,AF,diseased,ecm_collagen_remodeling,COL5A2,3,15780,72099228
GSE230808,GSM7235333,SP21.007,AF,diseased,ecm_collagen_remodeling,COL6A1,3,44258,72099228
GSE230808,GSM7235333,SP21.007,AF,diseased,ecm_collagen_remodeling,COL6A2,3,26548,72099228
GSE230808,GSM7235333,SP21.007,AF,diseased,ecm_collagen_remodeling,COL6A3,3,30162,72099228
GSE230808,GSM7235333,SP21.007,AF,diseased,ecm_collagen_remodeling,DCN,3,176280,72099228
GSE230808,GSM7235333,SP21.007,AF,diseased,ecm_collagen_remodeling,FN1,3,202194,72099228
GSE230808,GSM7235333,SP21.007,AF,diseased,ecm_collagen_remodeling,LOX,3,29809,72099228
GSE230808,GSM7235333,SP21.007,AF,diseased,ecm_collagen_remodeling,LOXL2,3,2378,72099228
GSE230808,GSM7235333,SP21.007,AF,diseased,ecm_collagen_remodeling,LUM,3,125948,72099228
GSE230808,GSM7235333,SP21.007,AF,diseased,ecm_collagen_remodeling,MMP2,3,6253,72099228
GSE230808,GSM7235333,SP21.007,AF,diseased,ecm_collagen_remodeling,MMP3,3,3885,72099228
GSE230808,GSM7235333,SP21.007,AF,diseased,ecm_collagen_remodeling,MMP9,3,0,72099228
GSE230808,GSM7235333,SP21.007,AF,diseased,ecm_collagen_remodeling,MMP13,3,115,72099228
GSE230808,GSM7235333,SP21.007,AF,diseased,ecm_collagen_remodeling,POSTN,3,17571,72099228
GSE230808,GSM7235333,SP21.007,AF,diseased,ecm_collagen_remodeling,SPARC,3,62423,72099228
GSE230808,GSM7235333,SP21.007,AF,diseased,ecm_collagen_remodeling,TIMP1,3,107776,72099228
GSE230808,GSM7235333,SP21.007,AF,diseased,ecm_collagen_remodeling,TIMP2,3,35491,72099228
GSE230808,GSM7235333,SP21.007,AF,diseased,ecm_collagen_remodeling,TNC,3,4981,72099228
GSE230808,GSM7235333,SP21.007,AF,diseased,inflammatory_nfkb,CCL2,3,3562,72099228
GSE230808,GSM7235333,SP21.007,AF,diseased,inflammatory_nfkb,CCL5,3,51,72099228
GSE230808,GSM7235333,SP21.007,AF,diseased,inflammatory_nfkb,CXCL8,3,20,72099228
GSE230808,GSM7235333,SP21.007,AF,diseased,inflammatory_nfkb,FOS,3,32562,72099228
GSE230808,GSM7235333,SP21.007,AF,diseased,inflammatory_nfkb,IKBKB,3,389,72099228
GSE230808,GSM7235333,SP21.007,AF,diseased,inflammatory_nfkb,IKBKG,3,685,72099228
GSE230808,GSM7235333,SP21.007,AF,diseased,inflammatory_nfkb,IL1B,3,4,72099228
GSE230808,GSM7235333,SP21.007,AF,diseased,inflammatory_nfkb,IL6,3,248,72099228
GSE230808,GSM7235333,SP21.007,AF,diseased,inflammatory_nfkb,JUN,3,10549,72099228
GSE230808,GSM7235333,SP21.007,AF,diseased,inflammatory_nfkb,NFKB1,3,1266,72099228
GSE230808,GSM7235333,SP21.007,AF,diseased,inflammatory_nfkb,NFKB2,3,244,72099228
GSE230808,GSM7235333,SP21.007,AF,diseased,inflammatory_nfkb,NFKBIA,3,2350,72099228
GSE230808,GSM7235333,SP21.007,AF,diseased,inflammatory_nfkb,NLRP3,3,2,72099228
GSE230808,GSM7235333,SP21.007,AF,diseased,inflammatory_nfkb,RELA,3,1396,72099228
GSE230808,GSM7235333,SP21.007,AF,diseased,inflammatory_nfkb,RELB,3,483,72099228
GSE230808,GSM7235333,SP21.007,AF,diseased,inflammatory_nfkb,STAT3,3,5741,72099228
GSE230808,GSM7235333,SP21.007,AF,diseased,inflammatory_nfkb,TICAM1,3,268,72099228
GSE230808,GSM7235333,SP21.007,AF,diseased,inflammatory_nfkb,TLR2,3,38,72099228
GSE230808,GSM7235333,SP21.007,AF,diseased,inflammatory_nfkb,TLR4,3,811,72099228
GSE230808,GSM7235333,SP21.007,AF,diseased,inflammatory_nfkb,TNF,3,0,72099228
GSE230808,GSM7235333,SP21.007,AF,diseased,inflammatory_nfkb,TNFRSF1A,3,5636,72099228
GSE230808,GSM7235333,SP21.007,AF,diseased,hypoxia_oxidative_stress,BNIP3,3,37985,72099228
GSE230808,GSM7235333,SP21.007,AF,diseased,hypoxia_oxidative_stress,CA9,3,1330,72099228
GSE230808,GSM7235333,SP21.007,AF,diseased,hypoxia_oxidative_stress,EGLN1,3,2278,72099228
GSE230808,GSM7235333,SP21.007,AF,diseased,hypoxia_oxidative_stress,EPAS1,3,6371,72099228
GSE230808,GSM7235333,SP21.007,AF,diseased,hypoxia_oxidative_stress,GCLM,3,5808,72099228
GSE230808,GSM7235333,SP21.007,AF,diseased,hypoxia_oxidative_stress,GPX1,0,0,72099228
GSE230808,GSM7235333,SP21.007,AF,diseased,hypoxia_oxidative_stress,HIF1A,3,24583,72099228
GSE230808,GSM7235333,SP21.007,AF,diseased,hypoxia_oxidative_stress,HMOX1,3,64262,72099228
GSE230808,GSM7235333,SP21.007,AF,diseased,hypoxia_oxidative_stress,LDHA,3,75674,72099228
GSE230808,GSM7235333,SP21.007,AF,diseased,hypoxia_oxidative_stress,NFE2L2,3,8554,72099228
GSE230808,GSM7235333,SP21.007,AF,diseased,hypoxia_oxidative_stress,NQO1,3,15815,72099228
GSE230808,GSM7235333,SP21.007,AF,diseased,hypoxia_oxidative_stress,PDK1,3,1094,72099228
GSE230808,GSM7235333,SP21.007,AF,diseased,hypoxia_oxidative_stress,PRDX1,3,56984,72099228
GSE230808,GSM7235333,SP21.007,AF,diseased,hypoxia_oxidative_stress,SLC2A1,3,2409,72099228
GSE230808,GSM7235333,SP21.007,AF,diseased,hypoxia_oxidative_stress,SOD1,3,31753,72099228
GSE230808,GSM7235333,SP21.007,AF,diseased,hypoxia_oxidative_stress,SOD2,3,19789,72099228
GSE230808,GSM7235333,SP21.007,AF,diseased,hypoxia_oxidative_stress,TXN,3,122196,72099228
GSE230808,GSM7235333,SP21.007,AF,diseased,hypoxia_oxidative_stress,VEGFA,3,4566,72099228
GSE230808,GSM7235333,SP21.007,AF,diseased,disc_matrix_homeostasis,ACAN,3,15845,72099228
GSE230808,GSM7235333,SP21.007,AF,diseased,disc_matrix_homeostasis,B3GAT1,3,0,72099228
GSE230808,GSM7235333,SP21.007,AF,diseased,disc_matrix_homeostasis,BGN,3,7345,72099228
GSE230808,GSM7235333,SP21.007,AF,diseased,disc_matrix_homeostasis,CILP,3,610,72099228
GSE230808,GSM7235333,SP21.007,AF,diseased,disc_matrix_homeostasis,COL2A1,3,2585,72099228
GSE230808,GSM7235333,SP21.007,AF,diseased,disc_matrix_homeostasis,COL9A1,3,41,72099228
GSE230808,GSM7235333,SP21.007,AF,diseased,disc_matrix_homeostasis,COL9A2,3,472,72099228
GSE230808,GSM7235333,SP21.007,AF,diseased,disc_matrix_homeostasis,COL9A3,3,1410,72099228
GSE230808,GSM7235333,SP21.007,AF,diseased,disc_matrix_homeostasis,COMP,3,3245,72099228
GSE230808,GSM7235333,SP21.007,AF,diseased,disc_matrix_homeostasis,FMOD,3,8495,72099228
GSE230808,GSM7235333,SP21.007,AF,diseased,disc_matrix_homeostasis,HAPLN1,3,11737,72099228
GSE230808,GSM7235333,SP21.007,AF,diseased,disc_matrix_homeostasis,HAS2,3,86,72099228
GSE230808,GSM7235333,SP21.007,AF,diseased,disc_matrix_homeostasis,KRT19,3,67,72099228
GSE230808,GSM7235333,SP21.007,AF,diseased,disc_matrix_homeostasis,MATN3,3,98,72099228
GSE230808,GSM7235333,SP21.007,AF,diseased,disc_matrix_homeostasis,SOX9,3,4140,72099228
GSE230808,GSM7235334,SP21.011,AF,diseased,ecm_collagen_remodeling,ADAMTS4,4,6,101714852
GSE230808,GSM7235334,SP21.011,AF,diseased,ecm_collagen_remodeling,ADAMTS5,4,3335,101714852
GSE230808,GSM7235334,SP21.011,AF,diseased,ecm_collagen_remodeling,COL1A1,4,33880,101714852
GSE230808,GSM7235334,SP21.011,AF,diseased,ecm_collagen_remodeling,COL1A2,4,121196,101714852
GSE230808,GSM7235334,SP21.011,AF,diseased,ecm_collagen_remodeling,COL3A1,4,37054,101714852
GSE230808,GSM7235334,SP21.011,AF,diseased,ecm_collagen_remodeling,COL5A1,4,2902,101714852
GSE230808,GSM7235334,SP21.011,AF,diseased,ecm_collagen_remodeling,COL5A2,4,14419,101714852
GSE230808,GSM7235334,SP21.011,AF,diseased,ecm_collagen_remodeling,COL6A1,4,55254,101714852
GSE230808,GSM7235334,SP21.011,AF,diseased,ecm_collagen_remodeling,COL6A2,4,41929,101714852
GSE230808,GSM7235334,SP21.011,AF,diseased,ecm_collagen_remodeling,COL6A3,4,31766,101714852
GSE230808,GSM7235334,SP21.011,AF,diseased,ecm_collagen_remodeling,DCN,4,479834,101714852
GSE230808,GSM7235334,SP21.011,AF,diseased,ecm_collagen_remodeling,FN1,4,319609,101714852
GSE230808,GSM7235334,SP21.011,AF,diseased,ecm_collagen_remodeling,LOX,4,33895,101714852
GSE230808,GSM7235334,SP21.011,AF,diseased,ecm_collagen_remodeling,LOXL2,4,3286,101714852
GSE230808,GSM7235334,SP21.011,AF,diseased,ecm_collagen_remodeling,LUM,4,263268,101714852
GSE230808,GSM7235334,SP21.011,AF,diseased,ecm_collagen_remodeling,MMP2,4,9863,101714852
GSE230808,GSM7235334,SP21.011,AF,diseased,ecm_collagen_remodeling,MMP3,4,2110,101714852
GSE230808,GSM7235334,SP21.011,AF,diseased,ecm_collagen_remodeling,MMP9,4,0,101714852
GSE230808,GSM7235334,SP21.011,AF,diseased,ecm_collagen_remodeling,MMP13,4,11,101714852
GSE230808,GSM7235334,SP21.011,AF,diseased,ecm_collagen_remodeling,POSTN,4,5426,101714852
GSE230808,GSM7235334,SP21.011,AF,diseased,ecm_collagen_remodeling,SPARC,4,70984,101714852
GSE230808,GSM7235334,SP21.011,AF,diseased,ecm_collagen_remodeling,TIMP1,4,353968,101714852
GSE230808,GSM7235334,SP21.011,AF,diseased,ecm_collagen_remodeling,TIMP2,4,42025,101714852
GSE230808,GSM7235334,SP21.011,AF,diseased,ecm_collagen_remodeling,TNC,4,4175,101714852
GSE230808,GSM7235334,SP21.011,AF,diseased,inflammatory_nfkb,CCL2,4,2824,101714852
GSE230808,GSM7235334,SP21.011,AF,diseased,inflammatory_nfkb,CCL5,4,117,101714852
GSE230808,GSM7235334,SP21.011,AF,diseased,inflammatory_nfkb,CXCL8,4,65,101714852
GSE230808,GSM7235334,SP21.011,AF,diseased,inflammatory_nfkb,FOS,4,28000,101714852
GSE230808,GSM7235334,SP21.011,AF,diseased,inflammatory_nfkb,IKBKB,4,475,101714852
GSE230808,GSM7235334,SP21.011,AF,diseased,inflammatory_nfkb,IKBKG,4,997,101714852
GSE230808,GSM7235334,SP21.011,AF,diseased,inflammatory_nfkb,IL1B,4,18,101714852
GSE230808,GSM7235334,SP21.011,AF,diseased,inflammatory_nfkb,IL6,4,240,101714852
GSE230808,GSM7235334,SP21.011,AF,diseased,inflammatory_nfkb,JUN,4,13935,101714852
GSE230808,GSM7235334,SP21.011,AF,diseased,inflammatory_nfkb,NFKB1,4,1475,101714852
GSE230808,GSM7235334,SP21.011,AF,diseased,inflammatory_nfkb,NFKB2,4,348,101714852
GSE230808,GSM7235334,SP21.011,AF,diseased,inflammatory_nfkb,NFKBIA,4,3261,101714852
GSE230808,GSM7235334,SP21.011,AF,diseased,inflammatory_nfkb,NLRP3,4,1,101714852
GSE230808,GSM7235334,SP21.011,AF,diseased,inflammatory_nfkb,RELA,4,1771,101714852
GSE230808,GSM7235334,SP21.011,AF,diseased,inflammatory_nfkb,RELB,4,754,101714852
GSE230808,GSM7235334,SP21.011,AF,diseased,inflammatory_nfkb,STAT3,4,5355,101714852
GSE230808,GSM7235334,SP21.011,AF,diseased,inflammatory_nfkb,TICAM1,4,372,101714852
GSE230808,GSM7235334,SP21.011,AF,diseased,inflammatory_nfkb,TLR2,4,57,101714852
GSE230808,GSM7235334,SP21.011,AF,diseased,inflammatory_nfkb,TLR4,4,601,101714852
GSE230808,GSM7235334,SP21.011,AF,diseased,inflammatory_nfkb,TNF,4,0,101714852
GSE230808,GSM7235334,SP21.011,AF,diseased,inflammatory_nfkb,TNFRSF1A,4,10256,101714852
GSE230808,GSM7235334,SP21.011,AF,diseased,hypoxia_oxidative_stress,BNIP3,4,57998,101714852
GSE230808,GSM7235334,SP21.011,AF,diseased,hypoxia_oxidative_stress,CA9,4,4549,101714852
GSE230808,GSM7235334,SP21.011,AF,diseased,hypoxia_oxidative_stress,EGLN1,4,3404,101714852
GSE230808,GSM7235334,SP21.011,AF,diseased,hypoxia_oxidative_stress,EPAS1,4,7345,101714852
GSE230808,GSM7235334,SP21.011,AF,diseased,hypoxia_oxidative_stress,GCLM,4,7673,101714852
GSE230808,GSM7235334,SP21.011,AF,diseased,hypoxia_oxidative_stress,GPX1,0,0,101714852
GSE230808,GSM7235334,SP21.011,AF,diseased,hypoxia_oxidative_stress,HIF1A,4,24247,101714852
GSE230808,GSM7235334,SP21.011,AF,diseased,hypoxia_oxidative_stress,HMOX1,4,118583,101714852
GSE230808,GSM7235334,SP21.011,AF,diseased,hypoxia_oxidative_stress,LDHA,4,134967,101714852
GSE230808,GSM7235334,SP21.011,AF,diseased,hypoxia_oxidative_stress,NFE2L2,4,10296,101714852
GSE230808,GSM7235334,SP21.011,AF,diseased,hypoxia_oxidative_stress,NQO1,4,25437,101714852
GSE230808,GSM7235334,SP21.011,AF,diseased,hypoxia_oxidative_stress,PDK1,4,1277,101714852
GSE230808,GSM7235334,SP21.011,AF,diseased,hypoxia_oxidative_stress,PRDX1,4,91167,101714852
GSE230808,GSM7235334,SP21.011,AF,diseased,hypoxia_oxidative_stress,SLC2A1,4,4338,101714852
GSE230808,GSM7235334,SP21.011,AF,diseased,hypoxia_oxidative_stress,SOD1,4,58809,101714852
GSE230808,GSM7235334,SP21.011,AF,diseased,hypoxia_oxidative_stress,SOD2,4,44416,101714852
GSE230808,GSM7235334,SP21.011,AF,diseased,hypoxia_oxidative_stress,TXN,4,167668,101714852
GSE230808,GSM7235334,SP21.011,AF,diseased,hypoxia_oxidative_stress,VEGFA,4,3664,101714852
GSE230808,GSM7235334,SP21.011,AF,diseased,disc_matrix_homeostasis,ACAN,4,9452,101714852
GSE230808,GSM7235334,SP21.011,AF,diseased,disc_matrix_homeostasis,B3GAT1,4,0,101714852
GSE230808,GSM7235334,SP21.011,AF,diseased,disc_matrix_homeostasis,BGN,4,7994,101714852
GSE230808,GSM7235334,SP21.011,AF,diseased,disc_matrix_homeostasis,CILP,4,927,101714852
GSE230808,GSM7235334,SP21.011,AF,diseased,disc_matrix_homeostasis,COL2A1,4,603,101714852
GSE230808,GSM7235334,SP21.011,AF,diseased,disc_matrix_homeostasis,COL9A1,4,18,101714852
GSE230808,GSM7235334,SP21.011,AF,diseased,disc_matrix_homeostasis,COL9A2,4,419,101714852
GSE230808,GSM7235334,SP21.011,AF,diseased,disc_matrix_homeostasis,COL9A3,4,576,101714852
GSE230808,GSM7235334,SP21.011,AF,diseased,disc_matrix_homeostasis,COMP,4,2543,101714852
GSE230808,GSM7235334,SP21.011,AF,diseased,disc_matrix_homeostasis,FMOD,4,7091,101714852
GSE230808,GSM7235334,SP21.011,AF,diseased,disc_matrix_homeostasis,HAPLN1,4,15838,101714852
GSE230808,GSM7235334,SP21.011,AF,diseased,disc_matrix_homeostasis,HAS2,4,285,101714852
GSE230808,GSM7235334,SP21.011,AF,diseased,disc_matrix_homeostasis,KRT19,4,1964,101714852
GSE230808,GSM7235334,SP21.011,AF,diseased,disc_matrix_homeostasis,MATN3,4,55,101714852
GSE230808,GSM7235334,SP21.011,AF,diseased,disc_matrix_homeostasis,SOX9,4,6736,101714852
GSE230808,GSM7235335,SP21.013,AF,diseased,ecm_collagen_remodeling,ADAMTS4,5,18,59809660
GSE230808,GSM7235335,SP21.013,AF,diseased,ecm_collagen_remodeling,ADAMTS5,5,3641,59809660
GSE230808,GSM7235335,SP21.013,AF,diseased,ecm_collagen_remodeling,COL1A1,5,94581,59809660
GSE230808,GSM7235335,SP21.013,AF,diseased,ecm_collagen_remodeling,COL1A2,5,139184,59809660
GSE230808,GSM7235335,SP21.013,AF,diseased,ecm_collagen_remodeling,COL3A1,5,33175,59809660
GSE230808,GSM7235335,SP21.013,AF,diseased,ecm_collagen_remodeling,COL5A1,5,4749,59809660
GSE230808,GSM7235335,SP21.013,AF,diseased,ecm_collagen_remodeling,COL5A2,5,11629,59809660
GSE230808,GSM7235335,SP21.013,AF,diseased,ecm_collagen_remodeling,COL6A1,5,58270,59809660
GSE230808,GSM7235335,SP21.013,AF,diseased,ecm_collagen_remodeling,COL6A2,5,36183,59809660
GSE230808,GSM7235335,SP21.013,AF,diseased,ecm_collagen_remodeling,COL6A3,5,41434,59809660
GSE230808,GSM7235335,SP21.013,AF,diseased,ecm_collagen_remodeling,DCN,5,266623,59809660
GSE230808,GSM7235335,SP21.013,AF,diseased,ecm_collagen_remodeling,FN1,5,174076,59809660
GSE230808,GSM7235335,SP21.013,AF,diseased,ecm_collagen_remodeling,LOX,5,18434,59809660
GSE230808,GSM7235335,SP21.013,AF,diseased,ecm_collagen_remodeling,LOXL2,5,3709,59809660
GSE230808,GSM7235335,SP21.013,AF,diseased,ecm_collagen_remodeling,LUM,5,115822,59809660
GSE230808,GSM7235335,SP21.013,AF,diseased,ecm_collagen_remodeling,MMP2,5,10961,59809660
GSE230808,GSM7235335,SP21.013,AF,diseased,ecm_collagen_remodeling,MMP3,5,1552,59809660
GSE230808,GSM7235335,SP21.013,AF,diseased,ecm_collagen_remodeling,MMP9,5,2,59809660
GSE230808,GSM7235335,SP21.013,AF,diseased,ecm_collagen_remodeling,MMP13,5,77,59809660
GSE230808,GSM7235335,SP21.013,AF,diseased,ecm_collagen_remodeling,POSTN,5,32110,59809660
GSE230808,GSM7235335,SP21.013,AF,diseased,ecm_collagen_remodeling,SPARC,5,56741,59809660
GSE230808,GSM7235335,SP21.013,AF,diseased,ecm_collagen_remodeling,TIMP1,5,196042,59809660
GSE230808,GSM7235335,SP21.013,AF,diseased,ecm_collagen_remodeling,TIMP2,5,16020,59809660
GSE230808,GSM7235335,SP21.013,AF,diseased,ecm_collagen_remodeling,TNC,5,11380,59809660
GSE230808,GSM7235335,SP21.013,AF,diseased,inflammatory_nfkb,CCL2,5,7221,59809660
GSE230808,GSM7235335,SP21.013,AF,diseased,inflammatory_nfkb,CCL5,5,10,59809660
GSE230808,GSM7235335,SP21.013,AF,diseased,inflammatory_nfkb,CXCL8,5,66,59809660
GSE230808,GSM7235335,SP21.013,AF,diseased,inflammatory_nfkb,FOS,5,2005,59809660
GSE230808,GSM7235335,SP21.013,AF,diseased,inflammatory_nfkb,IKBKB,5,453,59809660
GSE230808,GSM7235335,SP21.013,AF,diseased,inflammatory_nfkb,IKBKG,5,793,59809660
GSE230808,GSM7235335,SP21.013,AF,diseased,inflammatory_nfkb,IL1B,5,4,59809660
GSE230808,GSM7235335,SP21.013,AF,diseased,inflammatory_nfkb,IL6,5,148,59809660
GSE230808,GSM7235335,SP21.013,AF,diseased,inflammatory_nfkb,JUN,5,9617,59809660
GSE230808,GSM7235335,SP21.013,AF,diseased,inflammatory_nfkb,NFKB1,5,1045,59809660
GSE230808,GSM7235335,SP21.013,AF,diseased,inflammatory_nfkb,NFKB2,5,268,59809660
GSE230808,GSM7235335,SP21.013,AF,diseased,inflammatory_nfkb,NFKBIA,5,2618,59809660
GSE230808,GSM7235335,SP21.013,AF,diseased,inflammatory_nfkb,NLRP3,5,5,59809660
GSE230808,GSM7235335,SP21.013,AF,diseased,inflammatory_nfkb,RELA,5,1311,59809660
GSE230808,GSM7235335,SP21.013,AF,diseased,inflammatory_nfkb,RELB,5,390,59809660
GSE230808,GSM7235335,SP21.013,AF,diseased,inflammatory_nfkb,STAT3,5,2595,59809660
GSE230808,GSM7235335,SP21.013,AF,diseased,inflammatory_nfkb,TICAM1,5,255,59809660
GSE230808,GSM7235335,SP21.013,AF,diseased,inflammatory_nfkb,TLR2,5,17,59809660
GSE230808,GSM7235335,SP21.013,AF,diseased,inflammatory_nfkb,TLR4,5,354,59809660
GSE230808,GSM7235335,SP21.013,AF,diseased,inflammatory_nfkb,TNF,5,0,59809660
GSE230808,GSM7235335,SP21.013,AF,diseased,inflammatory_nfkb,TNFRSF1A,5,6294,59809660
GSE230808,GSM7235335,SP21.013,AF,diseased,hypoxia_oxidative_stress,BNIP3,5,25056,59809660
GSE230808,GSM7235335,SP21.013,AF,diseased,hypoxia_oxidative_stress,CA9,5,492,59809660
GSE230808,GSM7235335,SP21.013,AF,diseased,hypoxia_oxidative_stress,EGLN1,5,1546,59809660
GSE230808,GSM7235335,SP21.013,AF,diseased,hypoxia_oxidative_stress,EPAS1,5,3660,59809660
GSE230808,GSM7235335,SP21.013,AF,diseased,hypoxia_oxidative_stress,GCLM,5,6167,59809660
GSE230808,GSM7235335,SP21.013,AF,diseased,hypoxia_oxidative_stress,GPX1,0,0,59809660
GSE230808,GSM7235335,SP21.013,AF,diseased,hypoxia_oxidative_stress,HIF1A,5,13699,59809660
GSE230808,GSM7235335,SP21.013,AF,diseased,hypoxia_oxidative_stress,HMOX1,5,20215,59809660
GSE230808,GSM7235335,SP21.013,AF,diseased,hypoxia_oxidative_stress,LDHA,5,101062,59809660
GSE230808,GSM7235335,SP21.013,AF,diseased,hypoxia_oxidative_stress,NFE2L2,5,5293,59809660
GSE230808,GSM7235335,SP21.013,AF,diseased,hypoxia_oxidative_stress,NQO1,5,17335,59809660
GSE230808,GSM7235335,SP21.013,AF,diseased,hypoxia_oxidative_stress,PDK1,5,577,59809660
GSE230808,GSM7235335,SP21.013,AF,diseased,hypoxia_oxidative_stress,PRDX1,5,80352,59809660
GSE230808,GSM7235335,SP21.013,AF,diseased,hypoxia_oxidative_stress,SLC2A1,5,1029,59809660
GSE230808,GSM7235335,SP21.013,AF,diseased,hypoxia_oxidative_stress,SOD1,5,34344,59809660
GSE230808,GSM7235335,SP21.013,AF,diseased,hypoxia_oxidative_stress,SOD2,5,16250,59809660
GSE230808,GSM7235335,SP21.013,AF,diseased,hypoxia_oxidative_stress,TXN,5,112021,59809660
GSE230808,GSM7235335,SP21.013,AF,diseased,hypoxia_oxidative_stress,VEGFA,5,1932,59809660
GSE230808,GSM7235335,SP21.013,AF,diseased,disc_matrix_homeostasis,ACAN,5,4106,59809660
GSE230808,GSM7235335,SP21.013,AF,diseased,disc_matrix_homeostasis,B3GAT1,5,0,59809660
GSE230808,GSM7235335,SP21.013,AF,diseased,disc_matrix_homeostasis,BGN,5,7802,59809660
GSE230808,GSM7235335,SP21.013,AF,diseased,disc_matrix_homeostasis,CILP,5,359,59809660
GSE230808,GSM7235335,SP21.013,AF,diseased,disc_matrix_homeostasis,COL2A1,5,11,59809660
GSE230808,GSM7235335,SP21.013,AF,diseased,disc_matrix_homeostasis,COL9A1,5,2,59809660
GSE230808,GSM7235335,SP21.013,AF,diseased,disc_matrix_homeostasis,COL9A2,5,19,59809660
GSE230808,GSM7235335,SP21.013,AF,diseased,disc_matrix_homeostasis,COL9A3,5,15,59809660
GSE230808,GSM7235335,SP21.013,AF,diseased,disc_matrix_homeostasis,COMP,5,395,59809660
GSE230808,GSM7235335,SP21.013,AF,diseased,disc_matrix_homeostasis,FMOD,5,931,59809660
GSE230808,GSM7235335,SP21.013,AF,diseased,disc_matrix_homeostasis,HAPLN1,5,2239,59809660
GSE230808,GSM7235335,SP21.013,AF,diseased,disc_matrix_homeostasis,HAS2,5,3601,59809660
GSE230808,GSM7235335,SP21.013,AF,diseased,disc_matrix_homeostasis,KRT19,5,1314,59809660
GSE230808,GSM7235335,SP21.013,AF,diseased,disc_matrix_homeostasis,MATN3,5,56,59809660
GSE230808,GSM7235335,SP21.013,AF,diseased,disc_matrix_homeostasis,SOX9,5,1239,59809660
GSE230808,GSM7235336,SP21.014,AF,diseased,ecm_collagen_remodeling,ADAMTS4,6,11,36909243
GSE230808,GSM7235336,SP21.014,AF,diseased,ecm_collagen_remodeling,ADAMTS5,6,3127,36909243
GSE230808,GSM7235336,SP21.014,AF,diseased,ecm_collagen_remodeling,COL1A1,6,27110,36909243
GSE230808,GSM7235336,SP21.014,AF,diseased,ecm_collagen_remodeling,COL1A2,6,87971,36909243
GSE230808,GSM7235336,SP21.014,AF,diseased,ecm_collagen_remodeling,COL3A1,6,31711,36909243
GSE230808,GSM7235336,SP21.014,AF,diseased,ecm_collagen_remodeling,COL5A1,6,1914,36909243
GSE230808,GSM7235336,SP21.014,AF,diseased,ecm_collagen_remodeling,COL5A2,6,8640,36909243
GSE230808,GSM7235336,SP21.014,AF,diseased,ecm_collagen_remodeling,COL6A1,6,23893,36909243
GSE230808,GSM7235336,SP21.014,AF,diseased,ecm_collagen_remodeling,COL6A2,6,17168,36909243
GSE230808,GSM7235336,SP21.014,AF,diseased,ecm_collagen_remodeling,COL6A3,6,18188,36909243
GSE230808,GSM7235336,SP21.014,AF,diseased,ecm_collagen_remodeling,DCN,6,365763,36909243
GSE230808,GSM7235336,SP21.014,AF,diseased,ecm_collagen_remodeling,FN1,6,113749,36909243
GSE230808,GSM7235336,SP21.014,AF,diseased,ecm_collagen_remodeling,LOX,6,21246,36909243
GSE230808,GSM7235336,SP21.014,AF,diseased,ecm_collagen_remodeling,LOXL2,6,1228,36909243
GSE230808,GSM7235336,SP21.014,AF,diseased,ecm_collagen_remodeling,LUM,6,159015,36909243
GSE230808,GSM7235336,SP21.014,AF,diseased,ecm_collagen_remodeling,MMP2,6,6268,36909243
GSE230808,GSM7235336,SP21.014,AF,diseased,ecm_collagen_remodeling,MMP3,6,1336,36909243
GSE230808,GSM7235336,SP21.014,AF,diseased,ecm_collagen_remodeling,MMP9,6,0,36909243
GSE230808,GSM7235336,SP21.014,AF,diseased,ecm_collagen_remodeling,MMP13,6,22,36909243
GSE230808,GSM7235336,SP21.014,AF,diseased,ecm_collagen_remodeling,POSTN,6,6922,36909243
GSE230808,GSM7235336,SP21.014,AF,diseased,ecm_collagen_remodeling,SPARC,6,27820,36909243
GSE230808,GSM7235336,SP21.014,AF,diseased,ecm_collagen_remodeling,TIMP1,6,147801,36909243
GSE230808,GSM7235336,SP21.014,AF,diseased,ecm_collagen_remodeling,TIMP2,6,21125,36909243
GSE230808,GSM7235336,SP21.014,AF,diseased,ecm_collagen_remodeling,TNC,6,5670,36909243
GSE230808,GSM7235336,SP21.014,AF,diseased,inflammatory_nfkb,CCL2,6,5002,36909243
GSE230808,GSM7235336,SP21.014,AF,diseased,inflammatory_nfkb,CCL5,6,86,36909243
GSE230808,GSM7235336,SP21.014,AF,diseased,inflammatory_nfkb,CXCL8,6,23,36909243
GSE230808,GSM7235336,SP21.014,AF,diseased,inflammatory_nfkb,FOS,6,3651,36909243
GSE230808,GSM7235336,SP21.014,AF,diseased,inflammatory_nfkb,IKBKB,6,193,36909243
GSE230808,GSM7235336,SP21.014,AF,diseased,inflammatory_nfkb,IKBKG,6,325,36909243
GSE230808,GSM7235336,SP21.014,AF,diseased,inflammatory_nfkb,IL1B,6,0,36909243
GSE230808,GSM7235336,SP21.014,AF,diseased,inflammatory_nfkb,IL6,6,83,36909243
GSE230808,GSM7235336,SP21.014,AF,diseased,inflammatory_nfkb,JUN,6,3820,36909243
GSE230808,GSM7235336,SP21.014,AF,diseased,inflammatory_nfkb,NFKB1,6,983,36909243
GSE230808,GSM7235336,SP21.014,AF,diseased,inflammatory_nfkb,NFKB2,6,143,36909243
GSE230808,GSM7235336,SP21.014,AF,diseased,inflammatory_nfkb,NFKBIA,6,2884,36909243
GSE230808,GSM7235336,SP21.014,AF,diseased,inflammatory_nfkb,NLRP3,6,0,36909243
GSE230808,GSM7235336,SP21.014,AF,diseased,inflammatory_nfkb,RELA,6,965,36909243
GSE230808,GSM7235336,SP21.014,AF,diseased,inflammatory_nfkb,RELB,6,210,36909243
GSE230808,GSM7235336,SP21.014,AF,diseased,inflammatory_nfkb,STAT3,6,4222,36909243
GSE230808,GSM7235336,SP21.014,AF,diseased,inflammatory_nfkb,TICAM1,6,172,36909243
GSE230808,GSM7235336,SP21.014,AF,diseased,inflammatory_nfkb,TLR2,6,22,36909243
GSE230808,GSM7235336,SP21.014,AF,diseased,inflammatory_nfkb,TLR4,6,416,36909243
GSE230808,GSM7235336,SP21.014,AF,diseased,inflammatory_nfkb,TNF,6,0,36909243
GSE230808,GSM7235336,SP21.014,AF,diseased,inflammatory_nfkb,TNFRSF1A,6,4328,36909243
GSE230808,GSM7235336,SP21.014,AF,diseased,hypoxia_oxidative_stress,BNIP3,6,17746,36909243
GSE230808,GSM7235336,SP21.014,AF,diseased,hypoxia_oxidative_stress,CA9,6,454,36909243
GSE230808,GSM7235336,SP21.014,AF,diseased,hypoxia_oxidative_stress,EGLN1,6,1336,36909243
GSE230808,GSM7235336,SP21.014,AF,diseased,hypoxia_oxidative_stress,EPAS1,6,3202,36909243
GSE230808,GSM7235336,SP21.014,AF,diseased,hypoxia_oxidative_stress,GCLM,6,2633,36909243
GSE230808,GSM7235336,SP21.014,AF,diseased,hypoxia_oxidative_stress,GPX1,0,0,36909243
GSE230808,GSM7235336,SP21.014,AF,diseased,hypoxia_oxidative_stress,HIF1A,6,9387,36909243
GSE230808,GSM7235336,SP21.014,AF,diseased,hypoxia_oxidative_stress,HMOX1,6,18975,36909243
GSE230808,GSM7235336,SP21.014,AF,diseased,hypoxia_oxidative_stress,LDHA,6,39478,36909243
GSE230808,GSM7235336,SP21.014,AF,diseased,hypoxia_oxidative_stress,NFE2L2,6,7293,36909243
GSE230808,GSM7235336,SP21.014,AF,diseased,hypoxia_oxidative_stress,NQO1,6,3868,36909243
GSE230808,GSM7235336,SP21.014,AF,diseased,hypoxia_oxidative_stress,PDK1,6,618,36909243
GSE230808,GSM7235336,SP21.014,AF,diseased,hypoxia_oxidative_stress,PRDX1,6,25942,36909243
GSE230808,GSM7235336,SP21.014,AF,diseased,hypoxia_oxidative_stress,SLC2A1,6,1077,36909243
GSE230808,GSM7235336,SP21.014,AF,diseased,hypoxia_oxidative_stress,SOD1,6,18704,36909243
GSE230808,GSM7235336,SP21.014,AF,diseased,hypoxia_oxidative_stress,SOD2,6,16568,36909243
GSE230808,GSM7235336,SP21.014,AF,diseased,hypoxia_oxidative_stress,TXN,6,34495,36909243
GSE230808,GSM7235336,SP21.014,AF,diseased,hypoxia_oxidative_stress,VEGFA,6,1686,36909243
GSE230808,GSM7235336,SP21.014,AF,diseased,disc_matrix_homeostasis,ACAN,6,12024,36909243
GSE230808,GSM7235336,SP21.014,AF,diseased,disc_matrix_homeostasis,B3GAT1,6,0,36909243
GSE230808,GSM7235336,SP21.014,AF,diseased,disc_matrix_homeostasis,BGN,6,7229,36909243
GSE230808,GSM7235336,SP21.014,AF,diseased,disc_matrix_homeostasis,CILP,6,991,36909243
GSE230808,GSM7235336,SP21.014,AF,diseased,disc_matrix_homeostasis,COL2A1,6,1,36909243
GSE230808,GSM7235336,SP21.014,AF,diseased,disc_matrix_homeostasis,COL9A1,6,1,36909243
GSE230808,GSM7235336,SP21.014,AF,diseased,disc_matrix_homeostasis,COL9A2,6,71,36909243
GSE230808,GSM7235336,SP21.014,AF,diseased,disc_matrix_homeostasis,COL9A3,6,14,36909243
GSE230808,GSM7235336,SP21.014,AF,diseased,disc_matrix_homeostasis,COMP,6,2342,36909243
GSE230808,GSM7235336,SP21.014,AF,diseased,disc_matrix_homeostasis,FMOD,6,4928,36909243
GSE230808,GSM7235336,SP21.014,AF,diseased,disc_matrix_homeostasis,HAPLN1,6,4948,36909243
GSE230808,GSM7235336,SP21.014,AF,diseased,disc_matrix_homeostasis,HAS2,6,191,36909243
GSE230808,GSM7235336,SP21.014,AF,diseased,disc_matrix_homeostasis,KRT19,6,196,36909243
GSE230808,GSM7235336,SP21.014,AF,diseased,disc_matrix_homeostasis,MATN3,6,45,36909243
GSE230808,GSM7235336,SP21.014,AF,diseased,disc_matrix_homeostasis,SOX9,6,1224,36909243
GSE230808,GSM7235337,SP21.016,AF,diseased,ecm_collagen_remodeling,ADAMTS4,7,7,16047082
GSE230808,GSM7235337,SP21.016,AF,diseased,ecm_collagen_remodeling,ADAMTS5,7,1507,16047082
GSE230808,GSM7235337,SP21.016,AF,diseased,ecm_collagen_remodeling,COL1A1,7,2784,16047082
GSE230808,GSM7235337,SP21.016,AF,diseased,ecm_collagen_remodeling,COL1A2,7,13847,16047082
GSE230808,GSM7235337,SP21.016,AF,diseased,ecm_collagen_remodeling,COL3A1,7,8611,16047082
GSE230808,GSM7235337,SP21.016,AF,diseased,ecm_collagen_remodeling,COL5A1,7,553,16047082
GSE230808,GSM7235337,SP21.016,AF,diseased,ecm_collagen_remodeling,COL5A2,7,2779,16047082
GSE230808,GSM7235337,SP21.016,AF,diseased,ecm_collagen_remodeling,COL6A1,7,7847,16047082
GSE230808,GSM7235337,SP21.016,AF,diseased,ecm_collagen_remodeling,COL6A2,7,7820,16047082
GSE230808,GSM7235337,SP21.016,AF,diseased,ecm_collagen_remodeling,COL6A3,7,3388,16047082
GSE230808,GSM7235337,SP21.016,AF,diseased,ecm_collagen_remodeling,DCN,7,71714,16047082
GSE230808,GSM7235337,SP21.016,AF,diseased,ecm_collagen_remodeling,FN1,7,37978,16047082
GSE230808,GSM7235337,SP21.016,AF,diseased,ecm_collagen_remodeling,LOX,7,8918,16047082
GSE230808,GSM7235337,SP21.016,AF,diseased,ecm_collagen_remodeling,LOXL2,7,667,16047082
GSE230808,GSM7235337,SP21.016,AF,diseased,ecm_collagen_remodeling,LUM,7,54259,16047082
GSE230808,GSM7235337,SP21.016,AF,diseased,ecm_collagen_remodeling,MMP2,7,1942,16047082
GSE230808,GSM7235337,SP21.016,AF,diseased,ecm_collagen_remodeling,MMP3,7,6014,16047082
GSE230808,GSM7235337,SP21.016,AF,diseased,ecm_collagen_remodeling,MMP9,7,0,16047082
GSE230808,GSM7235337,SP21.016,AF,diseased,ecm_collagen_remodeling,MMP13,7,2,16047082
GSE230808,GSM7235337,SP21.016,AF,diseased,ecm_collagen_remodeling,POSTN,7,1866,16047082
GSE230808,GSM7235337,SP21.016,AF,diseased,ecm_collagen_remodeling,SPARC,7,14647,16047082
GSE230808,GSM7235337,SP21.016,AF,diseased,ecm_collagen_remodeling,TIMP1,7,17059,16047082
GSE230808,GSM7235337,SP21.016,AF,diseased,ecm_collagen_remodeling,TIMP2,7,10212,16047082
GSE230808,GSM7235337,SP21.016,AF,diseased,ecm_collagen_remodeling,TNC,7,285,16047082
GSE230808,GSM7235337,SP21.016,AF,diseased,inflammatory_nfkb,CCL2,7,1364,16047082
GSE230808,GSM7235337,SP21.016,AF,diseased,inflammatory_nfkb,CCL5,7,16,16047082
GSE230808,GSM7235337,SP21.016,AF,diseased,inflammatory_nfkb,CXCL8,7,56,16047082
GSE230808,GSM7235337,SP21.016,AF,diseased,inflammatory_nfkb,FOS,7,2702,16047082
GSE230808,GSM7235337,SP21.016,AF,diseased,inflammatory_nfkb,IKBKB,7,114,16047082
GSE230808,GSM7235337,SP21.016,AF,diseased,inflammatory_nfkb,IKBKG,7,218,16047082
GSE230808,GSM7235337,SP21.016,AF,diseased,inflammatory_nfkb,IL1B,7,1,16047082
GSE230808,GSM7235337,SP21.016,AF,diseased,inflammatory_nfkb,IL6,7,41,16047082
GSE230808,GSM7235337,SP21.016,AF,diseased,inflammatory_nfkb,JUN,7,3367,16047082
GSE230808,GSM7235337,SP21.016,AF,diseased,inflammatory_nfkb,NFKB1,7,307,16047082
GSE230808,GSM7235337,SP21.016,AF,diseased,inflammatory_nfkb,NFKB2,7,127,16047082
GSE230808,GSM7235337,SP21.016,AF,diseased,inflammatory_nfkb,NFKBIA,7,908,16047082
GSE230808,GSM7235337,SP21.016,AF,diseased,inflammatory_nfkb,NLRP3,7,0,16047082
GSE230808,GSM7235337,SP21.016,AF,diseased,inflammatory_nfkb,RELA,7,529,16047082
GSE230808,GSM7235337,SP21.016,AF,diseased,inflammatory_nfkb,RELB,7,149,16047082
GSE230808,GSM7235337,SP21.016,AF,diseased,inflammatory_nfkb,STAT3,7,1404,16047082
GSE230808,GSM7235337,SP21.016,AF,diseased,inflammatory_nfkb,TICAM1,7,132,16047082
GSE230808,GSM7235337,SP21.016,AF,diseased,inflammatory_nfkb,TLR2,7,29,16047082
GSE230808,GSM7235337,SP21.016,AF,diseased,inflammatory_nfkb,TLR4,7,217,16047082
GSE230808,GSM7235337,SP21.016,AF,diseased,inflammatory_nfkb,TNF,7,0,16047082
GSE230808,GSM7235337,SP21.016,AF,diseased,inflammatory_nfkb,TNFRSF1A,7,2239,16047082
GSE230808,GSM7235337,SP21.016,AF,diseased,hypoxia_oxidative_stress,BNIP3,7,6638,16047082
GSE230808,GSM7235337,SP21.016,AF,diseased,hypoxia_oxidative_stress,CA9,7,218,16047082
GSE230808,GSM7235337,SP21.016,AF,diseased,hypoxia_oxidative_stress,EGLN1,7,628,16047082
GSE230808,GSM7235337,SP21.016,AF,diseased,hypoxia_oxidative_stress,EPAS1,7,1685,16047082
GSE230808,GSM7235337,SP21.016,AF,diseased,hypoxia_oxidative_stress,GCLM,7,964,16047082
GSE230808,GSM7235337,SP21.016,AF,diseased,hypoxia_oxidative_stress,GPX1,0,0,16047082
GSE230808,GSM7235337,SP21.016,AF,diseased,hypoxia_oxidative_stress,HIF1A,7,4907,16047082
GSE230808,GSM7235337,SP21.016,AF,diseased,hypoxia_oxidative_stress,HMOX1,7,11135,16047082
GSE230808,GSM7235337,SP21.016,AF,diseased,hypoxia_oxidative_stress,LDHA,7,18095,16047082
GSE230808,GSM7235337,SP21.016,AF,diseased,hypoxia_oxidative_stress,NFE2L2,7,1643,16047082
GSE230808,GSM7235337,SP21.016,AF,diseased,hypoxia_oxidative_stress,NQO1,7,3069,16047082
GSE230808,GSM7235337,SP21.016,AF,diseased,hypoxia_oxidative_stress,PDK1,7,228,16047082
GSE230808,GSM7235337,SP21.016,AF,diseased,hypoxia_oxidative_stress,PRDX1,7,11078,16047082
GSE230808,GSM7235337,SP21.016,AF,diseased,hypoxia_oxidative_stress,SLC2A1,7,820,16047082
GSE230808,GSM7235337,SP21.016,AF,diseased,hypoxia_oxidative_stress,SOD1,7,7183,16047082
GSE230808,GSM7235337,SP21.016,AF,diseased,hypoxia_oxidative_stress,SOD2,7,15092,16047082
GSE230808,GSM7235337,SP21.016,AF,diseased,hypoxia_oxidative_stress,TXN,7,18783,16047082
GSE230808,GSM7235337,SP21.016,AF,diseased,hypoxia_oxidative_stress,VEGFA,7,637,16047082
GSE230808,GSM7235337,SP21.016,AF,diseased,disc_matrix_homeostasis,ACAN,7,2755,16047082
GSE230808,GSM7235337,SP21.016,AF,diseased,disc_matrix_homeostasis,B3GAT1,7,0,16047082
GSE230808,GSM7235337,SP21.016,AF,diseased,disc_matrix_homeostasis,BGN,7,2274,16047082
GSE230808,GSM7235337,SP21.016,AF,diseased,disc_matrix_homeostasis,CILP,7,100,16047082
GSE230808,GSM7235337,SP21.016,AF,diseased,disc_matrix_homeostasis,COL2A1,7,541,16047082
GSE230808,GSM7235337,SP21.016,AF,diseased,disc_matrix_homeostasis,COL9A1,7,1,16047082
GSE230808,GSM7235337,SP21.016,AF,diseased,disc_matrix_homeostasis,COL9A2,7,215,16047082
GSE230808,GSM7235337,SP21.016,AF,diseased,disc_matrix_homeostasis,COL9A3,7,392,16047082
GSE230808,GSM7235337,SP21.016,AF,diseased,disc_matrix_homeostasis,COMP,7,350,16047082
GSE230808,GSM7235337,SP21.016,AF,diseased,disc_matrix_homeostasis,FMOD,7,2922,16047082
GSE230808,GSM7235337,SP21.016,AF,diseased,disc_matrix_homeostasis,HAPLN1,7,4548,16047082
GSE230808,GSM7235337,SP21.016,AF,diseased,disc_matrix_homeostasis,HAS2,7,81,16047082
GSE230808,GSM7235337,SP21.016,AF,diseased,disc_matrix_homeostasis,KRT19,7,66,16047082
GSE230808,GSM7235337,SP21.016,AF,diseased,disc_matrix_homeostasis,MATN3,7,38,16047082
GSE230808,GSM7235337,SP21.016,AF,diseased,disc_matrix_homeostasis,SOX9,7,788,16047082
GSE230808,GSM7235338,SP21.017,AF,diseased,ecm_collagen_remodeling,ADAMTS4,8,8,12015201
GSE230808,GSM7235338,SP21.017,AF,diseased,ecm_collagen_remodeling,ADAMTS5,8,3407,12015201
GSE230808,GSM7235338,SP21.017,AF,diseased,ecm_collagen_remodeling,COL1A1,8,24579,12015201
GSE230808,GSM7235338,SP21.017,AF,diseased,ecm_collagen_remodeling,COL1A2,8,35952,12015201
GSE230808,GSM7235338,SP21.017,AF,diseased,ecm_collagen_remodeling,COL3A1,8,6369,12015201
GSE230808,GSM7235338,SP21.017,AF,diseased,ecm_collagen_remodeling,COL5A1,8,1012,12015201
GSE230808,GSM7235338,SP21.017,AF,diseased,ecm_collagen_remodeling,COL5A2,8,2452,12015201
GSE230808,GSM7235338,SP21.017,AF,diseased,ecm_collagen_remodeling,COL6A1,8,13036,12015201
GSE230808,GSM7235338,SP21.017,AF,diseased,ecm_collagen_remodeling,COL6A2,8,11465,12015201
GSE230808,GSM7235338,SP21.017,AF,diseased,ecm_collagen_remodeling,COL6A3,8,3877,12015201
GSE230808,GSM7235338,SP21.017,AF,diseased,ecm_collagen_remodeling,DCN,8,58422,12015201
GSE230808,GSM7235338,SP21.017,AF,diseased,ecm_collagen_remodeling,FN1,8,26824,12015201
GSE230808,GSM7235338,SP21.017,AF,diseased,ecm_collagen_remodeling,LOX,8,10472,12015201
GSE230808,GSM7235338,SP21.017,AF,diseased,ecm_collagen_remodeling,LOXL2,8,907,12015201
GSE230808,GSM7235338,SP21.017,AF,diseased,ecm_collagen_remodeling,LUM,8,32577,12015201
GSE230808,GSM7235338,SP21.017,AF,diseased,ecm_collagen_remodeling,MMP2,8,1955,12015201
GSE230808,GSM7235338,SP21.017,AF,diseased,ecm_collagen_remodeling,MMP3,8,19,12015201
GSE230808,GSM7235338,SP21.017,AF,diseased,ecm_collagen_remodeling,MMP9,8,0,12015201
GSE230808,GSM7235338,SP21.017,AF,diseased,ecm_collagen_remodeling,MMP13,8,10,12015201
GSE230808,GSM7235338,SP21.017,AF,diseased,ecm_collagen_remodeling,POSTN,8,2997,12015201
GSE230808,GSM7235338,SP21.017,AF,diseased,ecm_collagen_remodeling,SPARC,8,13995,12015201
GSE230808,GSM7235338,SP21.017,AF,diseased,ecm_collagen_remodeling,TIMP1,8,21743,12015201
GSE230808,GSM7235338,SP21.017,AF,diseased,ecm_collagen_remodeling,TIMP2,8,5333,12015201
GSE230808,GSM7235338,SP21.017,AF,diseased,ecm_collagen_remodeling,TNC,8,425,12015201
GSE230808,GSM7235338,SP21.017,AF,diseased,inflammatory_nfkb,CCL2,8,1073,12015201
GSE230808,GSM7235338,SP21.017,AF,diseased,inflammatory_nfkb,CCL5,8,5,12015201
GSE230808,GSM7235338,SP21.017,AF,diseased,inflammatory_nfkb,CXCL8,8,4,12015201
GSE230808,GSM7235338,SP21.017,AF,diseased,inflammatory_nfkb,FOS,8,1145,12015201
GSE230808,GSM7235338,SP21.017,AF,diseased,inflammatory_nfkb,IKBKB,8,215,12015201
GSE230808,GSM7235338,SP21.017,AF,diseased,inflammatory_nfkb,IKBKG,8,141,12015201
GSE230808,GSM7235338,SP21.017,AF,diseased,inflammatory_nfkb,IL1B,8,2,12015201
GSE230808,GSM7235338,SP21.017,AF,diseased,inflammatory_nfkb,IL6,8,26,12015201
GSE230808,GSM7235338,SP21.017,AF,diseased,inflammatory_nfkb,JUN,8,2574,12015201
GSE230808,GSM7235338,SP21.017,AF,diseased,inflammatory_nfkb,NFKB1,8,217,12015201
GSE230808,GSM7235338,SP21.017,AF,diseased,inflammatory_nfkb,NFKB2,8,102,12015201
GSE230808,GSM7235338,SP21.017,AF,diseased,inflammatory_nfkb,NFKBIA,8,332,12015201
GSE230808,GSM7235338,SP21.017,AF,diseased,inflammatory_nfkb,NLRP3,8,2,12015201
GSE230808,GSM7235338,SP21.017,AF,diseased,inflammatory_nfkb,RELA,8,379,12015201
GSE230808,GSM7235338,SP21.017,AF,diseased,inflammatory_nfkb,RELB,8,67,12015201
GSE230808,GSM7235338,SP21.017,AF,diseased,inflammatory_nfkb,STAT3,8,1094,12015201
GSE230808,GSM7235338,SP21.017,AF,diseased,inflammatory_nfkb,TICAM1,8,53,12015201
GSE230808,GSM7235338,SP21.017,AF,diseased,inflammatory_nfkb,TLR2,8,4,12015201
GSE230808,GSM7235338,SP21.017,AF,diseased,inflammatory_nfkb,TLR4,8,156,12015201
GSE230808,GSM7235338,SP21.017,AF,diseased,inflammatory_nfkb,TNF,8,0,12015201
GSE230808,GSM7235338,SP21.017,AF,diseased,inflammatory_nfkb,TNFRSF1A,8,1058,12015201
GSE230808,GSM7235338,SP21.017,AF,diseased,hypoxia_oxidative_stress,BNIP3,8,3540,12015201
GSE230808,GSM7235338,SP21.017,AF,diseased,hypoxia_oxidative_stress,CA9,8,55,12015201
GSE230808,GSM7235338,SP21.017,AF,diseased,hypoxia_oxidative_stress,EGLN1,8,448,12015201
GSE230808,GSM7235338,SP21.017,AF,diseased,hypoxia_oxidative_stress,EPAS1,8,964,12015201
GSE230808,GSM7235338,SP21.017,AF,diseased,hypoxia_oxidative_stress,GCLM,8,1150,12015201
GSE230808,GSM7235338,SP21.017,AF,diseased,hypoxia_oxidative_stress,GPX1,0,0,12015201
GSE230808,GSM7235338,SP21.017,AF,diseased,hypoxia_oxidative_stress,HIF1A,8,3694,12015201
GSE230808,GSM7235338,SP21.017,AF,diseased,hypoxia_oxidative_stress,HMOX1,8,1031,12015201
GSE230808,GSM7235338,SP21.017,AF,diseased,hypoxia_oxidative_stress,LDHA,8,11838,12015201
GSE230808,GSM7235338,SP21.017,AF,diseased,hypoxia_oxidative_stress,NFE2L2,8,1356,12015201
GSE230808,GSM7235338,SP21.017,AF,diseased,hypoxia_oxidative_stress,NQO1,8,1048,12015201
GSE230808,GSM7235338,SP21.017,AF,diseased,hypoxia_oxidative_stress,PDK1,8,550,12015201
GSE230808,GSM7235338,SP21.017,AF,diseased,hypoxia_oxidative_stress,PRDX1,8,6258,12015201
GSE230808,GSM7235338,SP21.017,AF,diseased,hypoxia_oxidative_stress,SLC2A1,8,297,12015201
GSE230808,GSM7235338,SP21.017,AF,diseased,hypoxia_oxidative_stress,SOD1,8,4190,12015201
GSE230808,GSM7235338,SP21.017,AF,diseased,hypoxia_oxidative_stress,SOD2,8,2773,12015201
GSE230808,GSM7235338,SP21.017,AF,diseased,hypoxia_oxidative_stress,TXN,8,5905,12015201
GSE230808,GSM7235338,SP21.017,AF,diseased,hypoxia_oxidative_stress,VEGFA,8,693,12015201
GSE230808,GSM7235338,SP21.017,AF,diseased,disc_matrix_homeostasis,ACAN,8,1230,12015201
GSE230808,GSM7235338,SP21.017,AF,diseased,disc_matrix_homeostasis,B3GAT1,8,0,12015201
GSE230808,GSM7235338,SP21.017,AF,diseased,disc_matrix_homeostasis,BGN,8,1752,12015201
GSE230808,GSM7235338,SP21.017,AF,diseased,disc_matrix_homeostasis,CILP,8,88,12015201
GSE230808,GSM7235338,SP21.017,AF,diseased,disc_matrix_homeostasis,COL2A1,8,2,12015201
GSE230808,GSM7235338,SP21.017,AF,diseased,disc_matrix_homeostasis,COL9A1,8,1,12015201
GSE230808,GSM7235338,SP21.017,AF,diseased,disc_matrix_homeostasis,COL9A2,8,8,12015201
GSE230808,GSM7235338,SP21.017,AF,diseased,disc_matrix_homeostasis,COL9A3,8,2,12015201
GSE230808,GSM7235338,SP21.017,AF,diseased,disc_matrix_homeostasis,COMP,8,124,12015201
GSE230808,GSM7235338,SP21.017,AF,diseased,disc_matrix_homeostasis,FMOD,8,1444,12015201
GSE230808,GSM7235338,SP21.017,AF,diseased,disc_matrix_homeostasis,HAPLN1,8,2587,12015201
GSE230808,GSM7235338,SP21.017,AF,diseased,disc_matrix_homeostasis,HAS2,8,273,12015201
GSE230808,GSM7235338,SP21.017,AF,diseased,disc_matrix_homeostasis,KRT19,8,143,12015201
GSE230808,GSM7235338,SP21.017,AF,diseased,disc_matrix_homeostasis,MATN3,8,18,12015201
GSE230808,GSM7235338,SP21.017,AF,diseased,disc_matrix_homeostasis,SOX9,8,137,12015201
GSE230808,GSM7235339,SP22.002,AF,diseased,ecm_collagen_remodeling,ADAMTS4,9,17,80129456
GSE230808,GSM7235339,SP22.002,AF,diseased,ecm_collagen_remodeling,ADAMTS5,9,2302,80129456
GSE230808,GSM7235339,SP22.002,AF,diseased,ecm_collagen_remodeling,COL1A1,9,34334,80129456
GSE230808,GSM7235339,SP22.002,AF,diseased,ecm_collagen_remodeling,COL1A2,9,84733,80129456
GSE230808,GSM7235339,SP22.002,AF,diseased,ecm_collagen_remodeling,COL3A1,9,22389,80129456
GSE230808,GSM7235339,SP22.002,AF,diseased,ecm_collagen_remodeling,COL5A1,9,2005,80129456
GSE230808,GSM7235339,SP22.002,AF,diseased,ecm_collagen_remodeling,COL5A2,9,10435,80129456
GSE230808,GSM7235339,SP22.002,AF,diseased,ecm_collagen_remodeling,COL6A1,9,35382,80129456
GSE230808,GSM7235339,SP22.002,AF,diseased,ecm_collagen_remodeling,COL6A2,9,43256,80129456
GSE230808,GSM7235339,SP22.002,AF,diseased,ecm_collagen_remodeling,COL6A3,9,30394,80129456
GSE230808,GSM7235339,SP22.002,AF,diseased,ecm_collagen_remodeling,DCN,9,726879,80129456
GSE230808,GSM7235339,SP22.002,AF,diseased,ecm_collagen_remodeling,FN1,9,296829,80129456
GSE230808,GSM7235339,SP22.002,AF,diseased,ecm_collagen_remodeling,LOX,9,43583,80129456
GSE230808,GSM7235339,SP22.002,AF,diseased,ecm_collagen_remodeling,LOXL2,9,1448,80129456
GSE230808,GSM7235339,SP22.002,AF,diseased,ecm_collagen_remodeling,LUM,9,309256,80129456
GSE230808,GSM7235339,SP22.002,AF,diseased,ecm_collagen_remodeling,MMP2,9,15219,80129456
GSE230808,GSM7235339,SP22.002,AF,diseased,ecm_collagen_remodeling,MMP3,9,458,80129456
GSE230808,GSM7235339,SP22.002,AF,diseased,ecm_collagen_remodeling,MMP9,9,0,80129456
GSE230808,GSM7235339,SP22.002,AF,diseased,ecm_collagen_remodeling,MMP13,9,3,80129456
GSE230808,GSM7235339,SP22.002,AF,diseased,ecm_collagen_remodeling,POSTN,9,5177,80129456
GSE230808,GSM7235339,SP22.002,AF,diseased,ecm_collagen_remodeling,SPARC,9,41320,80129456
GSE230808,GSM7235339,SP22.002,AF,diseased,ecm_collagen_remodeling,TIMP1,9,261260,80129456
GSE230808,GSM7235339,SP22.002,AF,diseased,ecm_collagen_remodeling,TIMP2,9,43071,80129456
GSE230808,GSM7235339,SP22.002,AF,diseased,ecm_collagen_remodeling,TNC,9,4794,80129456
GSE230808,GSM7235339,SP22.002,AF,diseased,inflammatory_nfkb,CCL2,9,3356,80129456
GSE230808,GSM7235339,SP22.002,AF,diseased,inflammatory_nfkb,CCL5,9,20,80129456
GSE230808,GSM7235339,SP22.002,AF,diseased,inflammatory_nfkb,CXCL8,9,26,80129456
GSE230808,GSM7235339,SP22.002,AF,diseased,inflammatory_nfkb,FOS,9,5024,80129456
GSE230808,GSM7235339,SP22.002,AF,diseased,inflammatory_nfkb,IKBKB,9,561,80129456
GSE230808,GSM7235339,SP22.002,AF,diseased,inflammatory_nfkb,IKBKG,9,903,80129456
GSE230808,GSM7235339,SP22.002,AF,diseased,inflammatory_nfkb,IL1B,9,3,80129456
GSE230808,GSM7235339,SP22.002,AF,diseased,inflammatory_nfkb,IL6,9,95,80129456
GSE230808,GSM7235339,SP22.002,AF,diseased,inflammatory_nfkb,JUN,9,11965,80129456
GSE230808,GSM7235339,SP22.002,AF,diseased,inflammatory_nfkb,NFKB1,9,1377,80129456
GSE230808,GSM7235339,SP22.002,AF,diseased,inflammatory_nfkb,NFKB2,9,347,80129456
GSE230808,GSM7235339,SP22.002,AF,diseased,inflammatory_nfkb,NFKBIA,9,2775,80129456
GSE230808,GSM7235339,SP22.002,AF,diseased,inflammatory_nfkb,NLRP3,9,6,80129456
GSE230808,GSM7235339,SP22.002,AF,diseased,inflammatory_nfkb,RELA,9,1946,80129456
GSE230808,GSM7235339,SP22.002,AF,diseased,inflammatory_nfkb,RELB,9,547,80129456
GSE230808,GSM7235339,SP22.002,AF,diseased,inflammatory_nfkb,STAT3,9,4685,80129456
GSE230808,GSM7235339,SP22.002,AF,diseased,inflammatory_nfkb,TICAM1,9,381,80129456
GSE230808,GSM7235339,SP22.002,AF,diseased,inflammatory_nfkb,TLR2,9,42,80129456
GSE230808,GSM7235339,SP22.002,AF,diseased,inflammatory_nfkb,TLR4,9,568,80129456
GSE230808,GSM7235339,SP22.002,AF,diseased,inflammatory_nfkb,TNF,9,0,80129456
GSE230808,GSM7235339,SP22.002,AF,diseased,inflammatory_nfkb,TNFRSF1A,9,10022,80129456
GSE230808,GSM7235339,SP22.002,AF,diseased,hypoxia_oxidative_stress,BNIP3,9,43260,80129456
GSE230808,GSM7235339,SP22.002,AF,diseased,hypoxia_oxidative_stress,CA9,9,780,80129456
GSE230808,GSM7235339,SP22.002,AF,diseased,hypoxia_oxidative_stress,EGLN1,9,2772,80129456
GSE230808,GSM7235339,SP22.002,AF,diseased,hypoxia_oxidative_stress,EPAS1,9,5205,80129456
GSE230808,GSM7235339,SP22.002,AF,diseased,hypoxia_oxidative_stress,GCLM,9,5363,80129456
GSE230808,GSM7235339,SP22.002,AF,diseased,hypoxia_oxidative_stress,GPX1,0,0,80129456
GSE230808,GSM7235339,SP22.002,AF,diseased,hypoxia_oxidative_stress,HIF1A,9,18225,80129456
GSE230808,GSM7235339,SP22.002,AF,diseased,hypoxia_oxidative_stress,HMOX1,9,93569,80129456
GSE230808,GSM7235339,SP22.002,AF,diseased,hypoxia_oxidative_stress,LDHA,9,110560,80129456
GSE230808,GSM7235339,SP22.002,AF,diseased,hypoxia_oxidative_stress,NFE2L2,9,9458,80129456
GSE230808,GSM7235339,SP22.002,AF,diseased,hypoxia_oxidative_stress,NQO1,9,10604,80129456
GSE230808,GSM7235339,SP22.002,AF,diseased,hypoxia_oxidative_stress,PDK1,9,1232,80129456
GSE230808,GSM7235339,SP22.002,AF,diseased,hypoxia_oxidative_stress,PRDX1,9,68438,80129456
GSE230808,GSM7235339,SP22.002,AF,diseased,hypoxia_oxidative_stress,SLC2A1,9,3093,80129456
GSE230808,GSM7235339,SP22.002,AF,diseased,hypoxia_oxidative_stress,SOD1,9,49576,80129456
GSE230808,GSM7235339,SP22.002,AF,diseased,hypoxia_oxidative_stress,SOD2,9,45032,80129456
GSE230808,GSM7235339,SP22.002,AF,diseased,hypoxia_oxidative_stress,TXN,9,96041,80129456
GSE230808,GSM7235339,SP22.002,AF,diseased,hypoxia_oxidative_stress,VEGFA,9,2060,80129456
GSE230808,GSM7235339,SP22.002,AF,diseased,disc_matrix_homeostasis,ACAN,9,14301,80129456
GSE230808,GSM7235339,SP22.002,AF,diseased,disc_matrix_homeostasis,B3GAT1,9,0,80129456
GSE230808,GSM7235339,SP22.002,AF,diseased,disc_matrix_homeostasis,BGN,9,8774,80129456
GSE230808,GSM7235339,SP22.002,AF,diseased,disc_matrix_homeostasis,CILP,9,768,80129456
GSE230808,GSM7235339,SP22.002,AF,diseased,disc_matrix_homeostasis,COL2A1,9,6,80129456
GSE230808,GSM7235339,SP22.002,AF,diseased,disc_matrix_homeostasis,COL9A1,9,6,80129456
GSE230808,GSM7235339,SP22.002,AF,diseased,disc_matrix_homeostasis,COL9A2,9,201,80129456
GSE230808,GSM7235339,SP22.002,AF,diseased,disc_matrix_homeostasis,COL9A3,9,44,80129456
GSE230808,GSM7235339,SP22.002,AF,diseased,disc_matrix_homeostasis,COMP,9,579,80129456
GSE230808,GSM7235339,SP22.002,AF,diseased,disc_matrix_homeostasis,FMOD,9,6789,80129456
GSE230808,GSM7235339,SP22.002,AF,diseased,disc_matrix_homeostasis,HAPLN1,9,16690,80129456
GSE230808,GSM7235339,SP22.002,AF,diseased,disc_matrix_homeostasis,HAS2,9,787,80129456
GSE230808,GSM7235339,SP22.002,AF,diseased,disc_matrix_homeostasis,KRT19,9,2130,80129456
GSE230808,GSM7235339,SP22.002,AF,diseased,disc_matrix_homeostasis,MATN3,9,81,80129456
GSE230808,GSM7235339,SP22.002,AF,diseased,disc_matrix_homeostasis,SOX9,9,6129,80129456
GSE230808,GSM7235340,SP22.003,AF,diseased,ecm_collagen_remodeling,ADAMTS4,10,14,90844059
GSE230808,GSM7235340,SP22.003,AF,diseased,ecm_collagen_remodeling,ADAMTS5,10,3030,90844059
GSE230808,GSM7235340,SP22.003,AF,diseased,ecm_collagen_remodeling,COL1A1,10,40489,90844059
GSE230808,GSM7235340,SP22.003,AF,diseased,ecm_collagen_remodeling,COL1A2,10,98444,90844059
GSE230808,GSM7235340,SP22.003,AF,diseased,ecm_collagen_remodeling,COL3A1,10,27943,90844059
GSE230808,GSM7235340,SP22.003,AF,diseased,ecm_collagen_remodeling,COL5A1,10,2449,90844059
GSE230808,GSM7235340,SP22.003,AF,diseased,ecm_collagen_remodeling,COL5A2,10,13215,90844059
GSE230808,GSM7235340,SP22.003,AF,diseased,ecm_collagen_remodeling,COL6A1,10,44718,90844059
GSE230808,GSM7235340,SP22.003,AF,diseased,ecm_collagen_remodeling,COL6A2,10,45882,90844059
GSE230808,GSM7235340,SP22.003,AF,diseased,ecm_collagen_remodeling,COL6A3,10,36560,90844059
GSE230808,GSM7235340,SP22.003,AF,diseased,ecm_collagen_remodeling,DCN,10,726636,90844059
GSE230808,GSM7235340,SP22.003,AF,diseased,ecm_collagen_remodeling,FN1,10,386450,90844059
GSE230808,GSM7235340,SP22.003,AF,diseased,ecm_collagen_remodeling,LOX,10,45375,90844059
GSE230808,GSM7235340,SP22.003,AF,diseased,ecm_collagen_remodeling,LOXL2,10,1629,90844059
GSE230808,GSM7235340,SP22.003,AF,diseased,ecm_collagen_remodeling,LUM,10,276895,90844059
GSE230808,GSM7235340,SP22.003,AF,diseased,ecm_collagen_remodeling,MMP2,10,16402,90844059
GSE230808,GSM7235340,SP22.003,AF,diseased,ecm_collagen_remodeling,MMP3,10,416,90844059
GSE230808,GSM7235340,SP22.003,AF,diseased,ecm_collagen_remodeling,MMP9,10,0,90844059
GSE230808,GSM7235340,SP22.003,AF,diseased,ecm_collagen_remodeling,MMP13,10,0,90844059
GSE230808,GSM7235340,SP22.003,AF,diseased,ecm_collagen_remodeling,POSTN,10,5717,90844059
GSE230808,GSM7235340,SP22.003,AF,diseased,ecm_collagen_remodeling,SPARC,10,48151,90844059
GSE230808,GSM7235340,SP22.003,AF,diseased,ecm_collagen_remodeling,TIMP1,10,250366,90844059
GSE230808,GSM7235340,SP22.003,AF,diseased,ecm_collagen_remodeling,TIMP2,10,51625,90844059
GSE230808,GSM7235340,SP22.003,AF,diseased,ecm_collagen_remodeling,TNC,10,4886,90844059
GSE230808,GSM7235340,SP22.003,AF,diseased,inflammatory_nfkb,CCL2,10,2850,90844059
GSE230808,GSM7235340,SP22.003,AF,diseased,inflammatory_nfkb,CCL5,10,33,90844059
GSE230808,GSM7235340,SP22.003,AF,diseased,inflammatory_nfkb,CXCL8,10,76,90844059
GSE230808,GSM7235340,SP22.003,AF,diseased,inflammatory_nfkb,FOS,10,4869,90844059
GSE230808,GSM7235340,SP22.003,AF,diseased,inflammatory_nfkb,IKBKB,10,690,90844059
GSE230808,GSM7235340,SP22.003,AF,diseased,inflammatory_nfkb,IKBKG,10,1036,90844059
GSE230808,GSM7235340,SP22.003,AF,diseased,inflammatory_nfkb,IL1B,10,1,90844059
GSE230808,GSM7235340,SP22.003,AF,diseased,inflammatory_nfkb,IL6,10,70,90844059
GSE230808,GSM7235340,SP22.003,AF,diseased,inflammatory_nfkb,JUN,10,14889,90844059
GSE230808,GSM7235340,SP22.003,AF,diseased,inflammatory_nfkb,NFKB1,10,1833,90844059
GSE230808,GSM7235340,SP22.003,AF,diseased,inflammatory_nfkb,NFKB2,10,381,90844059
GSE230808,GSM7235340,SP22.003,AF,diseased,inflammatory_nfkb,NFKBIA,10,2803,90844059
GSE230808,GSM7235340,SP22.003,AF,diseased,inflammatory_nfkb,NLRP3,10,4,90844059
GSE230808,GSM7235340,SP22.003,AF,diseased,inflammatory_nfkb,RELA,10,2483,90844059
GSE230808,GSM7235340,SP22.003,AF,diseased,inflammatory_nfkb,RELB,10,618,90844059
GSE230808,GSM7235340,SP22.003,AF,diseased,inflammatory_nfkb,STAT3,10,6825,90844059
GSE230808,GSM7235340,SP22.003,AF,diseased,inflammatory_nfkb,TICAM1,10,490,90844059
GSE230808,GSM7235340,SP22.003,AF,diseased,inflammatory_nfkb,TLR2,10,46,90844059
GSE230808,GSM7235340,SP22.003,AF,diseased,inflammatory_nfkb,TLR4,10,678,90844059
GSE230808,GSM7235340,SP22.003,AF,diseased,inflammatory_nfkb,TNF,10,0,90844059
GSE230808,GSM7235340,SP22.003,AF,diseased,inflammatory_nfkb,TNFRSF1A,10,11380,90844059
GSE230808,GSM7235340,SP22.003,AF,diseased,hypoxia_oxidative_stress,BNIP3,10,45584,90844059
GSE230808,GSM7235340,SP22.003,AF,diseased,hypoxia_oxidative_stress,CA9,10,704,90844059
GSE230808,GSM7235340,SP22.003,AF,diseased,hypoxia_oxidative_stress,EGLN1,10,3585,90844059
GSE230808,GSM7235340,SP22.003,AF,diseased,hypoxia_oxidative_stress,EPAS1,10,7047,90844059
GSE230808,GSM7235340,SP22.003,AF,diseased,hypoxia_oxidative_stress,GCLM,10,6375,90844059
GSE230808,GSM7235340,SP22.003,AF,diseased,hypoxia_oxidative_stress,GPX1,0,0,90844059
GSE230808,GSM7235340,SP22.003,AF,diseased,hypoxia_oxidative_stress,HIF1A,10,22860,90844059
GSE230808,GSM7235340,SP22.003,AF,diseased,hypoxia_oxidative_stress,HMOX1,10,99962,90844059
GSE230808,GSM7235340,SP22.003,AF,diseased,hypoxia_oxidative_stress,LDHA,10,106420,90844059
GSE230808,GSM7235340,SP22.003,AF,diseased,hypoxia_oxidative_stress,NFE2L2,10,11551,90844059
GSE230808,GSM7235340,SP22.003,AF,diseased,hypoxia_oxidative_stress,NQO1,10,11243,90844059
GSE230808,GSM7235340,SP22.003,AF,diseased,hypoxia_oxidative_stress,PDK1,10,1635,90844059
GSE230808,GSM7235340,SP22.003,AF,diseased,hypoxia_oxidative_stress,PRDX1,10,69349,90844059
GSE230808,GSM7235340,SP22.003,AF,diseased,hypoxia_oxidative_stress,SLC2A1,10,3813,90844059
GSE230808,GSM7235340,SP22.003,AF,diseased,hypoxia_oxidative_stress,SOD1,10,52151,90844059
GSE230808,GSM7235340,SP22.003,AF,diseased,hypoxia_oxidative_stress,SOD2,10,58098,90844059
GSE230808,GSM7235340,SP22.003,AF,diseased,hypoxia_oxidative_stress,TXN,10,92077,90844059
GSE230808,GSM7235340,SP22.003,AF,diseased,hypoxia_oxidative_stress,VEGFA,10,2539,90844059
GSE230808,GSM7235340,SP22.003,AF,diseased,disc_matrix_homeostasis,ACAN,10,18305,90844059
GSE230808,GSM7235340,SP22.003,AF,diseased,disc_matrix_homeostasis,B3GAT1,10,0,90844059
GSE230808,GSM7235340,SP22.003,AF,diseased,disc_matrix_homeostasis,BGN,10,9606,90844059
GSE230808,GSM7235340,SP22.003,AF,diseased,disc_matrix_homeostasis,CILP,10,1055,90844059
GSE230808,GSM7235340,SP22.003,AF,diseased,disc_matrix_homeostasis,COL2A1,10,11,90844059
GSE230808,GSM7235340,SP22.003,AF,diseased,disc_matrix_homeostasis,COL9A1,10,5,90844059
GSE230808,GSM7235340,SP22.003,AF,diseased,disc_matrix_homeostasis,COL9A2,10,251,90844059
GSE230808,GSM7235340,SP22.003,AF,diseased,disc_matrix_homeostasis,COL9A3,10,66,90844059
GSE230808,GSM7235340,SP22.003,AF,diseased,disc_matrix_homeostasis,COMP,10,790,90844059
GSE230808,GSM7235340,SP22.003,AF,diseased,disc_matrix_homeostasis,FMOD,10,8834,90844059
GSE230808,GSM7235340,SP22.003,AF,diseased,disc_matrix_homeostasis,HAPLN1,10,19601,90844059
GSE230808,GSM7235340,SP22.003,AF,diseased,disc_matrix_homeostasis,HAS2,10,679,90844059
GSE230808,GSM7235340,SP22.003,AF,diseased,disc_matrix_homeostasis,KRT19,10,2801,90844059
GSE230808,GSM7235340,SP22.003,AF,diseased,disc_matrix_homeostasis,MATN3,10,68,90844059
GSE230808,GSM7235340,SP22.003,AF,diseased,disc_matrix_homeostasis,SOX9,10,8052,90844059
GSE230808,GSM7235341,SP21.007,NP,diseased,ecm_collagen_remodeling,ADAMTS4,11,1,89070698
GSE230808,GSM7235341,SP21.007,NP,diseased,ecm_collagen_remodeling,ADAMTS5,11,2491,89070698
GSE230808,GSM7235341,SP21.007,NP,diseased,ecm_collagen_remodeling,COL1A1,11,61053,89070698
GSE230808,GSM7235341,SP21.007,NP,diseased,ecm_collagen_remodeling,COL1A2,11,95575,89070698
GSE230808,GSM7235341,SP21.007,NP,diseased,ecm_collagen_remodeling,COL3A1,11,22188,89070698
GSE230808,GSM7235341,SP21.007,NP,diseased,ecm_collagen_remodeling,COL5A1,11,8199,89070698
GSE230808,GSM7235341,SP21.007,NP,diseased,ecm_collagen_remodeling,COL5A2,11,20863,89070698
GSE230808,GSM7235341,SP21.007,NP,diseased,ecm_collagen_remodeling,COL6A1,11,36423,89070698
GSE230808,GSM7235341,SP21.007,NP,diseased,ecm_collagen_remodeling,COL6A2,11,28362,89070698
GSE230808,GSM7235341,SP21.007,NP,diseased,ecm_collagen_remodeling,COL6A3,11,46962,89070698
GSE230808,GSM7235341,SP21.007,NP,diseased,ecm_collagen_remodeling,DCN,11,116486,89070698
GSE230808,GSM7235341,SP21.007,NP,diseased,ecm_collagen_remodeling,FN1,11,296356,89070698
GSE230808,GSM7235341,SP21.007,NP,diseased,ecm_collagen_remodeling,LOX,11,23712,89070698
GSE230808,GSM7235341,SP21.007,NP,diseased,ecm_collagen_remodeling,LOXL2,11,1645,89070698
GSE230808,GSM7235341,SP21.007,NP,diseased,ecm_collagen_remodeling,LUM,11,81167,89070698
GSE230808,GSM7235341,SP21.007,NP,diseased,ecm_collagen_remodeling,MMP2,11,29422,89070698
GSE230808,GSM7235341,SP21.007,NP,diseased,ecm_collagen_remodeling,MMP3,11,405,89070698
GSE230808,GSM7235341,SP21.007,NP,diseased,ecm_collagen_remodeling,MMP9,11,0,89070698
GSE230808,GSM7235341,SP21.007,NP,diseased,ecm_collagen_remodeling,MMP13,11,6,89070698
GSE230808,GSM7235341,SP21.007,NP,diseased,ecm_collagen_remodeling,POSTN,11,163323,89070698
GSE230808,GSM7235341,SP21.007,NP,diseased,ecm_collagen_remodeling,SPARC,11,88554,89070698
GSE230808,GSM7235341,SP21.007,NP,diseased,ecm_collagen_remodeling,TIMP1,11,126264,89070698
GSE230808,GSM7235341,SP21.007,NP,diseased,ecm_collagen_remodeling,TIMP2,11,44764,89070698
GSE230808,GSM7235341,SP21.007,NP,diseased,ecm_collagen_remodeling,TNC,11,5716,89070698
GSE230808,GSM7235341,SP21.007,NP,diseased,inflammatory_nfkb,CCL2,11,3901,89070698
GSE230808,GSM7235341,SP21.007,NP,diseased,inflammatory_nfkb,CCL5,11,1,89070698
GSE230808,GSM7235341,SP21.007,NP,diseased,inflammatory_nfkb,CXCL8,11,26,89070698
GSE230808,GSM7235341,SP21.007,NP,diseased,inflammatory_nfkb,FOS,11,10959,89070698
GSE230808,GSM7235341,SP21.007,NP,diseased,inflammatory_nfkb,IKBKB,11,614,89070698
GSE230808,GSM7235341,SP21.007,NP,diseased,inflammatory_nfkb,IKBKG,11,1157,89070698
GSE230808,GSM7235341,SP21.007,NP,diseased,inflammatory_nfkb,IL1B,11,3,89070698
GSE230808,GSM7235341,SP21.007,NP,diseased,inflammatory_nfkb,IL6,11,82,89070698
GSE230808,GSM7235341,SP21.007,NP,diseased,inflammatory_nfkb,JUN,11,13809,89070698
GSE230808,GSM7235341,SP21.007,NP,diseased,inflammatory_nfkb,NFKB1,11,1723,89070698
GSE230808,GSM7235341,SP21.007,NP,diseased,inflammatory_nfkb,NFKB2,11,310,89070698
GSE230808,GSM7235341,SP21.007,NP,diseased,inflammatory_nfkb,NFKBIA,11,3708,89070698
GSE230808,GSM7235341,SP21.007,NP,diseased,inflammatory_nfkb,NLRP3,11,2,89070698
GSE230808,GSM7235341,SP21.007,NP,diseased,inflammatory_nfkb,RELA,11,2090,89070698
GSE230808,GSM7235341,SP21.007,NP,diseased,inflammatory_nfkb,RELB,11,513,89070698
GSE230808,GSM7235341,SP21.007,NP,diseased,inflammatory_nfkb,STAT3,11,4141,89070698
GSE230808,GSM7235341,SP21.007,NP,diseased,inflammatory_nfkb,TICAM1,11,504,89070698
GSE230808,GSM7235341,SP21.007,NP,diseased,inflammatory_nfkb,TLR2,11,15,89070698
GSE230808,GSM7235341,SP21.007,NP,diseased,inflammatory_nfkb,TLR4,11,990,89070698
GSE230808,GSM7235341,SP21.007,NP,diseased,inflammatory_nfkb,TNF,11,0,89070698
GSE230808,GSM7235341,SP21.007,NP,diseased,inflammatory_nfkb,TNFRSF1A,11,7343,89070698
GSE230808,GSM7235341,SP21.007,NP,diseased,hypoxia_oxidative_stress,BNIP3,11,19359,89070698
GSE230808,GSM7235341,SP21.007,NP,diseased,hypoxia_oxidative_stress,CA9,11,21,89070698
GSE230808,GSM7235341,SP21.007,NP,diseased,hypoxia_oxidative_stress,EGLN1,11,1946,89070698
GSE230808,GSM7235341,SP21.007,NP,diseased,hypoxia_oxidative_stress,EPAS1,11,5445,89070698
GSE230808,GSM7235341,SP21.007,NP,diseased,hypoxia_oxidative_stress,GCLM,11,7168,89070698
GSE230808,GSM7235341,SP21.007,NP,diseased,hypoxia_oxidative_stress,GPX1,0,0,89070698
GSE230808,GSM7235341,SP21.007,NP,diseased,hypoxia_oxidative_stress,HIF1A,11,26449,89070698
GSE230808,GSM7235341,SP21.007,NP,diseased,hypoxia_oxidative_stress,HMOX1,11,72263,89070698
GSE230808,GSM7235341,SP21.007,NP,diseased,hypoxia_oxidative_stress,LDHA,11,51399,89070698
GSE230808,GSM7235341,SP21.007,NP,diseased,hypoxia_oxidative_stress,NFE2L2,11,8492,89070698
GSE230808,GSM7235341,SP21.007,NP,diseased,hypoxia_oxidative_stress,NQO1,11,26301,89070698
GSE230808,GSM7235341,SP21.007,NP,diseased,hypoxia_oxidative_stress,PDK1,11,677,89070698
GSE230808,GSM7235341,SP21.007,NP,diseased,hypoxia_oxidative_stress,PRDX1,11,105011,89070698
GSE230808,GSM7235341,SP21.007,NP,diseased,hypoxia_oxidative_stress,SLC2A1,11,2422,89070698
GSE230808,GSM7235341,SP21.007,NP,diseased,hypoxia_oxidative_stress,SOD1,11,45863,89070698
GSE230808,GSM7235341,SP21.007,NP,diseased,hypoxia_oxidative_stress,SOD2,11,12235,89070698
GSE230808,GSM7235341,SP21.007,NP,diseased,hypoxia_oxidative_stress,TXN,11,175129,89070698
GSE230808,GSM7235341,SP21.007,NP,diseased,hypoxia_oxidative_stress,VEGFA,11,1721,89070698
GSE230808,GSM7235341,SP21.007,NP,diseased,disc_matrix_homeostasis,ACAN,11,14368,89070698
GSE230808,GSM7235341,SP21.007,NP,diseased,disc_matrix_homeostasis,B3GAT1,11,0,89070698
GSE230808,GSM7235341,SP21.007,NP,diseased,disc_matrix_homeostasis,BGN,11,24024,89070698
GSE230808,GSM7235341,SP21.007,NP,diseased,disc_matrix_homeostasis,CILP,11,34,89070698
GSE230808,GSM7235341,SP21.007,NP,diseased,disc_matrix_homeostasis,COL2A1,11,158,89070698
GSE230808,GSM7235341,SP21.007,NP,diseased,disc_matrix_homeostasis,COL9A1,11,21,89070698
GSE230808,GSM7235341,SP21.007,NP,diseased,disc_matrix_homeostasis,COL9A2,11,113,89070698
GSE230808,GSM7235341,SP21.007,NP,diseased,disc_matrix_homeostasis,COL9A3,11,72,89070698
GSE230808,GSM7235341,SP21.007,NP,diseased,disc_matrix_homeostasis,COMP,11,2722,89070698
GSE230808,GSM7235341,SP21.007,NP,diseased,disc_matrix_homeostasis,FMOD,11,2078,89070698
GSE230808,GSM7235341,SP21.007,NP,diseased,disc_matrix_homeostasis,HAPLN1,11,5407,89070698
GSE230808,GSM7235341,SP21.007,NP,diseased,disc_matrix_homeostasis,HAS2,11,973,89070698
GSE230808,GSM7235341,SP21.007,NP,diseased,disc_matrix_homeostasis,KRT19,11,468,89070698
GSE230808,GSM7235341,SP21.007,NP,diseased,disc_matrix_homeostasis,MATN3,11,52,89070698
GSE230808,GSM7235341,SP21.007,NP,diseased,disc_matrix_homeostasis,SOX9,11,6110,89070698
GSE230808,GSM7235342,SP21.011,NP,diseased,ecm_collagen_remodeling,ADAMTS4,12,1,102726401
GSE230808,GSM7235342,SP21.011,NP,diseased,ecm_collagen_remodeling,ADAMTS5,12,3589,102726401
GSE230808,GSM7235342,SP21.011,NP,diseased,ecm_collagen_remodeling,COL1A1,12,21819,102726401
GSE230808,GSM7235342,SP21.011,NP,diseased,ecm_collagen_remodeling,COL1A2,12,93265,102726401
GSE230808,GSM7235342,SP21.011,NP,diseased,ecm_collagen_remodeling,COL3A1,12,36876,102726401
GSE230808,GSM7235342,SP21.011,NP,diseased,ecm_collagen_remodeling,COL5A1,12,2073,102726401
GSE230808,GSM7235342,SP21.011,NP,diseased,ecm_collagen_remodeling,COL5A2,12,12743,102726401
GSE230808,GSM7235342,SP21.011,NP,diseased,ecm_collagen_remodeling,COL6A1,12,64657,102726401
GSE230808,GSM7235342,SP21.011,NP,diseased,ecm_collagen_remodeling,COL6A2,12,43610,102726401
GSE230808,GSM7235342,SP21.011,NP,diseased,ecm_collagen_remodeling,COL6A3,12,31043,102726401
GSE230808,GSM7235342,SP21.011,NP,diseased,ecm_collagen_remodeling,DCN,12,158035,102726401
GSE230808,GSM7235342,SP21.011,NP,diseased,ecm_collagen_remodeling,FN1,12,210415,102726401
GSE230808,GSM7235342,SP21.011,NP,diseased,ecm_collagen_remodeling,LOX,12,28877,102726401
GSE230808,GSM7235342,SP21.011,NP,diseased,ecm_collagen_remodeling,LOXL2,12,5465,102726401
GSE230808,GSM7235342,SP21.011,NP,diseased,ecm_collagen_remodeling,LUM,12,143714,102726401
GSE230808,GSM7235342,SP21.011,NP,diseased,ecm_collagen_remodeling,MMP2,12,17699,102726401
GSE230808,GSM7235342,SP21.011,NP,diseased,ecm_collagen_remodeling,MMP3,12,498,102726401
GSE230808,GSM7235342,SP21.011,NP,diseased,ecm_collagen_remodeling,MMP9,12,0,102726401
GSE230808,GSM7235342,SP21.011,NP,diseased,ecm_collagen_remodeling,MMP13,12,27,102726401
GSE230808,GSM7235342,SP21.011,NP,diseased,ecm_collagen_remodeling,POSTN,12,17718,102726401
GSE230808,GSM7235342,SP21.011,NP,diseased,ecm_collagen_remodeling,SPARC,12,78437,102726401
GSE230808,GSM7235342,SP21.011,NP,diseased,ecm_collagen_remodeling,TIMP1,12,266637,102726401
GSE230808,GSM7235342,SP21.011,NP,diseased,ecm_collagen_remodeling,TIMP2,12,49767,102726401
GSE230808,GSM7235342,SP21.011,NP,diseased,ecm_collagen_remodeling,TNC,12,1906,102726401
GSE230808,GSM7235342,SP21.011,NP,diseased,inflammatory_nfkb,CCL2,12,12524,102726401
GSE230808,GSM7235342,SP21.011,NP,diseased,inflammatory_nfkb,CCL5,12,35,102726401
GSE230808,GSM7235342,SP21.011,NP,diseased,inflammatory_nfkb,CXCL8,12,242,102726401
GSE230808,GSM7235342,SP21.011,NP,diseased,inflammatory_nfkb,FOS,12,3694,102726401
GSE230808,GSM7235342,SP21.011,NP,diseased,inflammatory_nfkb,IKBKB,12,645,102726401
GSE230808,GSM7235342,SP21.011,NP,diseased,inflammatory_nfkb,IKBKG,12,1124,102726401
GSE230808,GSM7235342,SP21.011,NP,diseased,inflammatory_nfkb,IL1B,12,15,102726401
GSE230808,GSM7235342,SP21.011,NP,diseased,inflammatory_nfkb,IL6,12,102,102726401
GSE230808,GSM7235342,SP21.011,NP,diseased,inflammatory_nfkb,JUN,12,15784,102726401
GSE230808,GSM7235342,SP21.011,NP,diseased,inflammatory_nfkb,NFKB1,12,1310,102726401
GSE230808,GSM7235342,SP21.011,NP,diseased,inflammatory_nfkb,NFKB2,12,349,102726401
GSE230808,GSM7235342,SP21.011,NP,diseased,inflammatory_nfkb,NFKBIA,12,7213,102726401
GSE230808,GSM7235342,SP21.011,NP,diseased,inflammatory_nfkb,NLRP3,12,6,102726401
GSE230808,GSM7235342,SP21.011,NP,diseased,inflammatory_nfkb,RELA,12,1836,102726401
GSE230808,GSM7235342,SP21.011,NP,diseased,inflammatory_nfkb,RELB,12,677,102726401
GSE230808,GSM7235342,SP21.011,NP,diseased,inflammatory_nfkb,STAT3,12,3213,102726401
GSE230808,GSM7235342,SP21.011,NP,diseased,inflammatory_nfkb,TICAM1,12,541,102726401
GSE230808,GSM7235342,SP21.011,NP,diseased,inflammatory_nfkb,TLR2,12,24,102726401
GSE230808,GSM7235342,SP21.011,NP,diseased,inflammatory_nfkb,TLR4,12,863,102726401
GSE230808,GSM7235342,SP21.011,NP,diseased,inflammatory_nfkb,TNF,12,1,102726401
GSE230808,GSM7235342,SP21.011,NP,diseased,inflammatory_nfkb,TNFRSF1A,12,8433,102726401
GSE230808,GSM7235342,SP21.011,NP,diseased,hypoxia_oxidative_stress,BNIP3,12,42786,102726401
GSE230808,GSM7235342,SP21.011,NP,diseased,hypoxia_oxidative_stress,CA9,12,877,102726401
GSE230808,GSM7235342,SP21.011,NP,diseased,hypoxia_oxidative_stress,EGLN1,12,2936,102726401
GSE230808,GSM7235342,SP21.011,NP,diseased,hypoxia_oxidative_stress,EPAS1,12,9382,102726401
GSE230808,GSM7235342,SP21.011,NP,diseased,hypoxia_oxidative_stress,GCLM,12,6372,102726401
GSE230808,GSM7235342,SP21.011,NP,diseased,hypoxia_oxidative_stress,GPX1,0,0,102726401
GSE230808,GSM7235342,SP21.011,NP,diseased,hypoxia_oxidative_stress,HIF1A,12,35847,102726401
GSE230808,GSM7235342,SP21.011,NP,diseased,hypoxia_oxidative_stress,HMOX1,12,54080,102726401
GSE230808,GSM7235342,SP21.011,NP,diseased,hypoxia_oxidative_stress,LDHA,12,98793,102726401
GSE230808,GSM7235342,SP21.011,NP,diseased,hypoxia_oxidative_stress,NFE2L2,12,9772,102726401
GSE230808,GSM7235342,SP21.011,NP,diseased,hypoxia_oxidative_stress,NQO1,12,25155,102726401
GSE230808,GSM7235342,SP21.011,NP,diseased,hypoxia_oxidative_stress,PDK1,12,834,102726401
GSE230808,GSM7235342,SP21.011,NP,diseased,hypoxia_oxidative_stress,PRDX1,12,109584,102726401
GSE230808,GSM7235342,SP21.011,NP,diseased,hypoxia_oxidative_stress,SLC2A1,12,4441,102726401
GSE230808,GSM7235342,SP21.011,NP,diseased,hypoxia_oxidative_stress,SOD1,12,64858,102726401
GSE230808,GSM7235342,SP21.011,NP,diseased,hypoxia_oxidative_stress,SOD2,12,36460,102726401
GSE230808,GSM7235342,SP21.011,NP,diseased,hypoxia_oxidative_stress,TXN,12,179478,102726401
GSE230808,GSM7235342,SP21.011,NP,diseased,hypoxia_oxidative_stress,VEGFA,12,2536,102726401
GSE230808,GSM7235342,SP21.011,NP,diseased,disc_matrix_homeostasis,ACAN,12,3826,102726401
GSE230808,GSM7235342,SP21.011,NP,diseased,disc_matrix_homeostasis,B3GAT1,12,0,102726401
GSE230808,GSM7235342,SP21.011,NP,diseased,disc_matrix_homeostasis,BGN,12,4287,102726401
GSE230808,GSM7235342,SP21.011,NP,diseased,disc_matrix_homeostasis,CILP,12,248,102726401
GSE230808,GSM7235342,SP21.011,NP,diseased,disc_matrix_homeostasis,COL2A1,12,408,102726401
GSE230808,GSM7235342,SP21.011,NP,diseased,disc_matrix_homeostasis,COL9A1,12,0,102726401
GSE230808,GSM7235342,SP21.011,NP,diseased,disc_matrix_homeostasis,COL9A2,12,79,102726401
GSE230808,GSM7235342,SP21.011,NP,diseased,disc_matrix_homeostasis,COL9A3,12,39,102726401
GSE230808,GSM7235342,SP21.011,NP,diseased,disc_matrix_homeostasis,COMP,12,315,102726401
GSE230808,GSM7235342,SP21.011,NP,diseased,disc_matrix_homeostasis,FMOD,12,1894,102726401
GSE230808,GSM7235342,SP21.011,NP,diseased,disc_matrix_homeostasis,HAPLN1,12,1756,102726401
GSE230808,GSM7235342,SP21.011,NP,diseased,disc_matrix_homeostasis,HAS2,12,577,102726401
GSE230808,GSM7235342,SP21.011,NP,diseased,disc_matrix_homeostasis,KRT19,12,683,102726401
GSE230808,GSM7235342,SP21.011,NP,diseased,disc_matrix_homeostasis,MATN3,12,36,102726401
GSE230808,GSM7235342,SP21.011,NP,diseased,disc_matrix_homeostasis,SOX9,12,4049,102726401
GSE230808,GSM7235343,SP21.013,NP,diseased,ecm_collagen_remodeling,ADAMTS4,13,0,61708790
GSE230808,GSM7235343,SP21.013,NP,diseased,ecm_collagen_remodeling,ADAMTS5,13,2744,61708790
GSE230808,GSM7235343,SP21.013,NP,diseased,ecm_collagen_remodeling,COL1A1,13,85184,61708790
GSE230808,GSM7235343,SP21.013,NP,diseased,ecm_collagen_remodeling,COL1A2,13,113674,61708790
GSE230808,GSM7235343,SP21.013,NP,diseased,ecm_collagen_remodeling,COL3A1,13,22360,61708790
GSE230808,GSM7235343,SP21.013,NP,diseased,ecm_collagen_remodeling,COL5A1,13,5181,61708790
GSE230808,GSM7235343,SP21.013,NP,diseased,ecm_collagen_remodeling,COL5A2,13,16879,61708790
GSE230808,GSM7235343,SP21.013,NP,diseased,ecm_collagen_remodeling,COL6A1,13,70009,61708790
GSE230808,GSM7235343,SP21.013,NP,diseased,ecm_collagen_remodeling,COL6A2,13,43761,61708790
GSE230808,GSM7235343,SP21.013,NP,diseased,ecm_collagen_remodeling,COL6A3,13,43606,61708790
GSE230808,GSM7235343,SP21.013,NP,diseased,ecm_collagen_remodeling,DCN,13,144238,61708790
GSE230808,GSM7235343,SP21.013,NP,diseased,ecm_collagen_remodeling,FN1,13,196522,61708790
GSE230808,GSM7235343,SP21.013,NP,diseased,ecm_collagen_remodeling,LOX,13,13564,61708790
GSE230808,GSM7235343,SP21.013,NP,diseased,ecm_collagen_remodeling,LOXL2,13,3109,61708790
GSE230808,GSM7235343,SP21.013,NP,diseased,ecm_collagen_remodeling,LUM,13,74602,61708790
GSE230808,GSM7235343,SP21.013,NP,diseased,ecm_collagen_remodeling,MMP2,13,10916,61708790
GSE230808,GSM7235343,SP21.013,NP,diseased,ecm_collagen_remodeling,MMP3,13,794,61708790
GSE230808,GSM7235343,SP21.013,NP,diseased,ecm_collagen_remodeling,MMP9,13,0,61708790
GSE230808,GSM7235343,SP21.013,NP,diseased,ecm_collagen_remodeling,MMP13,13,3,61708790
GSE230808,GSM7235343,SP21.013,NP,diseased,ecm_collagen_remodeling,POSTN,13,75642,61708790
GSE230808,GSM7235343,SP21.013,NP,diseased,ecm_collagen_remodeling,SPARC,13,55461,61708790
GSE230808,GSM7235343,SP21.013,NP,diseased,ecm_collagen_remodeling,TIMP1,13,87190,61708790
GSE230808,GSM7235343,SP21.013,NP,diseased,ecm_collagen_remodeling,TIMP2,13,20845,61708790
GSE230808,GSM7235343,SP21.013,NP,diseased,ecm_collagen_remodeling,TNC,13,6158,61708790
GSE230808,GSM7235343,SP21.013,NP,diseased,inflammatory_nfkb,CCL2,13,2211,61708790
GSE230808,GSM7235343,SP21.013,NP,diseased,inflammatory_nfkb,CCL5,13,3,61708790
GSE230808,GSM7235343,SP21.013,NP,diseased,inflammatory_nfkb,CXCL8,13,86,61708790
GSE230808,GSM7235343,SP21.013,NP,diseased,inflammatory_nfkb,FOS,13,977,61708790
GSE230808,GSM7235343,SP21.013,NP,diseased,inflammatory_nfkb,IKBKB,13,573,61708790
GSE230808,GSM7235343,SP21.013,NP,diseased,inflammatory_nfkb,IKBKG,13,914,61708790
GSE230808,GSM7235343,SP21.013,NP,diseased,inflammatory_nfkb,IL1B,13,13,61708790
GSE230808,GSM7235343,SP21.013,NP,diseased,inflammatory_nfkb,IL6,13,62,61708790
GSE230808,GSM7235343,SP21.013,NP,diseased,inflammatory_nfkb,JUN,13,12609,61708790
GSE230808,GSM7235343,SP21.013,NP,diseased,inflammatory_nfkb,NFKB1,13,1466,61708790
GSE230808,GSM7235343,SP21.013,NP,diseased,inflammatory_nfkb,NFKB2,13,270,61708790
GSE230808,GSM7235343,SP21.013,NP,diseased,inflammatory_nfkb,NFKBIA,13,3098,61708790
GSE230808,GSM7235343,SP21.013,NP,diseased,inflammatory_nfkb,NLRP3,13,0,61708790
GSE230808,GSM7235343,SP21.013,NP,diseased,inflammatory_nfkb,RELA,13,1578,61708790
GSE230808,GSM7235343,SP21.013,NP,diseased,inflammatory_nfkb,RELB,13,398,61708790
GSE230808,GSM7235343,SP21.013,NP,diseased,inflammatory_nfkb,STAT3,13,3081,61708790
GSE230808,GSM7235343,SP21.013,NP,diseased,inflammatory_nfkb,TICAM1,13,406,61708790
GSE230808,GSM7235343,SP21.013,NP,diseased,inflammatory_nfkb,TLR2,13,19,61708790
GSE230808,GSM7235343,SP21.013,NP,diseased,inflammatory_nfkb,TLR4,13,476,61708790
GSE230808,GSM7235343,SP21.013,NP,diseased,inflammatory_nfkb,TNF,13,0,61708790
GSE230808,GSM7235343,SP21.013,NP,diseased,inflammatory_nfkb,TNFRSF1A,13,5449,61708790
GSE230808,GSM7235343,SP21.013,NP,diseased,hypoxia_oxidative_stress,BNIP3,13,16806,61708790
GSE230808,GSM7235343,SP21.013,NP,diseased,hypoxia_oxidative_stress,CA9,13,109,61708790
GSE230808,GSM7235343,SP21.013,NP,diseased,hypoxia_oxidative_stress,EGLN1,13,1705,61708790
GSE230808,GSM7235343,SP21.013,NP,diseased,hypoxia_oxidative_stress,EPAS1,13,3935,61708790
GSE230808,GSM7235343,SP21.013,NP,diseased,hypoxia_oxidative_stress,GCLM,13,5642,61708790
GSE230808,GSM7235343,SP21.013,NP,diseased,hypoxia_oxidative_stress,GPX1,0,0,61708790
GSE230808,GSM7235343,SP21.013,NP,diseased,hypoxia_oxidative_stress,HIF1A,13,20551,61708790
GSE230808,GSM7235343,SP21.013,NP,diseased,hypoxia_oxidative_stress,HMOX1,13,24427,61708790
GSE230808,GSM7235343,SP21.013,NP,diseased,hypoxia_oxidative_stress,LDHA,13,75631,61708790
GSE230808,GSM7235343,SP21.013,NP,diseased,hypoxia_oxidative_stress,NFE2L2,13,5616,61708790
GSE230808,GSM7235343,SP21.013,NP,diseased,hypoxia_oxidative_stress,NQO1,13,19917,61708790
GSE230808,GSM7235343,SP21.013,NP,diseased,hypoxia_oxidative_stress,PDK1,13,525,61708790
GSE230808,GSM7235343,SP21.013,NP,diseased,hypoxia_oxidative_stress,PRDX1,13,80777,61708790
GSE230808,GSM7235343,SP21.013,NP,diseased,hypoxia_oxidative_stress,SLC2A1,13,1541,61708790
GSE230808,GSM7235343,SP21.013,NP,diseased,hypoxia_oxidative_stress,SOD1,13,32376,61708790
GSE230808,GSM7235343,SP21.013,NP,diseased,hypoxia_oxidative_stress,SOD2,13,12363,61708790
GSE230808,GSM7235343,SP21.013,NP,diseased,hypoxia_oxidative_stress,TXN,13,123675,61708790
GSE230808,GSM7235343,SP21.013,NP,diseased,hypoxia_oxidative_stress,VEGFA,13,1342,61708790
GSE230808,GSM7235343,SP21.013,NP,diseased,disc_matrix_homeostasis,ACAN,13,6209,61708790
GSE230808,GSM7235343,SP21.013,NP,diseased,disc_matrix_homeostasis,B3GAT1,13,0,61708790
GSE230808,GSM7235343,SP21.013,NP,diseased,disc_matrix_homeostasis,BGN,13,11027,61708790
GSE230808,GSM7235343,SP21.013,NP,diseased,disc_matrix_homeostasis,CILP,13,120,61708790
GSE230808,GSM7235343,SP21.013,NP,diseased,disc_matrix_homeostasis,COL2A1,13,17,61708790
GSE230808,GSM7235343,SP21.013,NP,diseased,disc_matrix_homeostasis,COL9A1,13,5,61708790
GSE230808,GSM7235343,SP21.013,NP,diseased,disc_matrix_homeostasis,COL9A2,13,30,61708790
GSE230808,GSM7235343,SP21.013,NP,diseased,disc_matrix_homeostasis,COL9A3,13,37,61708790
GSE230808,GSM7235343,SP21.013,NP,diseased,disc_matrix_homeostasis,COMP,13,713,61708790
GSE230808,GSM7235343,SP21.013,NP,diseased,disc_matrix_homeostasis,FMOD,13,248,61708790
GSE230808,GSM7235343,SP21.013,NP,diseased,disc_matrix_homeostasis,HAPLN1,13,8993,61708790
GSE230808,GSM7235343,SP21.013,NP,diseased,disc_matrix_homeostasis,HAS2,13,10675,61708790
GSE230808,GSM7235343,SP21.013,NP,diseased,disc_matrix_homeostasis,KRT19,13,186,61708790
GSE230808,GSM7235343,SP21.013,NP,diseased,disc_matrix_homeostasis,MATN3,13,87,61708790
GSE230808,GSM7235343,SP21.013,NP,diseased,disc_matrix_homeostasis,SOX9,13,2860,61708790
GSE230808,GSM7235344,SP21.014,NP,diseased,ecm_collagen_remodeling,ADAMTS4,14,1,74292100
GSE230808,GSM7235344,SP21.014,NP,diseased,ecm_collagen_remodeling,ADAMTS5,14,2463,74292100
GSE230808,GSM7235344,SP21.014,NP,diseased,ecm_collagen_remodeling,COL1A1,14,32088,74292100
GSE230808,GSM7235344,SP21.014,NP,diseased,ecm_collagen_remodeling,COL1A2,14,142784,74292100
GSE230808,GSM7235344,SP21.014,NP,diseased,ecm_collagen_remodeling,COL3A1,14,44817,74292100
GSE230808,GSM7235344,SP21.014,NP,diseased,ecm_collagen_remodeling,COL5A1,14,2626,74292100
GSE230808,GSM7235344,SP21.014,NP,diseased,ecm_collagen_remodeling,COL5A2,14,15177,74292100
GSE230808,GSM7235344,SP21.014,NP,diseased,ecm_collagen_remodeling,COL6A1,14,106371,74292100
GSE230808,GSM7235344,SP21.014,NP,diseased,ecm_collagen_remodeling,COL6A2,14,64657,74292100
GSE230808,GSM7235344,SP21.014,NP,diseased,ecm_collagen_remodeling,COL6A3,14,48047,74292100
GSE230808,GSM7235344,SP21.014,NP,diseased,ecm_collagen_remodeling,DCN,14,352125,74292100
GSE230808,GSM7235344,SP21.014,NP,diseased,ecm_collagen_remodeling,FN1,14,108097,74292100
GSE230808,GSM7235344,SP21.014,NP,diseased,ecm_collagen_remodeling,LOX,14,29289,74292100
GSE230808,GSM7235344,SP21.014,NP,diseased,ecm_collagen_remodeling,LOXL2,14,9835,74292100
GSE230808,GSM7235344,SP21.014,NP,diseased,ecm_collagen_remodeling,LUM,14,150511,74292100
GSE230808,GSM7235344,SP21.014,NP,diseased,ecm_collagen_remodeling,MMP2,14,16549,74292100
GSE230808,GSM7235344,SP21.014,NP,diseased,ecm_collagen_remodeling,MMP3,14,479,74292100
GSE230808,GSM7235344,SP21.014,NP,diseased,ecm_collagen_remodeling,MMP9,14,0,74292100
GSE230808,GSM7235344,SP21.014,NP,diseased,ecm_collagen_remodeling,MMP13,14,0,74292100
GSE230808,GSM7235344,SP21.014,NP,diseased,ecm_collagen_remodeling,POSTN,14,4761,74292100
GSE230808,GSM7235344,SP21.014,NP,diseased,ecm_collagen_remodeling,SPARC,14,66929,74292100
GSE230808,GSM7235344,SP21.014,NP,diseased,ecm_collagen_remodeling,TIMP1,14,328987,74292100
GSE230808,GSM7235344,SP21.014,NP,diseased,ecm_collagen_remodeling,TIMP2,14,44677,74292100
GSE230808,GSM7235344,SP21.014,NP,diseased,ecm_collagen_remodeling,TNC,14,3427,74292100
GSE230808,GSM7235344,SP21.014,NP,diseased,inflammatory_nfkb,CCL2,14,13031,74292100
GSE230808,GSM7235344,SP21.014,NP,diseased,inflammatory_nfkb,CCL5,14,4,74292100
GSE230808,GSM7235344,SP21.014,NP,diseased,inflammatory_nfkb,CXCL8,14,73,74292100
GSE230808,GSM7235344,SP21.014,NP,diseased,inflammatory_nfkb,FOS,14,555,74292100
GSE230808,GSM7235344,SP21.014,NP,diseased,inflammatory_nfkb,IKBKB,14,664,74292100
GSE230808,GSM7235344,SP21.014,NP,diseased,inflammatory_nfkb,IKBKG,14,926,74292100
GSE230808,GSM7235344,SP21.014,NP,diseased,inflammatory_nfkb,IL1B,14,9,74292100
GSE230808,GSM7235344,SP21.014,NP,diseased,inflammatory_nfkb,IL6,14,44,74292100
GSE230808,GSM7235344,SP21.014,NP,diseased,inflammatory_nfkb,JUN,14,14092,74292100
GSE230808,GSM7235344,SP21.014,NP,diseased,inflammatory_nfkb,NFKB1,14,1319,74292100
GSE230808,GSM7235344,SP21.014,NP,diseased,inflammatory_nfkb,NFKB2,14,270,74292100
GSE230808,GSM7235344,SP21.014,NP,diseased,inflammatory_nfkb,NFKBIA,14,3874,74292100
GSE230808,GSM7235344,SP21.014,NP,diseased,inflammatory_nfkb,NLRP3,14,1,74292100
GSE230808,GSM7235344,SP21.014,NP,diseased,inflammatory_nfkb,RELA,14,1964,74292100
GSE230808,GSM7235344,SP21.014,NP,diseased,inflammatory_nfkb,RELB,14,268,74292100
GSE230808,GSM7235344,SP21.014,NP,diseased,inflammatory_nfkb,STAT3,14,3862,74292100
GSE230808,GSM7235344,SP21.014,NP,diseased,inflammatory_nfkb,TICAM1,14,449,74292100
GSE230808,GSM7235344,SP21.014,NP,diseased,inflammatory_nfkb,TLR2,14,3,74292100
GSE230808,GSM7235344,SP21.014,NP,diseased,inflammatory_nfkb,TLR4,14,359,74292100
GSE230808,GSM7235344,SP21.014,NP,diseased,inflammatory_nfkb,TNF,14,0,74292100
GSE230808,GSM7235344,SP21.014,NP,diseased,inflammatory_nfkb,TNFRSF1A,14,10819,74292100
GSE230808,GSM7235344,SP21.014,NP,diseased,hypoxia_oxidative_stress,BNIP3,14,43288,74292100
GSE230808,GSM7235344,SP21.014,NP,diseased,hypoxia_oxidative_stress,CA9,14,2393,74292100
GSE230808,GSM7235344,SP21.014,NP,diseased,hypoxia_oxidative_stress,EGLN1,14,3524,74292100
GSE230808,GSM7235344,SP21.014,NP,diseased,hypoxia_oxidative_stress,EPAS1,14,8775,74292100
GSE230808,GSM7235344,SP21.014,NP,diseased,hypoxia_oxidative_stress,GCLM,14,4795,74292100
GSE230808,GSM7235344,SP21.014,NP,diseased,hypoxia_oxidative_stress,GPX1,0,0,74292100
GSE230808,GSM7235344,SP21.014,NP,diseased,hypoxia_oxidative_stress,HIF1A,14,16446,74292100
GSE230808,GSM7235344,SP21.014,NP,diseased,hypoxia_oxidative_stress,HMOX1,14,27209,74292100
GSE230808,GSM7235344,SP21.014,NP,diseased,hypoxia_oxidative_stress,LDHA,14,122656,74292100
GSE230808,GSM7235344,SP21.014,NP,diseased,hypoxia_oxidative_stress,NFE2L2,14,8614,74292100
GSE230808,GSM7235344,SP21.014,NP,diseased,hypoxia_oxidative_stress,NQO1,14,11796,74292100
GSE230808,GSM7235344,SP21.014,NP,diseased,hypoxia_oxidative_stress,PDK1,14,813,74292100
GSE230808,GSM7235344,SP21.014,NP,diseased,hypoxia_oxidative_stress,PRDX1,14,70152,74292100
GSE230808,GSM7235344,SP21.014,NP,diseased,hypoxia_oxidative_stress,SLC2A1,14,2931,74292100
GSE230808,GSM7235344,SP21.014,NP,diseased,hypoxia_oxidative_stress,SOD1,14,43736,74292100
GSE230808,GSM7235344,SP21.014,NP,diseased,hypoxia_oxidative_stress,SOD2,14,19213,74292100
GSE230808,GSM7235344,SP21.014,NP,diseased,hypoxia_oxidative_stress,TXN,14,49720,74292100
GSE230808,GSM7235344,SP21.014,NP,diseased,hypoxia_oxidative_stress,VEGFA,14,2064,74292100
GSE230808,GSM7235344,SP21.014,NP,diseased,disc_matrix_homeostasis,ACAN,14,1258,74292100
GSE230808,GSM7235344,SP21.014,NP,diseased,disc_matrix_homeostasis,B3GAT1,14,0,74292100
GSE230808,GSM7235344,SP21.014,NP,diseased,disc_matrix_homeostasis,BGN,14,4490,74292100
GSE230808,GSM7235344,SP21.014,NP,diseased,disc_matrix_homeostasis,CILP,14,124,74292100
GSE230808,GSM7235344,SP21.014,NP,diseased,disc_matrix_homeostasis,COL2A1,14,2,74292100
GSE230808,GSM7235344,SP21.014,NP,diseased,disc_matrix_homeostasis,COL9A1,14,1,74292100
GSE230808,GSM7235344,SP21.014,NP,diseased,disc_matrix_homeostasis,COL9A2,14,22,74292100
GSE230808,GSM7235344,SP21.014,NP,diseased,disc_matrix_homeostasis,COL9A3,14,0,74292100
GSE230808,GSM7235344,SP21.014,NP,diseased,disc_matrix_homeostasis,COMP,14,49,74292100
GSE230808,GSM7235344,SP21.014,NP,diseased,disc_matrix_homeostasis,FMOD,14,946,74292100
GSE230808,GSM7235344,SP21.014,NP,diseased,disc_matrix_homeostasis,HAPLN1,14,898,74292100
GSE230808,GSM7235344,SP21.014,NP,diseased,disc_matrix_homeostasis,HAS2,14,2183,74292100
GSE230808,GSM7235344,SP21.014,NP,diseased,disc_matrix_homeostasis,KRT19,14,851,74292100
GSE230808,GSM7235344,SP21.014,NP,diseased,disc_matrix_homeostasis,MATN3,14,80,74292100
GSE230808,GSM7235344,SP21.014,NP,diseased,disc_matrix_homeostasis,SOX9,14,2715,74292100
GSE230808,GSM7235345,SP21.016,NP,diseased,ecm_collagen_remodeling,ADAMTS4,15,2,48267263
GSE230808,GSM7235345,SP21.016,NP,diseased,ecm_collagen_remodeling,ADAMTS5,15,3240,48267263
GSE230808,GSM7235345,SP21.016,NP,diseased,ecm_collagen_remodeling,COL1A1,15,25044,48267263
GSE230808,GSM7235345,SP21.016,NP,diseased,ecm_collagen_remodeling,COL1A2,15,66651,48267263
GSE230808,GSM7235345,SP21.016,NP,diseased,ecm_collagen_remodeling,COL3A1,15,24725,48267263
GSE230808,GSM7235345,SP21.016,NP,diseased,ecm_collagen_remodeling,COL5A1,15,3397,48267263
GSE230808,GSM7235345,SP21.016,NP,diseased,ecm_collagen_remodeling,COL5A2,15,11674,48267263
GSE230808,GSM7235345,SP21.016,NP,diseased,ecm_collagen_remodeling,COL6A1,15,40868,48267263
GSE230808,GSM7235345,SP21.016,NP,diseased,ecm_collagen_remodeling,COL6A2,15,30439,48267263
GSE230808,GSM7235345,SP21.016,NP,diseased,ecm_collagen_remodeling,COL6A3,15,20797,48267263
GSE230808,GSM7235345,SP21.016,NP,diseased,ecm_collagen_remodeling,DCN,15,221851,48267263
GSE230808,GSM7235345,SP21.016,NP,diseased,ecm_collagen_remodeling,FN1,15,129144,48267263
GSE230808,GSM7235345,SP21.016,NP,diseased,ecm_collagen_remodeling,LOX,15,29454,48267263
GSE230808,GSM7235345,SP21.016,NP,diseased,ecm_collagen_remodeling,LOXL2,15,7056,48267263
GSE230808,GSM7235345,SP21.016,NP,diseased,ecm_collagen_remodeling,LUM,15,156450,48267263
GSE230808,GSM7235345,SP21.016,NP,diseased,ecm_collagen_remodeling,MMP2,15,3377,48267263
GSE230808,GSM7235345,SP21.016,NP,diseased,ecm_collagen_remodeling,MMP3,15,2751,48267263
GSE230808,GSM7235345,SP21.016,NP,diseased,ecm_collagen_remodeling,MMP9,15,0,48267263
GSE230808,GSM7235345,SP21.016,NP,diseased,ecm_collagen_remodeling,MMP13,15,7,48267263
GSE230808,GSM7235345,SP21.016,NP,diseased,ecm_collagen_remodeling,POSTN,15,11081,48267263
GSE230808,GSM7235345,SP21.016,NP,diseased,ecm_collagen_remodeling,SPARC,15,46668,48267263
GSE230808,GSM7235345,SP21.016,NP,diseased,ecm_collagen_remodeling,TIMP1,15,97271,48267263
GSE230808,GSM7235345,SP21.016,NP,diseased,ecm_collagen_remodeling,TIMP2,15,24678,48267263
GSE230808,GSM7235345,SP21.016,NP,diseased,ecm_collagen_remodeling,TNC,15,1679,48267263
GSE230808,GSM7235345,SP21.016,NP,diseased,inflammatory_nfkb,CCL2,15,3060,48267263
GSE230808,GSM7235345,SP21.016,NP,diseased,inflammatory_nfkb,CCL5,15,35,48267263
GSE230808,GSM7235345,SP21.016,NP,diseased,inflammatory_nfkb,CXCL8,15,39,48267263
GSE230808,GSM7235345,SP21.016,NP,diseased,inflammatory_nfkb,FOS,15,2081,48267263
GSE230808,GSM7235345,SP21.016,NP,diseased,inflammatory_nfkb,IKBKB,15,361,48267263
GSE230808,GSM7235345,SP21.016,NP,diseased,inflammatory_nfkb,IKBKG,15,637,48267263
GSE230808,GSM7235345,SP21.016,NP,diseased,inflammatory_nfkb,IL1B,15,3,48267263
GSE230808,GSM7235345,SP21.016,NP,diseased,inflammatory_nfkb,IL6,15,29,48267263
GSE230808,GSM7235345,SP21.016,NP,diseased,inflammatory_nfkb,JUN,15,8516,48267263
GSE230808,GSM7235345,SP21.016,NP,diseased,inflammatory_nfkb,NFKB1,15,825,48267263
GSE230808,GSM7235345,SP21.016,NP,diseased,inflammatory_nfkb,NFKB2,15,197,48267263
GSE230808,GSM7235345,SP21.016,NP,diseased,inflammatory_nfkb,NFKBIA,15,2264,48267263
GSE230808,GSM7235345,SP21.016,NP,diseased,inflammatory_nfkb,NLRP3,15,1,48267263
GSE230808,GSM7235345,SP21.016,NP,diseased,inflammatory_nfkb,RELA,15,1266,48267263
GSE230808,GSM7235345,SP21.016,NP,diseased,inflammatory_nfkb,RELB,15,252,48267263
GSE230808,GSM7235345,SP21.016,NP,diseased,inflammatory_nfkb,STAT3,15,2335,48267263
GSE230808,GSM7235345,SP21.016,NP,diseased,inflammatory_nfkb,TICAM1,15,340,48267263
GSE230808,GSM7235345,SP21.016,NP,diseased,inflammatory_nfkb,TLR2,15,36,48267263
GSE230808,GSM7235345,SP21.016,NP,diseased,inflammatory_nfkb,TLR4,15,660,48267263
GSE230808,GSM7235345,SP21.016,NP,diseased,inflammatory_nfkb,TNF,15,0,48267263
GSE230808,GSM7235345,SP21.016,NP,diseased,inflammatory_nfkb,TNFRSF1A,15,5695,48267263
GSE230808,GSM7235345,SP21.016,NP,diseased,hypoxia_oxidative_stress,BNIP3,15,30758,48267263
GSE230808,GSM7235345,SP21.016,NP,diseased,hypoxia_oxidative_stress,CA9,15,1085,48267263
GSE230808,GSM7235345,SP21.016,NP,diseased,hypoxia_oxidative_stress,EGLN1,15,2061,48267263
GSE230808,GSM7235345,SP21.016,NP,diseased,hypoxia_oxidative_stress,EPAS1,15,4117,48267263
GSE230808,GSM7235345,SP21.016,NP,diseased,hypoxia_oxidative_stress,GCLM,15,3200,48267263
GSE230808,GSM7235345,SP21.016,NP,diseased,hypoxia_oxidative_stress,GPX1,0,0,48267263
GSE230808,GSM7235345,SP21.016,NP,diseased,hypoxia_oxidative_stress,HIF1A,15,11155,48267263
GSE230808,GSM7235345,SP21.016,NP,diseased,hypoxia_oxidative_stress,HMOX1,15,28836,48267263
GSE230808,GSM7235345,SP21.016,NP,diseased,hypoxia_oxidative_stress,LDHA,15,68614,48267263
GSE230808,GSM7235345,SP21.016,NP,diseased,hypoxia_oxidative_stress,NFE2L2,15,5957,48267263
GSE230808,GSM7235345,SP21.016,NP,diseased,hypoxia_oxidative_stress,NQO1,15,7822,48267263
GSE230808,GSM7235345,SP21.016,NP,diseased,hypoxia_oxidative_stress,PDK1,15,981,48267263
GSE230808,GSM7235345,SP21.016,NP,diseased,hypoxia_oxidative_stress,PRDX1,15,42405,48267263
GSE230808,GSM7235345,SP21.016,NP,diseased,hypoxia_oxidative_stress,SLC2A1,15,4360,48267263
GSE230808,GSM7235345,SP21.016,NP,diseased,hypoxia_oxidative_stress,SOD1,15,30142,48267263
GSE230808,GSM7235345,SP21.016,NP,diseased,hypoxia_oxidative_stress,SOD2,15,14383,48267263
GSE230808,GSM7235345,SP21.016,NP,diseased,hypoxia_oxidative_stress,TXN,15,62887,48267263
GSE230808,GSM7235345,SP21.016,NP,diseased,hypoxia_oxidative_stress,VEGFA,15,1951,48267263
GSE230808,GSM7235345,SP21.016,NP,diseased,disc_matrix_homeostasis,ACAN,15,10793,48267263
GSE230808,GSM7235345,SP21.016,NP,diseased,disc_matrix_homeostasis,B3GAT1,15,0,48267263
GSE230808,GSM7235345,SP21.016,NP,diseased,disc_matrix_homeostasis,BGN,15,4163,48267263
GSE230808,GSM7235345,SP21.016,NP,diseased,disc_matrix_homeostasis,CILP,15,149,48267263
GSE230808,GSM7235345,SP21.016,NP,diseased,disc_matrix_homeostasis,COL2A1,15,84,48267263
GSE230808,GSM7235345,SP21.016,NP,diseased,disc_matrix_homeostasis,COL9A1,15,0,48267263
GSE230808,GSM7235345,SP21.016,NP,diseased,disc_matrix_homeostasis,COL9A2,15,103,48267263
GSE230808,GSM7235345,SP21.016,NP,diseased,disc_matrix_homeostasis,COL9A3,15,75,48267263
GSE230808,GSM7235345,SP21.016,NP,diseased,disc_matrix_homeostasis,COMP,15,552,48267263
GSE230808,GSM7235345,SP21.016,NP,diseased,disc_matrix_homeostasis,FMOD,15,2720,48267263
GSE230808,GSM7235345,SP21.016,NP,diseased,disc_matrix_homeostasis,HAPLN1,15,3420,48267263
GSE230808,GSM7235345,SP21.016,NP,diseased,disc_matrix_homeostasis,HAS2,15,697,48267263
GSE230808,GSM7235345,SP21.016,NP,diseased,disc_matrix_homeostasis,KRT19,15,672,48267263
GSE230808,GSM7235345,SP21.016,NP,diseased,disc_matrix_homeostasis,MATN3,15,108,48267263
GSE230808,GSM7235345,SP21.016,NP,diseased,disc_matrix_homeostasis,SOX9,15,1773,48267263
GSE230808,GSM7235346,SP21.017,NP,diseased,ecm_collagen_remodeling,ADAMTS4,16,3,45483145
GSE230808,GSM7235346,SP21.017,NP,diseased,ecm_collagen_remodeling,ADAMTS5,16,2536,45483145
GSE230808,GSM7235346,SP21.017,NP,diseased,ecm_collagen_remodeling,COL1A1,16,23240,45483145
GSE230808,GSM7235346,SP21.017,NP,diseased,ecm_collagen_remodeling,COL1A2,16,63101,45483145
GSE230808,GSM7235346,SP21.017,NP,diseased,ecm_collagen_remodeling,COL3A1,16,24121,45483145
GSE230808,GSM7235346,SP21.017,NP,diseased,ecm_collagen_remodeling,COL5A1,16,3199,45483145
GSE230808,GSM7235346,SP21.017,NP,diseased,ecm_collagen_remodeling,COL5A2,16,10927,45483145
GSE230808,GSM7235346,SP21.017,NP,diseased,ecm_collagen_remodeling,COL6A1,16,37352,45483145
GSE230808,GSM7235346,SP21.017,NP,diseased,ecm_collagen_remodeling,COL6A2,16,31281,45483145
GSE230808,GSM7235346,SP21.017,NP,diseased,ecm_collagen_remodeling,COL6A3,16,18698,45483145
GSE230808,GSM7235346,SP21.017,NP,diseased,ecm_collagen_remodeling,DCN,16,184902,45483145
GSE230808,GSM7235346,SP21.017,NP,diseased,ecm_collagen_remodeling,FN1,16,120985,45483145
GSE230808,GSM7235346,SP21.017,NP,diseased,ecm_collagen_remodeling,LOX,16,24104,45483145
GSE230808,GSM7235346,SP21.017,NP,diseased,ecm_collagen_remodeling,LOXL2,16,5653,45483145
GSE230808,GSM7235346,SP21.017,NP,diseased,ecm_collagen_remodeling,LUM,16,156558,45483145
GSE230808,GSM7235346,SP21.017,NP,diseased,ecm_collagen_remodeling,MMP2,16,3525,45483145
GSE230808,GSM7235346,SP21.017,NP,diseased,ecm_collagen_remodeling,MMP3,16,2188,45483145
GSE230808,GSM7235346,SP21.017,NP,diseased,ecm_collagen_remodeling,MMP9,16,1,45483145
GSE230808,GSM7235346,SP21.017,NP,diseased,ecm_collagen_remodeling,MMP13,16,6,45483145
GSE230808,GSM7235346,SP21.017,NP,diseased,ecm_collagen_remodeling,POSTN,16,15383,45483145
GSE230808,GSM7235346,SP21.017,NP,diseased,ecm_collagen_remodeling,SPARC,16,39599,45483145
GSE230808,GSM7235346,SP21.017,NP,diseased,ecm_collagen_remodeling,TIMP1,16,99953,45483145
GSE230808,GSM7235346,SP21.017,NP,diseased,ecm_collagen_remodeling,TIMP2,16,22688,45483145
GSE230808,GSM7235346,SP21.017,NP,diseased,ecm_collagen_remodeling,TNC,16,1159,45483145
GSE230808,GSM7235346,SP21.017,NP,diseased,inflammatory_nfkb,CCL2,16,3088,45483145
GSE230808,GSM7235346,SP21.017,NP,diseased,inflammatory_nfkb,CCL5,16,11,45483145
GSE230808,GSM7235346,SP21.017,NP,diseased,inflammatory_nfkb,CXCL8,16,46,45483145
GSE230808,GSM7235346,SP21.017,NP,diseased,inflammatory_nfkb,FOS,16,923,45483145
GSE230808,GSM7235346,SP21.017,NP,diseased,inflammatory_nfkb,IKBKB,16,327,45483145
GSE230808,GSM7235346,SP21.017,NP,diseased,inflammatory_nfkb,IKBKG,16,558,45483145
GSE230808,GSM7235346,SP21.017,NP,diseased,inflammatory_nfkb,IL1B,16,4,45483145
GSE230808,GSM7235346,SP21.017,NP,diseased,inflammatory_nfkb,IL6,16,18,45483145
GSE230808,GSM7235346,SP21.017,NP,diseased,inflammatory_nfkb,JUN,16,7313,45483145
GSE230808,GSM7235346,SP21.017,NP,diseased,inflammatory_nfkb,NFKB1,16,717,45483145
GSE230808,GSM7235346,SP21.017,NP,diseased,inflammatory_nfkb,NFKB2,16,172,45483145
GSE230808,GSM7235346,SP21.017,NP,diseased,inflammatory_nfkb,NFKBIA,16,1936,45483145
GSE230808,GSM7235346,SP21.017,NP,diseased,inflammatory_nfkb,NLRP3,16,1,45483145
GSE230808,GSM7235346,SP21.017,NP,diseased,inflammatory_nfkb,RELA,16,1041,45483145
GSE230808,GSM7235346,SP21.017,NP,diseased,inflammatory_nfkb,RELB,16,222,45483145
GSE230808,GSM7235346,SP21.017,NP,diseased,inflammatory_nfkb,STAT3,16,2247,45483145
GSE230808,GSM7235346,SP21.017,NP,diseased,inflammatory_nfkb,TICAM1,16,290,45483145
GSE230808,GSM7235346,SP21.017,NP,diseased,inflammatory_nfkb,TLR2,16,19,45483145
GSE230808,GSM7235346,SP21.017,NP,diseased,inflammatory_nfkb,TLR4,16,563,45483145
GSE230808,GSM7235346,SP21.017,NP,diseased,inflammatory_nfkb,TNF,16,1,45483145
GSE230808,GSM7235346,SP21.017,NP,diseased,inflammatory_nfkb,TNFRSF1A,16,5088,45483145
GSE230808,GSM7235346,SP21.017,NP,diseased,hypoxia_oxidative_stress,BNIP3,16,28344,45483145
GSE230808,GSM7235346,SP21.017,NP,diseased,hypoxia_oxidative_stress,CA9,16,914,45483145
GSE230808,GSM7235346,SP21.017,NP,diseased,hypoxia_oxidative_stress,EGLN1,16,2067,45483145
GSE230808,GSM7235346,SP21.017,NP,diseased,hypoxia_oxidative_stress,EPAS1,16,4001,45483145
GSE230808,GSM7235346,SP21.017,NP,diseased,hypoxia_oxidative_stress,GCLM,16,2960,45483145
GSE230808,GSM7235346,SP21.017,NP,diseased,hypoxia_oxidative_stress,GPX1,0,0,45483145
GSE230808,GSM7235346,SP21.017,NP,diseased,hypoxia_oxidative_stress,HIF1A,16,13477,45483145
GSE230808,GSM7235346,SP21.017,NP,diseased,hypoxia_oxidative_stress,HMOX1,16,32157,45483145
GSE230808,GSM7235346,SP21.017,NP,diseased,hypoxia_oxidative_stress,LDHA,16,64877,45483145
GSE230808,GSM7235346,SP21.017,NP,diseased,hypoxia_oxidative_stress,NFE2L2,16,5779,45483145
GSE230808,GSM7235346,SP21.017,NP,diseased,hypoxia_oxidative_stress,NQO1,16,7182,45483145
GSE230808,GSM7235346,SP21.017,NP,diseased,hypoxia_oxidative_stress,PDK1,16,925,45483145
GSE230808,GSM7235346,SP21.017,NP,diseased,hypoxia_oxidative_stress,PRDX1,16,43230,45483145
GSE230808,GSM7235346,SP21.017,NP,diseased,hypoxia_oxidative_stress,SLC2A1,16,3416,45483145
GSE230808,GSM7235346,SP21.017,NP,diseased,hypoxia_oxidative_stress,SOD1,16,29520,45483145
GSE230808,GSM7235346,SP21.017,NP,diseased,hypoxia_oxidative_stress,SOD2,16,12173,45483145
GSE230808,GSM7235346,SP21.017,NP,diseased,hypoxia_oxidative_stress,TXN,16,51962,45483145
GSE230808,GSM7235346,SP21.017,NP,diseased,hypoxia_oxidative_stress,VEGFA,16,1566,45483145
GSE230808,GSM7235346,SP21.017,NP,diseased,disc_matrix_homeostasis,ACAN,16,8151,45483145
GSE230808,GSM7235346,SP21.017,NP,diseased,disc_matrix_homeostasis,B3GAT1,16,0,45483145
GSE230808,GSM7235346,SP21.017,NP,diseased,disc_matrix_homeostasis,BGN,16,4010,45483145
GSE230808,GSM7235346,SP21.017,NP,diseased,disc_matrix_homeostasis,CILP,16,169,45483145
GSE230808,GSM7235346,SP21.017,NP,diseased,disc_matrix_homeostasis,COL2A1,16,177,45483145
GSE230808,GSM7235346,SP21.017,NP,diseased,disc_matrix_homeostasis,COL9A1,16,3,45483145
GSE230808,GSM7235346,SP21.017,NP,diseased,disc_matrix_homeostasis,COL9A2,16,78,45483145
GSE230808,GSM7235346,SP21.017,NP,diseased,disc_matrix_homeostasis,COL9A3,16,34,45483145
GSE230808,GSM7235346,SP21.017,NP,diseased,disc_matrix_homeostasis,COMP,16,645,45483145
GSE230808,GSM7235346,SP21.017,NP,diseased,disc_matrix_homeostasis,FMOD,16,2674,45483145
GSE230808,GSM7235346,SP21.017,NP,diseased,disc_matrix_homeostasis,HAPLN1,16,3552,45483145
GSE230808,GSM7235346,SP21.017,NP,diseased,disc_matrix_homeostasis,HAS2,16,398,45483145
GSE230808,GSM7235346,SP21.017,NP,diseased,disc_matrix_homeostasis,KRT19,16,1151,45483145
GSE230808,GSM7235346,SP21.017,NP,diseased,disc_matrix_homeostasis,MATN3,16,89,45483145
GSE230808,GSM7235346,SP21.017,NP,diseased,disc_matrix_homeostasis,SOX9,16,1377,45483145
GSE230808,GSM7235347,SP22.002,NP,diseased,ecm_collagen_remodeling,ADAMTS4,17,2,42390781
GSE230808,GSM7235347,SP22.002,NP,diseased,ecm_collagen_remodeling,ADAMTS5,17,2612,42390781
GSE230808,GSM7235347,SP22.002,NP,diseased,ecm_collagen_remodeling,COL1A1,17,14277,42390781
GSE230808,GSM7235347,SP22.002,NP,diseased,ecm_collagen_remodeling,COL1A2,17,46577,42390781
GSE230808,GSM7235347,SP22.002,NP,diseased,ecm_collagen_remodeling,COL3A1,17,15899,42390781
GSE230808,GSM7235347,SP22.002,NP,diseased,ecm_collagen_remodeling,COL5A1,17,1294,42390781
GSE230808,GSM7235347,SP22.002,NP,diseased,ecm_collagen_remodeling,COL5A2,17,4345,42390781
GSE230808,GSM7235347,SP22.002,NP,diseased,ecm_collagen_remodeling,COL6A1,17,33079,42390781
GSE230808,GSM7235347,SP22.002,NP,diseased,ecm_collagen_remodeling,COL6A2,17,34829,42390781
GSE230808,GSM7235347,SP22.002,NP,diseased,ecm_collagen_remodeling,COL6A3,17,19091,42390781
GSE230808,GSM7235347,SP22.002,NP,diseased,ecm_collagen_remodeling,DCN,17,116219,42390781
GSE230808,GSM7235347,SP22.002,NP,diseased,ecm_collagen_remodeling,FN1,17,117400,42390781
GSE230808,GSM7235347,SP22.002,NP,diseased,ecm_collagen_remodeling,LOX,17,14900,42390781
GSE230808,GSM7235347,SP22.002,NP,diseased,ecm_collagen_remodeling,LOXL2,17,1614,42390781
GSE230808,GSM7235347,SP22.002,NP,diseased,ecm_collagen_remodeling,LUM,17,82987,42390781
GSE230808,GSM7235347,SP22.002,NP,diseased,ecm_collagen_remodeling,MMP2,17,25489,42390781
GSE230808,GSM7235347,SP22.002,NP,diseased,ecm_collagen_remodeling,MMP3,17,52,42390781
GSE230808,GSM7235347,SP22.002,NP,diseased,ecm_collagen_remodeling,MMP9,17,1,42390781
GSE230808,GSM7235347,SP22.002,NP,diseased,ecm_collagen_remodeling,MMP13,17,0,42390781
GSE230808,GSM7235347,SP22.002,NP,diseased,ecm_collagen_remodeling,POSTN,17,1992,42390781
GSE230808,GSM7235347,SP22.002,NP,diseased,ecm_collagen_remodeling,SPARC,17,18563,42390781
GSE230808,GSM7235347,SP22.002,NP,diseased,ecm_collagen_remodeling,TIMP1,17,137930,42390781
GSE230808,GSM7235347,SP22.002,NP,diseased,ecm_collagen_remodeling,TIMP2,17,27299,42390781
GSE230808,GSM7235347,SP22.002,NP,diseased,ecm_collagen_remodeling,TNC,17,514,42390781
GSE230808,GSM7235347,SP22.002,NP,diseased,inflammatory_nfkb,CCL2,17,7650,42390781
GSE230808,GSM7235347,SP22.002,NP,diseased,inflammatory_nfkb,CCL5,17,6,42390781
GSE230808,GSM7235347,SP22.002,NP,diseased,inflammatory_nfkb,CXCL8,17,26,42390781
GSE230808,GSM7235347,SP22.002,NP,diseased,inflammatory_nfkb,FOS,17,7688,42390781
GSE230808,GSM7235347,SP22.002,NP,diseased,inflammatory_nfkb,IKBKB,17,379,42390781
GSE230808,GSM7235347,SP22.002,NP,diseased,inflammatory_nfkb,IKBKG,17,420,42390781
GSE230808,GSM7235347,SP22.002,NP,diseased,inflammatory_nfkb,IL1B,17,3,42390781
GSE230808,GSM7235347,SP22.002,NP,diseased,inflammatory_nfkb,IL6,17,130,42390781
GSE230808,GSM7235347,SP22.002,NP,diseased,inflammatory_nfkb,JUN,17,9515,42390781
GSE230808,GSM7235347,SP22.002,NP,diseased,inflammatory_nfkb,NFKB1,17,700,42390781
GSE230808,GSM7235347,SP22.002,NP,diseased,inflammatory_nfkb,NFKB2,17,232,42390781
GSE230808,GSM7235347,SP22.002,NP,diseased,inflammatory_nfkb,NFKBIA,17,1436,42390781
GSE230808,GSM7235347,SP22.002,NP,diseased,inflammatory_nfkb,NLRP3,17,3,42390781
GSE230808,GSM7235347,SP22.002,NP,diseased,inflammatory_nfkb,RELA,17,1028,42390781
GSE230808,GSM7235347,SP22.002,NP,diseased,inflammatory_nfkb,RELB,17,305,42390781
GSE230808,GSM7235347,SP22.002,NP,diseased,inflammatory_nfkb,STAT3,17,2678,42390781
GSE230808,GSM7235347,SP22.002,NP,diseased,inflammatory_nfkb,TICAM1,17,215,42390781
GSE230808,GSM7235347,SP22.002,NP,diseased,inflammatory_nfkb,TLR2,17,32,42390781
GSE230808,GSM7235347,SP22.002,NP,diseased,inflammatory_nfkb,TLR4,17,398,42390781
GSE230808,GSM7235347,SP22.002,NP,diseased,inflammatory_nfkb,TNF,17,0,42390781
GSE230808,GSM7235347,SP22.002,NP,diseased,inflammatory_nfkb,TNFRSF1A,17,4796,42390781
GSE230808,GSM7235347,SP22.002,NP,diseased,hypoxia_oxidative_stress,BNIP3,17,19117,42390781
GSE230808,GSM7235347,SP22.002,NP,diseased,hypoxia_oxidative_stress,CA9,17,723,42390781
GSE230808,GSM7235347,SP22.002,NP,diseased,hypoxia_oxidative_stress,EGLN1,17,1365,42390781
GSE230808,GSM7235347,SP22.002,NP,diseased,hypoxia_oxidative_stress,EPAS1,17,4916,42390781
GSE230808,GSM7235347,SP22.002,NP,diseased,hypoxia_oxidative_stress,GCLM,17,2968,42390781
GSE230808,GSM7235347,SP22.002,NP,diseased,hypoxia_oxidative_stress,GPX1,0,0,42390781
GSE230808,GSM7235347,SP22.002,NP,diseased,hypoxia_oxidative_stress,HIF1A,17,9284,42390781
GSE230808,GSM7235347,SP22.002,NP,diseased,hypoxia_oxidative_stress,HMOX1,17,10118,42390781
GSE230808,GSM7235347,SP22.002,NP,diseased,hypoxia_oxidative_stress,LDHA,17,47708,42390781
GSE230808,GSM7235347,SP22.002,NP,diseased,hypoxia_oxidative_stress,NFE2L2,17,5820,42390781
GSE230808,GSM7235347,SP22.002,NP,diseased,hypoxia_oxidative_stress,NQO1,17,2782,42390781
GSE230808,GSM7235347,SP22.002,NP,diseased,hypoxia_oxidative_stress,PDK1,17,767,42390781
GSE230808,GSM7235347,SP22.002,NP,diseased,hypoxia_oxidative_stress,PRDX1,17,26067,42390781
GSE230808,GSM7235347,SP22.002,NP,diseased,hypoxia_oxidative_stress,SLC2A1,17,1944,42390781
GSE230808,GSM7235347,SP22.002,NP,diseased,hypoxia_oxidative_stress,SOD1,17,23066,42390781
GSE230808,GSM7235347,SP22.002,NP,diseased,hypoxia_oxidative_stress,SOD2,17,28492,42390781
GSE230808,GSM7235347,SP22.002,NP,diseased,hypoxia_oxidative_stress,TXN,17,35105,42390781
GSE230808,GSM7235347,SP22.002,NP,diseased,hypoxia_oxidative_stress,VEGFA,17,2448,42390781
GSE230808,GSM7235347,SP22.002,NP,diseased,disc_matrix_homeostasis,ACAN,17,1959,42390781
GSE230808,GSM7235347,SP22.002,NP,diseased,disc_matrix_homeostasis,B3GAT1,17,0,42390781
GSE230808,GSM7235347,SP22.002,NP,diseased,disc_matrix_homeostasis,BGN,17,2900,42390781
GSE230808,GSM7235347,SP22.002,NP,diseased,disc_matrix_homeostasis,CILP,17,268,42390781
GSE230808,GSM7235347,SP22.002,NP,diseased,disc_matrix_homeostasis,COL2A1,17,0,42390781
GSE230808,GSM7235347,SP22.002,NP,diseased,disc_matrix_homeostasis,COL9A1,17,0,42390781
GSE230808,GSM7235347,SP22.002,NP,diseased,disc_matrix_homeostasis,COL9A2,17,13,42390781
GSE230808,GSM7235347,SP22.002,NP,diseased,disc_matrix_homeostasis,COL9A3,17,1,42390781
GSE230808,GSM7235347,SP22.002,NP,diseased,disc_matrix_homeostasis,COMP,17,14,42390781
GSE230808,GSM7235347,SP22.002,NP,diseased,disc_matrix_homeostasis,FMOD,17,968,42390781
GSE230808,GSM7235347,SP22.002,NP,diseased,disc_matrix_homeostasis,HAPLN1,17,781,42390781
GSE230808,GSM7235347,SP22.002,NP,diseased,disc_matrix_homeostasis,HAS2,17,1344,42390781
GSE230808,GSM7235347,SP22.002,NP,diseased,disc_matrix_homeostasis,KRT19,17,261,42390781
GSE230808,GSM7235347,SP22.002,NP,diseased,disc_matrix_homeostasis,MATN3,17,40,42390781
GSE230808,GSM7235347,SP22.002,NP,diseased,disc_matrix_homeostasis,SOX9,17,708,42390781
GSE230808,GSM7235348,SP22.003,NP,diseased,ecm_collagen_remodeling,ADAMTS4,18,11,68843786
GSE230808,GSM7235348,SP22.003,NP,diseased,ecm_collagen_remodeling,ADAMTS5,18,4641,68843786
GSE230808,GSM7235348,SP22.003,NP,diseased,ecm_collagen_remodeling,COL1A1,18,20504,68843786
GSE230808,GSM7235348,SP22.003,NP,diseased,ecm_collagen_remodeling,COL1A2,18,62949,68843786
GSE230808,GSM7235348,SP22.003,NP,diseased,ecm_collagen_remodeling,COL3A1,18,23476,68843786
GSE230808,GSM7235348,SP22.003,NP,diseased,ecm_collagen_remodeling,COL5A1,18,1924,68843786
GSE230808,GSM7235348,SP22.003,NP,diseased,ecm_collagen_remodeling,COL5A2,18,6587,68843786
GSE230808,GSM7235348,SP22.003,NP,diseased,ecm_collagen_remodeling,COL6A1,18,46798,68843786
GSE230808,GSM7235348,SP22.003,NP,diseased,ecm_collagen_remodeling,COL6A2,18,44456,68843786
GSE230808,GSM7235348,SP22.003,NP,diseased,ecm_collagen_remodeling,COL6A3,18,22069,68843786
GSE230808,GSM7235348,SP22.003,NP,diseased,ecm_collagen_remodeling,DCN,18,184109,68843786
GSE230808,GSM7235348,SP22.003,NP,diseased,ecm_collagen_remodeling,FN1,18,158625,68843786
GSE230808,GSM7235348,SP22.003,NP,diseased,ecm_collagen_remodeling,LOX,18,26687,68843786
GSE230808,GSM7235348,SP22.003,NP,diseased,ecm_collagen_remodeling,LOXL2,18,2751,68843786
GSE230808,GSM7235348,SP22.003,NP,diseased,ecm_collagen_remodeling,LUM,18,118049,68843786
GSE230808,GSM7235348,SP22.003,NP,diseased,ecm_collagen_remodeling,MMP2,18,30116,68843786
GSE230808,GSM7235348,SP22.003,NP,diseased,ecm_collagen_remodeling,MMP3,18,121,68843786
GSE230808,GSM7235348,SP22.003,NP,diseased,ecm_collagen_remodeling,MMP9,18,1,68843786
GSE230808,GSM7235348,SP22.003,NP,diseased,ecm_collagen_remodeling,MMP13,18,52,68843786
GSE230808,GSM7235348,SP22.003,NP,diseased,ecm_collagen_remodeling,POSTN,18,4191,68843786
GSE230808,GSM7235348,SP22.003,NP,diseased,ecm_collagen_remodeling,SPARC,18,32382,68843786
GSE230808,GSM7235348,SP22.003,NP,diseased,ecm_collagen_remodeling,TIMP1,18,215411,68843786
GSE230808,GSM7235348,SP22.003,NP,diseased,ecm_collagen_remodeling,TIMP2,18,40232,68843786
GSE230808,GSM7235348,SP22.003,NP,diseased,ecm_collagen_remodeling,TNC,18,566,68843786
GSE230808,GSM7235348,SP22.003,NP,diseased,inflammatory_nfkb,CCL2,18,12039,68843786
GSE230808,GSM7235348,SP22.003,NP,diseased,inflammatory_nfkb,CCL5,18,7,68843786
GSE230808,GSM7235348,SP22.003,NP,diseased,inflammatory_nfkb,CXCL8,18,66,68843786
GSE230808,GSM7235348,SP22.003,NP,diseased,inflammatory_nfkb,FOS,18,10926,68843786
GSE230808,GSM7235348,SP22.003,NP,diseased,inflammatory_nfkb,IKBKB,18,531,68843786
GSE230808,GSM7235348,SP22.003,NP,diseased,inflammatory_nfkb,IKBKG,18,723,68843786
GSE230808,GSM7235348,SP22.003,NP,diseased,inflammatory_nfkb,IL1B,18,4,68843786
GSE230808,GSM7235348,SP22.003,NP,diseased,inflammatory_nfkb,IL6,18,184,68843786
GSE230808,GSM7235348,SP22.003,NP,diseased,inflammatory_nfkb,JUN,18,15800,68843786
GSE230808,GSM7235348,SP22.003,NP,diseased,inflammatory_nfkb,NFKB1,18,1089,68843786
GSE230808,GSM7235348,SP22.003,NP,diseased,inflammatory_nfkb,NFKB2,18,405,68843786
GSE230808,GSM7235348,SP22.003,NP,diseased,inflammatory_nfkb,NFKBIA,18,2075,68843786
GSE230808,GSM7235348,SP22.003,NP,diseased,inflammatory_nfkb,NLRP3,18,3,68843786
GSE230808,GSM7235348,SP22.003,NP,diseased,inflammatory_nfkb,RELA,18,1803,68843786
GSE230808,GSM7235348,SP22.003,NP,diseased,inflammatory_nfkb,RELB,18,460,68843786
GSE230808,GSM7235348,SP22.003,NP,diseased,inflammatory_nfkb,STAT3,18,4983,68843786
GSE230808,GSM7235348,SP22.003,NP,diseased,inflammatory_nfkb,TICAM1,18,333,68843786
GSE230808,GSM7235348,SP22.003,NP,diseased,inflammatory_nfkb,TLR2,18,35,68843786
GSE230808,GSM7235348,SP22.003,NP,diseased,inflammatory_nfkb,TLR4,18,469,68843786
GSE230808,GSM7235348,SP22.003,NP,diseased,inflammatory_nfkb,TNF,18,1,68843786
GSE230808,GSM7235348,SP22.003,NP,diseased,inflammatory_nfkb,TNFRSF1A,18,7126,68843786
GSE230808,GSM7235348,SP22.003,NP,diseased,hypoxia_oxidative_stress,BNIP3,18,30965,68843786
GSE230808,GSM7235348,SP22.003,NP,diseased,hypoxia_oxidative_stress,CA9,18,1220,68843786
GSE230808,GSM7235348,SP22.003,NP,diseased,hypoxia_oxidative_stress,EGLN1,18,2482,68843786
GSE230808,GSM7235348,SP22.003,NP,diseased,hypoxia_oxidative_stress,EPAS1,18,7942,68843786
GSE230808,GSM7235348,SP22.003,NP,diseased,hypoxia_oxidative_stress,GCLM,18,4625,68843786
GSE230808,GSM7235348,SP22.003,NP,diseased,hypoxia_oxidative_stress,GPX1,0,0,68843786
GSE230808,GSM7235348,SP22.003,NP,diseased,hypoxia_oxidative_stress,HIF1A,18,14569,68843786
GSE230808,GSM7235348,SP22.003,NP,diseased,hypoxia_oxidative_stress,HMOX1,18,15797,68843786
GSE230808,GSM7235348,SP22.003,NP,diseased,hypoxia_oxidative_stress,LDHA,18,82433,68843786
GSE230808,GSM7235348,SP22.003,NP,diseased,hypoxia_oxidative_stress,NFE2L2,18,7233,68843786
GSE230808,GSM7235348,SP22.003,NP,diseased,hypoxia_oxidative_stress,NQO1,18,5597,68843786
GSE230808,GSM7235348,SP22.003,NP,diseased,hypoxia_oxidative_stress,PDK1,18,1146,68843786
GSE230808,GSM7235348,SP22.003,NP,diseased,hypoxia_oxidative_stress,PRDX1,18,42445,68843786
GSE230808,GSM7235348,SP22.003,NP,diseased,hypoxia_oxidative_stress,SLC2A1,18,3284,68843786
GSE230808,GSM7235348,SP22.003,NP,diseased,hypoxia_oxidative_stress,SOD1,18,36843,68843786
GSE230808,GSM7235348,SP22.003,NP,diseased,hypoxia_oxidative_stress,SOD2,18,43406,68843786
GSE230808,GSM7235348,SP22.003,NP,diseased,hypoxia_oxidative_stress,TXN,18,49204,68843786
GSE230808,GSM7235348,SP22.003,NP,diseased,hypoxia_oxidative_stress,VEGFA,18,4087,68843786
GSE230808,GSM7235348,SP22.003,NP,diseased,disc_matrix_homeostasis,ACAN,18,2341,68843786
GSE230808,GSM7235348,SP22.003,NP,diseased,disc_matrix_homeostasis,B3GAT1,18,0,68843786
GSE230808,GSM7235348,SP22.003,NP,diseased,disc_matrix_homeostasis,BGN,18,3732,68843786
GSE230808,GSM7235348,SP22.003,NP,diseased,disc_matrix_homeostasis,CILP,18,388,68843786
GSE230808,GSM7235348,SP22.003,NP,diseased,disc_matrix_homeostasis,COL2A1,18,0,68843786
GSE230808,GSM7235348,SP22.003,NP,diseased,disc_matrix_homeostasis,COL9A1,18,0,68843786
GSE230808,GSM7235348,SP22.003,NP,diseased,disc_matrix_homeostasis,COL9A2,18,30,68843786
GSE230808,GSM7235348,SP22.003,NP,diseased,disc_matrix_homeostasis,COL9A3,18,0,68843786
GSE230808,GSM7235348,SP22.003,NP,diseased,disc_matrix_homeostasis,COMP,18,31,68843786
GSE230808,GSM7235348,SP22.003,NP,diseased,disc_matrix_homeostasis,FMOD,18,1528,68843786
GSE230808,GSM7235348,SP22.003,NP,diseased,disc_matrix_homeostasis,HAPLN1,18,1120,68843786
GSE230808,GSM7235348,SP22.003,NP,diseased,disc_matrix_homeostasis,HAS2,18,1783,68843786
GSE230808,GSM7235348,SP22.003,NP,diseased,disc_matrix_homeostasis,KRT19,18,303,68843786
GSE230808,GSM7235348,SP22.003,NP,diseased,disc_matrix_homeostasis,MATN3,18,76,68843786
GSE230808,GSM7235348,SP22.003,NP,diseased,disc_matrix_homeostasis,SOX9,18,1097,68843786
